{"sources":[{"source":"entity","prefix":"entity/","type":"directory"},{"pattern":{"namespace":"minecraft","path":"entity/fishing_hook"},"type":"filter"},{"type":"single","resource":"plny_luminite_set:animated/animated_6"},{"type":"single","resource":"modelengine:entity/darkblood_resources"},{"type":"single","resource":"plny_luminite_set:animated/animated_1"},{"type":"single","resource":"plny_luminite_set:animated/animated_2"},{"type":"single","resource":"plny_luminite_set:animated/animated_3"},{"type":"single","resource":"plny_luminite_set:animated/animated_4"},{"type":"single","resource":"plny_luminite_set:animated/animated_5"},{"type":"single","resource":"_iainternal:icons/icon_left_blue"},{"type":"single","resource":"plny_luminite_set:hoe"},{"type":"single","resource":"plny_luminite_set:chest"},{"type":"single","resource":"plny_luminite_set:staff"},{"type":"single","resource":"plny_luminite_set:crossbow"},{"type":"single","resource":"modelengine:entity/em_corruptedpuker"},{"type":"single","resource":"modelengine:entity/eyeshading_corlurker"},{"type":"single","resource":"modelengine:entity/cpblood_supershockwave"},{"type":"single","resource":"plny_luminite_set:armor/luminite_set_chestplate_icon"},{"type":"single","resource":"plny_luminite_set:bow"},{"type":"single","resource":"plny_luminite_set:axe"},{"type":"single","resource":"battlepass:battlepass/air"},{"type":"single","resource":"plny_luminite_set:armor/luminite_set_helmet_icon"},{"type":"single","resource":"plny_luminite_set:helmet"},{"type":"single","resource":"plny_luminite_set:sword"},{"type":"single","resource":"_iainternal:icons/icon_next_orange"},{"type":"single","resource":"plny_luminite_set:spear_trident"},{"type":"single","resource":"plny_luminite_set:pickaxe"},{"type":"single","resource":"modelengine:entity/dustplosion_resources"},{"type":"single","resource":"modelengine:entity/em_darklurker"},{"type":"single","resource":"plny_luminite_set:mace"},{"type":"single","resource":"modelengine:entity/rest_fire"},{"type":"single","resource":"plny_luminite_set:scythe"},{"type":"single","resource":"modelengine:entity/em_nothingness"},{"type":"single","resource":"plny_luminite_set:animated/wings_animated"},{"type":"single","resource":"plny_luminite_set:shield"},{"type":"single","resource":"plny_luminite_set:wings"},{"type":"single","resource":"battlepass:battlepass/unlocked"},{"type":"single","resource":"modelengine:entity/chest_brute"},{"type":"single","resource":"battlepass:battlepass/questbook"},{"type":"single","resource":"_iainternal:icons/icon_cancel"},{"type":"single","resource":"battlepass:battlepass/locked"},{"type":"single","resource":"battlepass:battlepass/reward_locked_green"},{"type":"single","resource":"battlepass:battlepass/reward_locked_gray"},{"type":"single","resource":"_iainternal:icons/icon_back_orange"},{"type":"single","resource":"_iainternal:icons/icon_arrow_chest"},{"type":"single","resource":"battlepass:battlepass/reward_unclaimed"},{"type":"single","resource":"plny_luminite_set:armor/luminite_set_leggings_icon"},{"type":"single","resource":"battlepass:battlepass/questbook_gray"},{"type":"single","resource":"plny_luminite_set:armor/luminite_set_boots_icon"},{"type":"single","resource":"modelengine:entity/corruptedblood_fx"},{"type":"single","resource":"_iainternal:icons/icon_search"},{"type":"single","resource":"_iainternal:icons/icon_right_blue"},{"type":"single","resource":"plny_luminite_set:fishing_rod"},{"type":"single","resource":"battlepass:battlepass/reward_claimed"},{"type":"single","resource":"plny_luminite_set:hammer"},{"type":"single","resource":"plny_luminite_set:key"},{"type":"single","resource":"modelengine:entity/em_corruptedbrute"},{"type":"single","resource":"plny_luminite_set:shovel"}]}