{"texture_size":[64,64],"textures":{"1":"adventurer_tools:item/adventurer_tools/adventurer_shovel","particle":"adventurer_tools:item/adventurer_tools/adventurer_shovel"},"elements":[{"from":[5.51553,15.55025,7.48],"to":[10.46528,20.5,8.52],"rotation":{"angle":45,"axis":"z","origin":[8.01553,18,8]},"faces":{"north":{"uv":[13.5,4.75,12.25,6],"texture":"#1"},"east":{"uv":[13.25,4.75,13.5,6],"texture":"#1"},"south":{"uv":[12.25,4.75,13.5,6],"texture":"#1"},"up":{"uv":[13.5,4.75,12.25,5],"texture":"#1"}}},{"from":[4.48,11,7.5],"to":[11.48,18,8.5],"rotation":{"angle":0,"axis":"y","origin":[7.5,10.75,11.5]},"faces":{"north":{"uv":[13.5,6,11.75,7.75],"texture":"#1"},"east":{"uv":[13.25,6,13.5,7.75],"texture":"#1"},"south":{"uv":[11.75,6,13.5,7.75],"texture":"#1"},"west":{"uv":[11.75,6,12,7.75],"texture":"#1"},"down":{"uv":[11.75,7.5,13.5,7.75],"texture":"#1"}}},{"from":[6.48,10.98,6.98],"to":[9.52,15.02,9.02],"rotation":{"angle":0,"axis":"y","origin":[7.5,10.75,4]},"faces":{"north":{"uv":[13,6.75,12.25,7.75],"texture":"#1"},"east":{"uv":[12.75,6.75,13,7.75],"texture":"#1"},"south":{"uv":[12.25,6.75,13,7.75],"texture":"#1"},"west":{"uv":[12.25,6.75,12.5,7.75],"texture":"#1"},"up":{"uv":[12.25,6.75,13,7],"texture":"#1"},"down":{"uv":[12.25,7.5,13,7.75],"texture":"#1"}}},{"from":[7,-8,7],"to":[9,11,9],"rotation":{"angle":0,"axis":"y","origin":[0,21.8,0]},"faces":{"north":{"uv":[12.75,7.75,12.25,12.5],"texture":"#1"},"east":{"uv":[12.5,7.75,12.75,12.5],"texture":"#1"},"south":{"uv":[12.25,7.75,12.75,12.5],"texture":"#1"},"west":{"uv":[12.25,7.75,12.5,12.5],"texture":"#1"}}},{"from":[6.48,-10.02,6.98],"to":[9.52,-6.98,9.02],"rotation":{"angle":45,"axis":"z","origin":[8,-8.5,8]},"faces":{"north":{"uv":[12.75,12.5,12,13.25],"texture":"#1"},"east":{"uv":[12.75,12.5,12.5,13.25],"texture":"#1"},"south":{"uv":[12,12.5,12.75,13.25],"texture":"#1"},"west":{"uv":[12,12.5,12.25,13.25],"texture":"#1"},"up":{"uv":[12,12.5,12.75,12.75],"texture":"#1"},"down":{"uv":[12,13,12.75,13.25],"texture":"#1"}}}],"gui_light":"front","display":{"thirdperson_righthand":{"rotation":[-10,-90,0],"translation":[0,3,0.25],"scale":[0.6,0.6,0.6]},"thirdperson_lefthand":{"rotation":[-10,90,0],"translation":[0,3,0.25],"scale":[0.6,0.6,0.6]},"firstperson_righthand":{"rotation":[20,-90,0],"translation":[2,3.25,0],"scale":[0.6,0.6,0.6]},"firstperson_lefthand":{"rotation":[20,90,0],"translation":[2,3.25,0],"scale":[0.6,0.6,0.6]},"ground":{"rotation":[0,0,-45],"translation":[0,3,0],"scale":[0.35,0.35,0.35]},"gui":{"rotation":[0,0,-45],"translation":[1.2,1.25,0],"scale":[0.7,0.7,0.7]},"head":{"rotation":[0,0,45],"translation":[9.75,7.5,0.75],"scale":[0.6,0.6,0.6]},"fixed":{"rotation":[0,-180,-45],"translation":[-1,1,0.75],"scale":[0.575,0.575,0.575]}},"mcmodels":"995b2d9d906a2b551c8b7d56533c5233"}