{"texture_size":[64,64],"textures":{"1":"adventurer_tools:item/adventurer_tools/adventurer_crossbow","particle":"adventurer_tools:item/adventurer_tools/adventurer_crossbow"},"elements":[{"from":[5,8.25,7.5],"to":[26,11.25,8.5],"rotation":{"angle":0,"axis":"y","origin":[14.01,7.24,7.99]},"faces":{"north":{"uv":[8.5,9.5,3.25,10.25],"texture":"#1"},"east":{"uv":[8.25,9.5,8.5,10.25],"texture":"#1"},"south":{"uv":[3.25,9.5,8.5,10.25],"texture":"#1"},"west":{"uv":[3.25,9.5,3.5,10.25],"texture":"#1"},"up":{"uv":[3.25,9.5,8.5,9.75],"texture":"#1"},"down":{"uv":[3.25,10,8.5,10.25],"texture":"#1"}}},{"from":[1.994,7.248,7.496],"to":[2.998,12.252,8.5],"rotation":{"angle":0,"axis":"y","origin":[13.756,6.74,7.988]},"faces":{"north":{"uv":[2.75,9.25,2.5,10.5],"texture":"#1"},"east":{"uv":[2.5,9.25,2.75,10.5],"texture":"#1"},"south":{"uv":[2.5,9.25,2.75,10.5],"texture":"#1"},"west":{"uv":[2.5,9.25,2.75,10.5],"texture":"#1"},"up":{"uv":[2.5,9.25,2.75,9.5],"texture":"#1"},"down":{"uv":[2.5,10.25,2.75,10.5],"texture":"#1"}}},{"from":[2.998,11.25,7.498],"to":[6,12.252,8.5],"rotation":{"angle":0,"axis":"z","origin":[4.499,11.751,7.999]},"faces":{"north":{"uv":[3.5,9.25,2.75,9.5],"texture":"#1"},"east":{"uv":[3.25,9.25,3.5,9.5],"texture":"#1"},"south":{"uv":[2.75,9.25,3.5,9.5],"texture":"#1"},"up":{"uv":[2.75,9.25,3.5,9.5],"texture":"#1"},"down":{"uv":[2.75,9.25,3.5,9.5],"texture":"#1"}}},{"from":[3,7.25,7.5],"to":[6,8.25,8.5],"rotation":{"angle":0,"axis":"z","origin":[4.5,7.75,8]},"faces":{"north":{"uv":[3.5,10.25,2.75,10.5],"texture":"#1"},"east":{"uv":[3.25,10.25,3.5,10.5],"texture":"#1"},"south":{"uv":[2.75,10.25,3.5,10.5],"texture":"#1"},"up":{"uv":[2.75,10.25,3.5,10.5],"texture":"#1"},"down":{"uv":[2.75,10.25,3.5,10.5],"texture":"#1"}}},{"from":[23.9,9.25,5.25],"to":[24.9,10.25,9.25],"rotation":{"angle":22.5,"axis":"y","origin":[24.4,9.75,8.75]},"faces":{"north":{"uv":[8.75,9.25,9,9.5],"texture":"#1"},"east":{"uv":[8,9.25,9,9.5],"texture":"#1"},"south":{"uv":[8,9.25,8.25,9.5],"texture":"#1"},"west":{"uv":[9,9.25,8,9.5],"texture":"#1"},"up":{"uv":[8.75,8.25,9,9.25],"texture":"#1"},"down":{"uv":[8.75,9.25,9,8.25],"texture":"#1"}}},{"from":[7.00613,13.74082,6.98],"to":[9.04613,19.78082,9.02],"rotation":{"angle":-22.5,"axis":"z","origin":[7.02613,13.76082,7.98]},"faces":{"north":{"uv":[9.5,7.25,9,8.75],"texture":"#1"},"east":{"uv":[9.25,7.25,9.5,8.75],"texture":"#1"},"south":{"uv":[9,7.25,9.5,8.75],"texture":"#1"},"west":{"uv":[9,7.25,9.25,8.75],"texture":"#1"}}},{"from":[7,5.75,7],"to":[9,13.75,9],"rotation":{"angle":0,"axis":"y","origin":[14,7.25,8]},"faces":{"north":{"uv":[9.5,8.75,9,10.75],"texture":"#1"},"east":{"uv":[9.25,8.75,9.5,10.75],"texture":"#1"},"south":{"uv":[9,8.75,9.5,10.75],"texture":"#1"},"west":{"uv":[9,8.75,9.25,10.75],"texture":"#1"}}},{"from":[7.00613,-0.28082,6.98],"to":[9.04613,5.75918,9.02],"rotation":{"angle":22.5,"axis":"z","origin":[7.02613,5.73918,7.98]},"faces":{"north":{"uv":[9.5,10.75,9,12.25],"texture":"#1"},"east":{"uv":[9.25,10.75,9.5,12.25],"texture":"#1"},"south":{"uv":[9,10.75,9.5,12.25],"texture":"#1"},"west":{"uv":[9,10.75,9.25,12.25],"texture":"#1"}}},{"from":[9.32839,-5.87123,6.96],"to":[11.41039,0.21077,9.042],"rotation":{"angle":45,"axis":"z","origin":[9.36939,0.16977,7.959]},"faces":{"north":{"uv":[9.5,12.25,9,13.75],"texture":"#1"},"east":{"uv":[9.25,12.25,9.5,13.75],"texture":"#1"},"south":{"uv":[9,12.25,9.5,13.75],"texture":"#1"},"west":{"uv":[9,12.25,9.25,13.75],"texture":"#1"},"down":{"uv":[9,13.5,9.5,13.75],"texture":"#1"}}},{"from":[9.32798,19.29023,6.96],"to":[11.40798,25.37023,9.04],"rotation":{"angle":-45,"axis":"z","origin":[9.36798,19.33023,7.961]},"faces":{"north":{"uv":[9.5,5.75,9,7.25],"texture":"#1"},"east":{"uv":[9.25,5.75,9.5,7.25],"texture":"#1"},"south":{"uv":[9,5.75,9.5,7.25],"texture":"#1"},"west":{"uv":[9,5.75,9.25,7.25],"texture":"#1"},"up":{"uv":[9,5.75,9.5,6],"texture":"#1"}}},{"name":"string-high","from":[13.43241,21.10301,8.5],"to":[30.47241,22.14301,8.54],"rotation":{"angle":-45,"axis":"z","origin":[13.95241,21.62301,8.501]},"faces":{"north":{"uv":[8,10.75,3.75,11],"texture":"#1"},"south":{"uv":[3.75,10.75,8,11],"texture":"#1"}}},{"name":"string-low","from":[13.43241,-2.64301,8.52],"to":[14.47241,14.39699,8.56],"rotation":{"angle":-45,"axis":"z","origin":[13.95241,-2.12301,8.502]},"faces":{"north":{"uv":[3.75,11,4,15.25],"texture":"#1"},"south":{"uv":[3.75,11,4,15.25],"texture":"#1"}}}],"gui_light":"front","display":{"thirdperson_righthand":{"rotation":[-90,0,-105],"translation":[1,0.25,-5],"scale":[0.6,0.6,0.6]},"thirdperson_lefthand":{"rotation":[-90,0,75],"translation":[3,0.25,-4.5],"scale":[0.6,0.6,0.6]},"firstperson_righthand":{"rotation":[95,-179,80],"translation":[0.5,1.5,-1],"scale":[0.6,0.6,0.6]},"firstperson_lefthand":{"rotation":[95,-179,-100],"translation":[2.25,1.5,-0.75],"scale":[0.6,0.6,0.6]},"ground":{"rotation":[0,0,-45],"translation":[0,3,0],"scale":[0.3,0.3,0.3]},"gui":{"rotation":[0,0,-45],"translation":[-4.25,2.25,-0.75],"scale":[0.815,0.815,0.815]},"head":{"rotation":[0,0,-90],"translation":[-1,9,0.75],"scale":[0.6,0.6,0.6]},"fixed":{"rotation":[180,0,135],"translation":[3.5,1.75,0.75],"scale":[0.65,0.65,0.65]}},"groups":[{"name":"bow","origin":[8,8,8],"color":0,"children":[{"name":"bow","origin":[8,8,8],"color":0,"children":[0,1,2,3,4,5,6,7,8,9]},{"name":"string","origin":[8,8,8],"color":0,"children":[10,11]}]}],"mcmodels":"995b2d9d906a2b551c8b7d56533c5233"}