{"texture_size":[64,64],"textures":{"2":"adventurer_tools:item/adventurer_tools/adventurer_bow","particle":"adventurer_tools:item/adventurer_tools/adventurer_bow"},"elements":[{"from":[7,5.75,7],"to":[9,13.75,9],"rotation":{"angle":0,"axis":"y","origin":[14,7.25,8]},"faces":{"north":{"uv":[9.5,8.75,9,10.75],"texture":"#2"},"east":{"uv":[9.25,8.75,9.5,10.75],"texture":"#2"},"south":{"uv":[9,8.75,9.5,10.75],"texture":"#2"},"west":{"uv":[9,8.75,9.25,10.75],"texture":"#2"}}},{"from":[7.00613,13.74082,6.98],"to":[9.04613,19.78082,9.02],"rotation":{"angle":-22.5,"axis":"z","origin":[7.02613,13.76082,7.98]},"faces":{"north":{"uv":[9.5,7.25,9,8.75],"texture":"#2"},"east":{"uv":[9.25,7.25,9.5,8.75],"texture":"#2"},"south":{"uv":[9,7.25,9.5,8.75],"texture":"#2"},"west":{"uv":[9,7.25,9.25,8.75],"texture":"#2"}}},{"from":[7.00613,-0.28082,6.98],"to":[9.04613,5.75918,9.02],"rotation":{"angle":22.5,"axis":"z","origin":[7.02613,5.73918,7.98]},"faces":{"north":{"uv":[9.5,10.75,9,12.25],"texture":"#2"},"east":{"uv":[9.25,10.75,9.5,12.25],"texture":"#2"},"south":{"uv":[9,10.75,9.5,12.25],"texture":"#2"},"west":{"uv":[9,10.75,9.25,12.25],"texture":"#2"}}},{"from":[9.32839,-5.87123,6.96],"to":[11.41039,0.21077,9.042],"rotation":{"angle":45,"axis":"z","origin":[9.36939,0.16977,7.959]},"faces":{"north":{"uv":[9.5,12.25,9,13.75],"texture":"#2"},"east":{"uv":[9.25,12.25,9.5,13.75],"texture":"#2"},"south":{"uv":[9,12.25,9.5,13.75],"texture":"#2"},"west":{"uv":[9,12.25,9.25,13.75],"texture":"#2"},"down":{"uv":[9,13.5,9.5,13.75],"texture":"#2"}}},{"from":[9.32798,19.29023,6.96],"to":[11.40798,25.37023,9.04],"rotation":{"angle":-45,"axis":"z","origin":[9.36798,19.33023,7.961]},"faces":{"north":{"uv":[9.5,5.75,9,7.25],"texture":"#2"},"east":{"uv":[9.25,5.75,9.5,7.25],"texture":"#2"},"south":{"uv":[9,5.75,9.5,7.25],"texture":"#2"},"west":{"uv":[9,5.75,9.25,7.25],"texture":"#2"},"up":{"uv":[9,5.75,9.5,6],"texture":"#2"}}},{"name":"string-low","from":[13.43241,-2.64301,8.02],"to":[14.47241,10.39699,8.06],"rotation":{"angle":-22.5,"axis":"z","origin":[13.95241,-2.12301,8.002]},"faces":{"north":{"uv":[3.75,11,4,15.25],"texture":"#2"},"south":{"uv":[3.75,11,4,15.25],"texture":"#2"}}},{"name":"string-high","from":[13.43241,8.10301,8],"to":[14.47241,22.14301,8.04],"rotation":{"angle":22.5,"axis":"z","origin":[13.95241,21.62301,8.001]},"faces":{"north":{"uv":[8,10.75,3.75,11],"rotation":270,"texture":"#2"},"south":{"uv":[3.75,10.75,8,11],"rotation":90,"texture":"#2"}}},{"name":"arrow","from":[-4.56759,8.23,7.981],"to":[20.47241,11.27,8.021],"rotation":{"angle":22.5,"axis":"x","origin":[1.95241,9.87301,8.001]},"faces":{"north":{"uv":[13.75,14.25,7.5,15],"texture":"#2"},"south":{"uv":[7.5,14.25,13.75,15],"texture":"#2"}}}],"gui_light":"front","display":{"thirdperson_righthand":{"rotation":[-30,-95,-30],"translation":[-1,-0.75,1.25],"scale":[0.6,0.6,0.6]},"thirdperson_lefthand":{"rotation":[30,85,-30],"translation":[-1,-0.75,1.25],"scale":[0.6,0.6,0.6]},"firstperson_righthand":{"rotation":[15,-90,0],"translation":[0,2.5,0.25],"scale":[0.6,0.6,0.6]},"firstperson_lefthand":{"rotation":[15,90,0],"translation":[0,2.5,0.25],"scale":[0.6,0.6,0.6]},"ground":{"rotation":[0,0,-45],"translation":[0,3,0],"scale":[0.3,0.3,0.3]},"gui":{"rotation":[0,0,-45],"translation":[-4.25,2.25,-0.75],"scale":[0.815,0.815,0.815]},"head":{"rotation":[0,0,-90],"translation":[-1,9,0.75],"scale":[0.6,0.6,0.6]},"fixed":{"rotation":[0,0,-135],"translation":[1.75,3.5,0.5],"scale":[0.65,0.65,0.65]}},"groups":[{"name":"bow","origin":[8,8,8],"color":0,"children":[{"name":"bow","origin":[9.36798,19.33023,7.961],"color":0,"children":[0,1,2,3,4]},{"name":"string","origin":[8,8,8],"color":0,"children":[5,6]},{"name":"arrow","origin":[8,8,8],"color":0,"children":[7]}]}],"mcmodels":"995b2d9d906a2b551c8b7d56533c5233"}