{"texture_size":[64,64],"textures":{"1":"adventurer_tools:item/adventurer_tools/adventurer_sword","particle":"adventurer_tools:item/adventurer_tools/adventurer_sword"},"elements":[{"from":[7,-6,7],"to":[9,3,9],"rotation":{"angle":0,"axis":"y","origin":[0,24,0]},"faces":{"north":{"uv":[12.5,10.25,12,12.5],"texture":"#1"},"east":{"uv":[12.25,10.25,12.5,12.5],"texture":"#1"},"south":{"uv":[12,10.25,12.5,12.5],"texture":"#1"},"west":{"uv":[12,10.25,12.25,12.5],"texture":"#1"}}},{"from":[4.5,3,7],"to":[11.5,5,9],"rotation":{"angle":0,"axis":"y","origin":[0.5,24,0]},"faces":{"north":{"uv":[13.25,9.75,11.5,10.25],"texture":"#1"},"east":{"uv":[13,9.75,13.25,10.25],"texture":"#1"},"south":{"uv":[11.5,9.75,13.25,10.25],"texture":"#1"},"west":{"uv":[11.5,9.75,11.75,10.25],"texture":"#1"},"up":{"uv":[11.5,9.75,13.25,10],"texture":"#1"},"down":{"uv":[11.5,10,13.25,10.25],"texture":"#1"}}},{"from":[6.23254,23.2315,7.49],"to":[9.76954,26.7685,8.51],"rotation":{"angle":45,"axis":"z","origin":[8,25,8]},"faces":{"north":{"uv":[12.75,3.75,11.75,4.75],"texture":"#1"},"east":{"uv":[12.5,3.75,12.75,4.75],"texture":"#1"},"south":{"uv":[11.75,3.75,12.75,4.75],"texture":"#1"},"up":{"uv":[11.75,3.75,12.75,4],"texture":"#1"}}},{"from":[5.5,5,7.5],"to":[10.5,25,8.5],"rotation":{"angle":0,"axis":"y","origin":[0,21,0]},"faces":{"north":{"uv":[13,4.75,11.75,9.75],"texture":"#1"},"east":{"uv":[12.75,4.75,13,9.75],"texture":"#1"},"south":{"uv":[11.75,4.75,13,9.75],"texture":"#1"},"west":{"uv":[11.75,4.75,12,9.75],"texture":"#1"}}},{"from":[6.48,-8.52,6.98],"to":[9.52,-5.48,9.02],"rotation":{"angle":45,"axis":"z","origin":[8,-7,8]},"faces":{"north":{"uv":[12.75,12.5,12,13.25],"texture":"#1"},"east":{"uv":[12.75,12.5,12.5,13.25],"texture":"#1"},"south":{"uv":[12,12.5,12.75,13.25],"texture":"#1"},"west":{"uv":[12,12.5,12.25,13.25],"texture":"#1"},"up":{"uv":[12,12.5,12.75,12.75],"texture":"#1"},"down":{"uv":[12,13,12.75,13.25],"texture":"#1"}}}],"gui_light":"front","display":{"thirdperson_righthand":{"rotation":[-10,-90,0],"translation":[0,3,0.25],"scale":[0.6,0.6,0.6]},"thirdperson_lefthand":{"rotation":[-10,90,0],"translation":[0,3,0.25],"scale":[0.6,0.6,0.6]},"firstperson_righthand":{"rotation":[20,-90,0],"translation":[1.25,1.25,-0.5],"scale":[0.6,0.6,0.6]},"firstperson_lefthand":{"rotation":[20,90,0],"translation":[1.25,1.25,-0.5],"scale":[0.6,0.6,0.6]},"ground":{"rotation":[0,0,-45],"translation":[0,3,0],"scale":[0.35,0.35,0.35]},"gui":{"rotation":[0,0,-45],"translation":[-0.5,-0.65,0],"scale":[0.62,0.62,0.62]},"head":{"rotation":[0,0,45],"translation":[9.75,7.5,0.75],"scale":[0.6,0.6,0.6]},"fixed":{"rotation":[0,-180,-45],"translation":[0.5,-0.5,0.75],"scale":[0.5,0.5,0.5]}},"mcmodels":"995b2d9d906a2b551c8b7d56533c5233"}