{"textures":{"0":"modelengine:entity/em_nothingness","particle":"#0"},"elements":[{"from":[-2.666667,8.0,8.0],"to":[18.666668,29.333334,8.0],"faces":{"east":{"uv":[-0.016125,0.001,-0.03225,7.999],"tintindex":0,"rotation":0,"texture":"#0"},"south":{"uv":[3.999,15.001,3.0,16.0],"tintindex":0,"rotation":0,"texture":"#0"},"north":{"uv":[3.0,15.001,3.999,16.0],"tintindex":0,"rotation":0,"texture":"#0"},"west":{"uv":[-0.016125,0.001,-0.03225,7.999],"tintindex":0,"rotation":0,"texture":"#0"},"up":{"uv":[0.001,-0.016125,7.999,-0.03225],"tintindex":0,"rotation":0,"texture":"#0"},"down":{"uv":[0.001,-0.016125,7.999,-0.03225],"tintindex":0,"rotation":0,"texture":"#0"}}}],"display":{"gui":{"rotation":[-150.0,-45.0,180.0]}}}