{"textures":{"6":"modelengine:entity/em_corruptedbrute","particle":"#6"},"elements":[{"from":[14.243,15.243,10.243],"to":[7.257,7.257,3.257],"faces":{"east":{"uv":[5.3125,1.625,5.75,1.125],"tintindex":0,"rotation":0,"texture":"#6"},"south":{"uv":[3.0625,5.625,3.5,5.125],"tintindex":0,"rotation":0,"texture":"#6"},"north":{"uv":[3.5625,5.75,4.0,5.25],"tintindex":0,"rotation":0,"texture":"#6"},"west":{"uv":[5.25,1.0625,5.6875,0.5625],"tintindex":0,"rotation":0,"texture":"#6"},"up":{"uv":[5.5625,3.3125,6.0,3.75],"tintindex":0,"rotation":0,"texture":"#6"},"down":{"uv":[5.5625,3.25,6.0,2.8125],"tintindex":0,"rotation":0,"texture":"#6"}},"rotation":{"origin":[11.0,8.0,8.0],"angle":-22.5,"axis":"y"}},{"from":[7.257,7.257,3.257],"to":[14.243,15.243,10.243],"faces":{"east":{"uv":[5.25,0.5625,5.6875,1.0625],"tintindex":0,"rotation":0,"texture":"#6"},"south":{"uv":[3.5625,5.25,4.0,5.75],"tintindex":0,"rotation":0,"texture":"#6"},"north":{"uv":[3.0625,5.125,3.5,5.625],"tintindex":0,"rotation":0,"texture":"#6"},"west":{"uv":[5.3125,1.125,5.75,1.625],"tintindex":0,"rotation":0,"texture":"#6"},"up":{"uv":[6.0,3.25,5.5625,2.8125],"tintindex":0,"rotation":0,"texture":"#6"},"down":{"uv":[6.0,3.3125,5.5625,3.75],"tintindex":0,"rotation":0,"texture":"#6"}},"rotation":{"origin":[11.0,8.0,8.0],"angle":-22.5,"axis":"y"}},{"from":[6.757,2.257,2.757],"to":[14.743,7.243,9.743],"faces":{"east":{"uv":[6.6875,5.125,7.125,5.4375],"tintindex":0,"rotation":0,"texture":"#6"},"south":{"uv":[6.1875,1.25,6.6875,1.5625],"tintindex":0,"rotation":0,"texture":"#6"},"north":{"uv":[6.1875,0.875,6.6875,1.1875],"tintindex":0,"rotation":0,"texture":"#6"},"west":{"uv":[6.75,0.4375,7.1875,0.75],"tintindex":0,"rotation":0,"texture":"#6"},"up":{"uv":[5.6875,2.25,5.1875,1.8125],"tintindex":0,"rotation":0,"texture":"#6"},"down":{"uv":[5.6875,4.8125,5.1875,5.25],"tintindex":0,"rotation":0,"texture":"#6"}},"rotation":{"origin":[11.0,8.0,8.0],"angle":-22.5,"axis":"y"}},{"from":[14.743,7.243,9.743],"to":[6.757,2.257,2.757],"faces":{"east":{"uv":[6.75,0.75,7.1875,0.4375],"tintindex":0,"rotation":0,"texture":"#6"},"south":{"uv":[6.1875,1.1875,6.6875,0.875],"tintindex":0,"rotation":0,"texture":"#6"},"north":{"uv":[6.1875,1.5625,6.6875,1.25],"tintindex":0,"rotation":0,"texture":"#6"},"west":{"uv":[6.6875,5.4375,7.125,5.125],"tintindex":0,"rotation":0,"texture":"#6"},"up":{"uv":[5.1875,4.8125,5.6875,5.25],"tintindex":0,"rotation":0,"texture":"#6"},"down":{"uv":[5.1875,2.25,5.6875,1.8125],"tintindex":0,"rotation":0,"texture":"#6"}},"rotation":{"origin":[11.0,8.0,8.0],"angle":-22.5,"axis":"y"}}],"display":{"gui":{"rotation":[-150.0,-45.0,180.0]}}}