{"textures":{"6":"modelengine:entity/em_corruptedbrute","particle":"#6"},"elements":[{"from":[6.0,6.0,4.0],"to":[10.0,8.0,9.0],"faces":{"east":{"uv":[6.125,2.625,6.4375,2.75],"tintindex":0,"rotation":0,"texture":"#6"},"south":{"uv":[8.3125,0.0,8.5625,0.125],"tintindex":0,"rotation":0,"texture":"#6"},"north":{"uv":[8.25,7.6875,8.5,7.8125],"tintindex":0,"rotation":0,"texture":"#6"},"west":{"uv":[8.1875,4.5625,8.5,4.6875],"tintindex":0,"rotation":0,"texture":"#6"},"up":{"uv":[6.25,8.0,6.0,7.6875],"tintindex":0,"rotation":0,"texture":"#6"},"down":{"uv":[6.5625,7.6875,6.3125,8.0],"tintindex":0,"rotation":0,"texture":"#6"}}}],"display":{"gui":{"rotation":[-150.0,-45.0,180.0]}}}