{"textures":{"6":"modelengine:entity/em_corruptedbrute","particle":"#6"},"elements":[{"from":[4.5,-3.0,3.5],"to":[9.5,6.0,10.5],"faces":{"east":{"uv":[4.625,0.0,5.0625,0.5625],"tintindex":0,"rotation":0,"texture":"#6"},"south":{"uv":[0.4375,6.0625,0.75,6.625],"tintindex":0,"rotation":0,"texture":"#6"},"north":{"uv":[5.8125,5.875,6.125,6.4375],"tintindex":0,"rotation":0,"texture":"#6"},"west":{"uv":[3.5625,4.625,4.0,5.1875],"tintindex":0,"rotation":0,"texture":"#6"},"up":{"uv":[0.625,7.125,0.3125,6.6875],"tintindex":0,"rotation":0,"texture":"#6"},"down":{"uv":[7.0,2.0,6.6875,2.4375],"tintindex":0,"rotation":0,"texture":"#6"}}},{"from":[5.5,-5.0,4.5],"to":[11.5,8.0,11.5],"faces":{"east":{"uv":[3.1875,2.1875,3.625,3.0],"tintindex":0,"rotation":0,"texture":"#6"},"south":{"uv":[2.25,4.25,2.625,5.0625],"tintindex":0,"rotation":0,"texture":"#6"},"north":{"uv":[4.25,2.0625,4.625,2.875],"tintindex":0,"rotation":0,"texture":"#6"},"west":{"uv":[0.625,3.4375,1.0625,4.25],"tintindex":0,"rotation":0,"texture":"#6"},"up":{"uv":[1.9375,6.5,1.5625,6.0625],"tintindex":0,"rotation":0,"texture":"#6"},"down":{"uv":[6.4375,2.8125,6.0625,3.25],"tintindex":0,"rotation":0,"texture":"#6"}}}],"display":{"gui":{"rotation":[-150.0,-45.0,180.0]}}}