{"textures":{"6":"modelengine:entity/em_corruptedbrute","particle":"#6"},"elements":[{"from":[9.243,7.243,9.743],"to":[1.257,2.257,2.757],"faces":{"east":{"uv":[6.75,1.5,7.1875,1.1875],"tintindex":0,"rotation":0,"texture":"#6"},"south":{"uv":[6.1875,1.9375,6.6875,1.625],"tintindex":0,"rotation":0,"texture":"#6"},"north":{"uv":[6.1875,4.625,6.6875,4.3125],"tintindex":0,"rotation":0,"texture":"#6"},"west":{"uv":[6.75,1.125,7.1875,0.8125],"tintindex":0,"rotation":0,"texture":"#6"},"up":{"uv":[5.5625,2.3125,6.0625,2.75],"tintindex":0,"rotation":0,"texture":"#6"},"down":{"uv":[0.5,6.0,1.0,5.5625],"tintindex":0,"rotation":0,"texture":"#6"}},"rotation":{"origin":[5.0,8.0,8.0],"angle":22.5,"axis":"y"}},{"from":[1.757,7.257,3.257],"to":[8.743,15.243,10.243],"faces":{"east":{"uv":[1.5625,5.5,2.0,6.0],"tintindex":0,"rotation":0,"texture":"#6"},"south":{"uv":[4.0625,5.5,4.5,6.0],"tintindex":0,"rotation":0,"texture":"#6"},"north":{"uv":[5.1875,5.3125,5.625,5.8125],"tintindex":0,"rotation":0,"texture":"#6"},"west":{"uv":[4.5625,5.5,5.0,6.0],"tintindex":0,"rotation":0,"texture":"#6"},"up":{"uv":[6.0625,0.4375,5.625,0.0],"tintindex":0,"rotation":0,"texture":"#6"},"down":{"uv":[1.5,5.625,1.0625,6.0625],"tintindex":0,"rotation":0,"texture":"#6"}},"rotation":{"origin":[5.0,8.0,8.0],"angle":22.5,"axis":"y"}},{"from":[1.257,2.257,2.757],"to":[9.243,7.243,9.743],"faces":{"east":{"uv":[6.75,0.8125,7.1875,1.125],"tintindex":0,"rotation":0,"texture":"#6"},"south":{"uv":[6.1875,4.3125,6.6875,4.625],"tintindex":0,"rotation":0,"texture":"#6"},"north":{"uv":[6.1875,1.625,6.6875,1.9375],"tintindex":0,"rotation":0,"texture":"#6"},"west":{"uv":[6.75,1.1875,7.1875,1.5],"tintindex":0,"rotation":0,"texture":"#6"},"up":{"uv":[1.0,6.0,0.5,5.5625],"tintindex":0,"rotation":0,"texture":"#6"},"down":{"uv":[6.0625,2.3125,5.5625,2.75],"tintindex":0,"rotation":0,"texture":"#6"}},"rotation":{"origin":[5.0,8.0,8.0],"angle":22.5,"axis":"y"}},{"from":[8.743,15.243,10.243],"to":[1.757,7.257,3.257],"faces":{"east":{"uv":[4.5625,6.0,5.0,5.5],"tintindex":0,"rotation":0,"texture":"#6"},"south":{"uv":[5.1875,5.8125,5.625,5.3125],"tintindex":0,"rotation":0,"texture":"#6"},"north":{"uv":[4.0625,6.0,4.5,5.5],"tintindex":0,"rotation":0,"texture":"#6"},"west":{"uv":[1.5625,6.0,2.0,5.5],"tintindex":0,"rotation":0,"texture":"#6"},"up":{"uv":[1.0625,5.625,1.5,6.0625],"tintindex":0,"rotation":0,"texture":"#6"},"down":{"uv":[5.625,0.4375,6.0625,0.0],"tintindex":0,"rotation":0,"texture":"#6"}},"rotation":{"origin":[5.0,8.0,8.0],"angle":22.5,"axis":"y"}}],"display":{"gui":{"rotation":[-150.0,-45.0,180.0]}}}