{"textures":{"6":"modelengine:entity/em_corruptedbrute","particle":"#6"},"elements":[{"from":[3.3416343,-10.580412,9.953012],"to":[7.1416345,-8.780413,11.753012],"faces":{"east":{"uv":[8.6875,2.75,8.8125,2.875],"tintindex":0,"rotation":0,"texture":"#6"},"south":{"uv":[8.4375,1.0,8.6875,1.125],"tintindex":0,"rotation":0,"texture":"#6"},"north":{"uv":[0.9375,8.4375,1.1875,8.5625],"tintindex":0,"rotation":0,"texture":"#6"},"west":{"uv":[2.8125,8.6875,2.9375,8.8125],"tintindex":0,"rotation":0,"texture":"#6"},"up":{"uv":[8.6875,1.3125,8.4375,1.1875],"tintindex":0,"rotation":0,"texture":"#6"},"down":{"uv":[8.6875,1.375,8.4375,1.5],"tintindex":0,"rotation":0,"texture":"#6"}},"rotation":{"origin":[8.252809,-7.6179867,10.563011],"angle":22.5,"axis":"z"}},{"from":[8.113262,-10.998457,5.3530116],"to":[9.953263,-8.158457,7.1930118],"faces":{"east":{"uv":[8.5,2.1875,8.625,2.375],"tintindex":0,"rotation":0,"texture":"#6"},"south":{"uv":[8.5,2.4375,8.625,2.625],"tintindex":0,"rotation":0,"texture":"#6"},"north":{"uv":[0.6875,8.5,0.8125,8.6875],"tintindex":0,"rotation":0,"texture":"#6"},"west":{"uv":[8.5,2.6875,8.625,2.875],"tintindex":0,"rotation":0,"texture":"#6"},"up":{"uv":[8.75,7.5625,8.625,7.4375],"tintindex":0,"rotation":0,"texture":"#6"},"down":{"uv":[8.75,8.125,8.625,8.25],"tintindex":0,"rotation":0,"texture":"#6"}}},{"from":[4.2888002,-14.178099,7.7730117],"to":[4.8969126,-13.569988,7.7730117],"faces":{"south":{"uv":[0.1875,8.4375,0.25,8.5],"tintindex":0,"rotation":0,"texture":"#6"},"north":{"uv":[0.1875,8.3125,0.25,8.375],"tintindex":0,"rotation":0,"texture":"#6"}},"rotation":{"origin":[6.2824497,-12.26593,7.7730117],"angle":-22.5,"axis":"z"}},{"from":[3.7459574,-11.390331,6.6980114],"to":[4.555958,-8.1503315,6.6980114],"faces":{"south":{"uv":[0.5,4.0625,0.5625,4.25],"tintindex":0,"rotation":0,"texture":"#6"},"north":{"uv":[1.3125,2.25,1.375,2.4375],"tintindex":0,"rotation":0,"texture":"#6"}},"rotation":{"origin":[4.547735,-9.06299,6.6980114],"angle":-22.5,"axis":"z"}},{"from":[4.795191,-11.210026,6.6980114],"to":[5.4459667,-8.748356,6.6980114],"faces":{"south":{"uv":[6.1875,4.6875,6.25,4.8125],"tintindex":0,"rotation":0,"texture":"#6"},"north":{"uv":[5.0625,4.8125,5.125,4.9375],"tintindex":0,"rotation":0,"texture":"#6"}},"rotation":{"origin":[4.547735,-9.06299,6.6980114],"angle":-45.0,"axis":"z"}},{"from":[3.9506207,-12.638315,7.7730117],"to":[7.39062,-11.778315,7.7730117],"faces":{"south":{"uv":[8.75,5.0,8.9375,5.0625],"tintindex":0,"rotation":0,"texture":"#6"},"north":{"uv":[4.625,8.75,4.8125,8.8125],"tintindex":0,"rotation":0,"texture":"#6"}},"rotation":{"origin":[6.2824497,-12.26593,7.7730117],"angle":22.5,"axis":"z"}},{"from":[5.15255,-3.0556397,5.3730116],"to":[9.95255,3.7443604,11.173012],"faces":{"east":{"uv":[4.1875,6.0625,4.5625,6.5],"tintindex":0,"rotation":0,"texture":"#6"},"south":{"uv":[2.6875,6.6875,3.0,7.125],"tintindex":0,"rotation":0,"texture":"#6"},"north":{"uv":[2.3125,6.6875,2.625,7.125],"tintindex":0,"rotation":0,"texture":"#6"},"west":{"uv":[4.625,6.0625,5.0,6.5],"tintindex":0,"rotation":0,"texture":"#6"},"up":{"uv":[2.25,7.375,1.9375,7.0],"tintindex":0,"rotation":0,"texture":"#6"},"down":{"uv":[7.375,4.25,7.0625,4.625],"tintindex":0,"rotation":0,"texture":"#6"}}},{"from":[2.9736843,-12.798666,5.7730117],"to":[5.587311,-12.107719,5.7730117],"faces":{"south":{"uv":[7.0625,4.6875,7.25,4.75],"tintindex":0,"rotation":0,"texture":"#6"},"north":{"uv":[6.75,1.875,6.9375,1.9375],"tintindex":0,"rotation":0,"texture":"#6"}},"rotation":{"origin":[8.740308,-8.005487,6.0630116],"angle":22.5,"axis":"z"}},{"from":[1.6033716,-10.039516,10.273012],"to":[5.043372,-9.179516,10.273012],"faces":{"south":{"uv":[8.75,5.375,8.9375,5.4375],"tintindex":0,"rotation":0,"texture":"#6"},"north":{"uv":[8.75,5.25,8.9375,5.3125],"tintindex":0,"rotation":0,"texture":"#6"}},"rotation":{"origin":[8.765307,-7.8179874,10.563011],"angle":22.5,"axis":"z"}},{"from":[7.863262,-10.498457,9.853012],"to":[9.703263,-7.658457,11.693012],"faces":{"east":{"uv":[8.5,7.875,8.625,8.0625],"tintindex":0,"rotation":0,"texture":"#6"},"south":{"uv":[8.5625,4.5,8.6875,4.6875],"tintindex":0,"rotation":0,"texture":"#6"},"north":{"uv":[7.0,8.5,7.125,8.6875],"tintindex":0,"rotation":0,"texture":"#6"},"west":{"uv":[6.1875,8.5625,6.3125,8.75],"tintindex":0,"rotation":0,"texture":"#6"},"up":{"uv":[8.8125,2.5,8.6875,2.375],"tintindex":0,"rotation":0,"texture":"#6"},"down":{"uv":[8.8125,2.5625,8.6875,2.6875],"tintindex":0,"rotation":0,"texture":"#6"}},"rotation":{"origin":[8.252809,-7.6179867,10.563011],"angle":-22.5,"axis":"z"}},{"from":[7.863262,-10.498457,7.3530116],"to":[9.703263,-7.658457,9.193012],"faces":{"east":{"uv":[4.8125,8.5,4.9375,8.6875],"tintindex":0,"rotation":0,"texture":"#6"},"south":{"uv":[5.1875,8.5,5.3125,8.6875],"tintindex":0,"rotation":0,"texture":"#6"},"north":{"uv":[4.625,8.5,4.75,8.6875],"tintindex":0,"rotation":0,"texture":"#6"},"west":{"uv":[5.375,8.5,5.5,8.6875],"tintindex":0,"rotation":0,"texture":"#6"},"up":{"uv":[8.8125,0.625,8.6875,0.5],"tintindex":0,"rotation":0,"texture":"#6"},"down":{"uv":[2.125,8.6875,2.0,8.8125],"tintindex":0,"rotation":0,"texture":"#6"}}},{"from":[6.9202437,-6.1947265,5.173012],"to":[10.120244,-1.9947265,11.373013],"faces":{"east":{"uv":[2.3125,7.5625,2.6875,7.8125],"tintindex":0,"rotation":0,"texture":"#6"},"south":{"uv":[1.8125,8.125,2.0,8.375],"tintindex":0,"rotation":0,"texture":"#6"},"north":{"uv":[8.125,0.5,8.3125,0.75],"tintindex":0,"rotation":0,"texture":"#6"},"west":{"uv":[5.125,7.5625,5.5,7.8125],"tintindex":0,"rotation":0,"texture":"#6"},"up":{"uv":[8.0,5.8125,7.8125,5.4375],"tintindex":0,"rotation":0,"texture":"#6"},"down":{"uv":[8.0,5.875,7.8125,6.25],"tintindex":0,"rotation":0,"texture":"#6"}},"rotation":{"origin":[8.520244,-4.0947266,8.273011],"angle":22.5,"axis":"z"}},{"from":[4.6638002,-14.453098,10.273012],"to":[5.2719126,-13.844986,10.273012],"faces":{"south":{"uv":[5.5625,8.5,5.625,8.5625],"tintindex":0,"rotation":0,"texture":"#6"},"north":{"uv":[8.4375,6.4375,8.5,6.5],"tintindex":0,"rotation":0,"texture":"#6"}},"rotation":{"origin":[8.765307,-7.8179874,10.563011],"angle":-22.5,"axis":"z"}},{"from":[2.998684,-12.611166,10.273012],"to":[5.6123104,-11.920219,10.273012],"faces":{"south":{"uv":[5.1875,8.75,5.375,8.8125],"tintindex":0,"rotation":0,"texture":"#6"},"north":{"uv":[8.75,5.125,8.9375,5.1875],"tintindex":0,"rotation":0,"texture":"#6"}}},{"from":[3.5916343,-11.080412,5.4530115],"to":[7.3916345,-9.280413,7.2530117],"faces":{"east":{"uv":[8.625,8.5625,8.75,8.6875],"tintindex":0,"rotation":0,"texture":"#6"},"south":{"uv":[8.375,0.5,8.625,0.625],"tintindex":0,"rotation":0,"texture":"#6"},"north":{"uv":[8.3125,8.1875,8.5625,8.3125],"tintindex":0,"rotation":0,"texture":"#6"},"west":{"uv":[0.0,8.6875,0.125,8.8125],"tintindex":0,"rotation":0,"texture":"#6"},"up":{"uv":[8.625,4.25,8.375,4.125],"tintindex":0,"rotation":0,"texture":"#6"},"down":{"uv":[8.625,4.3125,8.375,4.4375],"tintindex":0,"rotation":0,"texture":"#6"}},"rotation":{"origin":[8.502809,-8.117987,6.0630116],"angle":45.0,"axis":"z"}},{"from":[8.040782,-8.614468,5.2730117],"to":[10.040782,-6.6144676,11.273012],"faces":{"east":{"uv":[3.6875,2.9375,4.0625,3.0625],"tintindex":0,"rotation":0,"texture":"#6"},"south":{"uv":[8.625,6.125,8.75,6.25],"tintindex":0,"rotation":0,"texture":"#6"},"north":{"uv":[8.625,3.9375,8.75,4.0625],"tintindex":0,"rotation":0,"texture":"#6"},"west":{"uv":[8.125,0.8125,8.5,0.9375],"tintindex":0,"rotation":0,"texture":"#6"},"up":{"uv":[0.4375,8.5625,0.3125,8.1875],"tintindex":0,"rotation":0,"texture":"#6"},"down":{"uv":[0.625,8.1875,0.5,8.5625],"tintindex":0,"rotation":0,"texture":"#6"}},"rotation":{"origin":[7.613447,-6.6078224,7.3980117],"angle":-45.0,"axis":"z"}},{"from":[2.3351145,-10.714483,6.6980114],"to":[2.9078712,-10.141727,6.6980114],"faces":{"south":{"uv":[3.0625,6.9375,3.125,7.0],"tintindex":0,"rotation":0,"texture":"#6"},"north":{"uv":[6.6875,5.5,6.75,5.5625],"tintindex":0,"rotation":0,"texture":"#6"}},"rotation":{"origin":[4.547735,-9.06299,6.6980114],"angle":22.5,"axis":"z"}},{"from":[8.248758,-7.801614,5.153012],"to":[10.488758,-4.561614,11.393012],"faces":{"east":{"uv":[7.8125,6.3125,8.1875,6.5],"tintindex":0,"rotation":0,"texture":"#6"},"south":{"uv":[7.125,6.375,7.25,6.5625],"tintindex":0,"rotation":0,"texture":"#6"},"north":{"uv":[6.9375,3.25,7.0625,3.4375],"tintindex":0,"rotation":0,"texture":"#6"},"west":{"uv":[7.8125,7.6875,8.1875,7.875],"tintindex":0,"rotation":0,"texture":"#6"},"up":{"uv":[8.25,2.5625,8.125,2.1875],"tintindex":0,"rotation":0,"texture":"#6"},"down":{"uv":[8.25,7.9375,8.125,8.3125],"tintindex":0,"rotation":0,"texture":"#6"}},"rotation":{"origin":[8.613448,-5.6078224,7.3980117],"angle":-22.5,"axis":"z"}},{"from":[6.040782,-7.6769676,5.2730117],"to":[8.040782,-5.6769676,7.2730117],"faces":{"east":{"uv":[8.625,6.6875,8.75,6.8125],"tintindex":0,"rotation":0,"texture":"#6"},"south":{"uv":[6.75,8.625,6.875,8.75],"tintindex":0,"rotation":0,"texture":"#6"},"north":{"uv":[6.5625,8.625,6.6875,8.75],"tintindex":0,"rotation":0,"texture":"#6"},"west":{"uv":[8.625,6.875,8.75,7.0],"tintindex":0,"rotation":0,"texture":"#6"},"up":{"uv":[8.75,7.1875,8.625,7.0625],"tintindex":0,"rotation":0,"texture":"#6"},"down":{"uv":[7.3125,8.625,7.1875,8.75],"tintindex":0,"rotation":0,"texture":"#6"}},"rotation":{"origin":[7.613447,-6.6078224,10.148012],"angle":-22.5,"axis":"x"}},{"from":[6.7782845,-10.824247,5.698012],"to":[8.578284,-8.024248,7.4980116],"faces":{"east":{"uv":[8.4375,7.0625,8.5625,7.25],"tintindex":0,"rotation":0,"texture":"#6"},"south":{"uv":[7.6875,8.4375,7.8125,8.625],"tintindex":0,"rotation":0,"texture":"#6"},"north":{"uv":[5.125,7.3125,5.25,7.5],"tintindex":0,"rotation":0,"texture":"#6"},"west":{"uv":[7.875,8.4375,8.0,8.625],"tintindex":0,"rotation":0,"texture":"#6"},"up":{"uv":[8.75,7.375,8.625,7.25],"tintindex":0,"rotation":0,"texture":"#6"},"down":{"uv":[7.5,8.625,7.375,8.75],"tintindex":0,"rotation":0,"texture":"#6"}},"rotation":{"origin":[7.550947,-6.6828213,8.073011],"angle":-45.0,"axis":"z"}},{"from":[4.4525504,3.7443604,4.173012],"to":[10.652551,7.9443603,12.373013],"faces":{"east":{"uv":[6.8125,6.625,7.3125,6.875],"tintindex":0,"rotation":0,"texture":"#6"},"south":{"uv":[7.5,2.0625,7.875,2.3125],"tintindex":0,"rotation":0,"texture":"#6"},"north":{"uv":[7.5,1.75,7.875,2.0],"tintindex":0,"rotation":0,"texture":"#6"},"west":{"uv":[6.9375,2.5,7.4375,2.75],"tintindex":0,"rotation":0,"texture":"#6"},"up":{"uv":[6.125,2.1875,5.75,1.6875],"tintindex":0,"rotation":0,"texture":"#6"},"down":{"uv":[6.125,4.3125,5.75,4.8125],"tintindex":0,"rotation":0,"texture":"#6"}}},{"from":[3.3416343,-10.580412,7.4530115],"to":[7.1416345,-8.780413,9.253012],"faces":{"east":{"uv":[2.1875,8.6875,2.3125,8.8125],"tintindex":0,"rotation":0,"texture":"#6"},"south":{"uv":[8.0625,8.375,8.3125,8.5],"tintindex":0,"rotation":0,"texture":"#6"},"north":{"uv":[8.375,5.9375,8.625,6.0625],"tintindex":0,"rotation":0,"texture":"#6"},"west":{"uv":[8.6875,2.1875,8.8125,2.3125],"tintindex":0,"rotation":0,"texture":"#6"},"up":{"uv":[8.625,8.5,8.375,8.375],"tintindex":0,"rotation":0,"texture":"#6"},"down":{"uv":[8.6875,0.1875,8.4375,0.3125],"tintindex":0,"rotation":0,"texture":"#6"}},"rotation":{"origin":[8.252809,-7.6179867,8.063011],"angle":45.0,"axis":"z"}},{"from":[4.6388006,-14.640598,5.7730117],"to":[5.246913,-14.032486,5.7730117],"faces":{"south":{"uv":[3.6875,8.0625,3.75,8.125],"tintindex":0,"rotation":0,"texture":"#6"},"north":{"uv":[2.1875,7.75,2.25,7.8125],"tintindex":0,"rotation":0,"texture":"#6"}}},{"from":[1.578372,-10.227016,5.7730117],"to":[5.0183716,-9.367016,5.7730117],"faces":{"south":{"uv":[7.9375,3.9375,8.125,4.0],"tintindex":0,"rotation":0,"texture":"#6"},"north":{"uv":[7.875,4.375,8.0625,4.4375],"tintindex":0,"rotation":0,"texture":"#6"}},"rotation":{"origin":[8.740308,-8.005487,6.0630116],"angle":45.0,"axis":"z"}},{"from":[4.270625,-13.502321,7.7730117],"to":[6.8842516,-12.811375,7.7730117],"faces":{"south":{"uv":[8.6875,6.0,8.875,6.0625],"tintindex":0,"rotation":0,"texture":"#6"},"north":{"uv":[8.625,6.3125,8.8125,6.375],"tintindex":0,"rotation":0,"texture":"#6"}}}],"display":{"gui":{"rotation":[-150.0,-45.0,180.0]}}}