{"textures":{"4":"modelengine:entity/rest_fire","6":"modelengine:entity/em_corruptedbrute","particle":"#4"},"elements":[{"from":[9.924698,-3.6858292,3.75],"to":[15.924699,5.314171,12.75],"faces":{"east":{"uv":[0.0,2.0,9.0,11.0],"tintindex":0,"rotation":0,"texture":"#4"},"south":{"uv":[0.0,2.0,6.0,11.0],"tintindex":0,"rotation":0,"texture":"#4"},"north":{"uv":[0.0,6.0,5.0,13.0],"tintindex":0,"rotation":0,"texture":"#4"},"west":{"uv":[0.0,2.0,9.0,11.0],"tintindex":0,"rotation":0,"texture":"#4"},"up":{"uv":[0.0,2.0,6.0,11.0],"tintindex":0,"rotation":0,"texture":"#4"},"down":{"uv":[0.0,2.0,6.0,11.0],"tintindex":0,"rotation":0,"texture":"#4"}}},{"from":[8.0929575,-4.050293,3.0],"to":[16.092957,5.949707,13.0],"faces":{"east":{"uv":[2.875,1.5,3.5,2.125],"tintindex":0,"rotation":0,"texture":"#6"},"south":{"uv":[4.1875,0.6875,4.6875,1.3125],"tintindex":0,"rotation":0,"texture":"#6"},"north":{"uv":[4.0625,0.0,4.5625,0.625],"tintindex":0,"rotation":0,"texture":"#6"},"west":{"uv":[1.3125,3.125,1.9375,3.75],"tintindex":0,"rotation":0,"texture":"#6"},"up":{"uv":[4.75,2.0,4.25,1.375],"tintindex":0,"rotation":0,"texture":"#6"},"down":{"uv":[2.1875,4.25,1.6875,4.875],"tintindex":0,"rotation":0,"texture":"#6"}}},{"from":[8.920531,7.964171,4.9],"to":[13.120532,14.164171,11.1],"faces":{"east":{"uv":[6.5,3.0625,6.875,3.4375],"tintindex":0,"rotation":0,"texture":"#6"},"south":{"uv":[7.5,5.4375,7.75,5.8125],"tintindex":0,"rotation":0,"texture":"#6"},"north":{"uv":[7.5,2.375,7.75,2.75],"tintindex":0,"rotation":0,"texture":"#6"},"west":{"uv":[5.0625,6.5,5.4375,6.875],"tintindex":0,"rotation":0,"texture":"#6"},"up":{"uv":[7.75,6.25,7.5,5.875],"tintindex":0,"rotation":0,"texture":"#6"},"down":{"uv":[0.25,7.5625,0.0,7.9375],"tintindex":0,"rotation":0,"texture":"#6"}},"rotation":{"origin":[10.020532,9.064171,8.0],"angle":45.0,"axis":"z"}},{"from":[7.9205317,4.964171,3.9],"to":[15.120532,10.164171,12.1],"faces":{"east":{"uv":[6.125,5.25,6.625,5.5625],"tintindex":0,"rotation":0,"texture":"#6"},"south":{"uv":[6.6875,3.875,7.125,4.1875],"tintindex":0,"rotation":0,"texture":"#6"},"north":{"uv":[6.6875,3.5,7.125,3.8125],"tintindex":0,"rotation":0,"texture":"#6"},"west":{"uv":[6.1875,0.5,6.6875,0.8125],"tintindex":0,"rotation":0,"texture":"#6"},"up":{"uv":[2.5,5.625,2.0625,5.125],"tintindex":0,"rotation":0,"texture":"#6"},"down":{"uv":[3.0,5.125,2.5625,5.625],"tintindex":0,"rotation":0,"texture":"#6"}}}],"display":{"gui":{"rotation":[-150.0,-45.0,180.0]}}}