{"format_version":"1.9.0","credit":"Pologony Creation Co.,Ltd.","textures":{"1":"plny_luminite_set:animated/animated_1","2":"plny_luminite_set:axe","5":"plny_luminite_set:animated/animated_2","particle":"plny_luminite_set:axe"},"elements":[{"from":[7,-4.25,7],"to":[9,-2.25,9],"rotation":{"angle":-45,"axis":"x","origin":[8,-3.25,8]},"faces":{"north":{"uv":[8,3.55556,8.88889,4.44444],"texture":"#2"},"east":{"uv":[8,4.88889,8.88889,5.77778],"texture":"#2"},"south":{"uv":[8,6.22222,8.88889,7.11111],"texture":"#2"},"west":{"uv":[8,7.55556,8.88889,8.44444],"texture":"#2"},"up":{"uv":[7.55556,9.77778,6.66667,8.88889],"texture":"#2"},"down":{"uv":[8.88889,8.88889,8,9.77778],"texture":"#2"}}},{"from":[7,-2.5,7],"to":[9,-1.5,9],"rotation":{"angle":45,"axis":"y","origin":[8,-4,8]},"faces":{"north":{"uv":[12,4,12.88889,4.44444],"texture":"#2"},"east":{"uv":[12,4.88889,12.88889,5.33333],"texture":"#2"},"south":{"uv":[12,5.77778,12.88889,6.22222],"texture":"#2"},"west":{"uv":[6.22222,12,7.11111,12.44444],"texture":"#2"},"up":{"uv":[10.22222,0.88889,9.33333,0],"texture":"#2"},"down":{"uv":[2.22222,9.33333,1.33333,10.22222],"texture":"#2"}}},{"from":[7.25,-1.5,7.25],"to":[8.75,0,8.75],"rotation":{"angle":45,"axis":"y","origin":[8,-4,8]},"faces":{"north":{"uv":[11.55556,10.66667,12.22222,11.33333],"texture":"#2"},"east":{"uv":[0.88889,12,1.55556,12.66667],"texture":"#2"},"south":{"uv":[12,1.33333,12.66667,2],"texture":"#2"},"west":{"uv":[2.22222,12,2.88889,12.66667],"texture":"#2"},"up":{"uv":[12.66667,3.33333,12,2.66667],"texture":"#2"}}},{"from":[7.5,0,7.5],"to":[8.5,7,8.5],"rotation":{"angle":45,"axis":"y","origin":[8,-4,8]},"faces":{"north":{"uv":[7.11111,1.77778,7.55556,4.88889],"texture":"#2"},"east":{"uv":[3.11111,7.11111,3.55556,10.22222],"texture":"#2"},"south":{"uv":[4,7.11111,4.44444,10.22222],"texture":"#2"},"west":{"uv":[7.11111,5.33333,7.55556,8.44444],"texture":"#2"}}},{"from":[7.32322,7,7.5],"to":[8.57322,8.5,8.75],"rotation":{"angle":45,"axis":"y","origin":[7.82322,0.5,8]},"faces":{"north":{"uv":[2.66667,13.33333,3.22222,14],"texture":"#2"},"east":{"uv":[13.33333,2.66667,13.88889,3.33333],"texture":"#2"},"south":{"uv":[13.33333,4,13.88889,4.66667],"texture":"#2"},"west":{"uv":[13.33333,5.33333,13.88889,6],"texture":"#2"},"up":{"uv":[13.44444,13.88889,12.88889,13.33333],"texture":"#2"},"down":{"uv":[4.55556,13.77778,4,14.33333],"texture":"#2"}}},{"from":[6.68934,8.5,7.75],"to":[8.68934,9.5,9.75],"rotation":{"angle":45,"axis":"y","origin":[6.93934,8,8]},"faces":{"north":{"uv":[12,6.66667,12.88889,7.11111],"texture":"#2"},"east":{"uv":[7.55556,12,8.44444,12.44444],"texture":"#2"},"south":{"uv":[11.55556,12,12.44444,12.44444],"texture":"#2"},"west":{"uv":[12.44444,0,13.33333,0.44444],"texture":"#2"},"down":{"uv":[10.22222,1.33333,9.33333,2.22222],"texture":"#2"}}},{"from":[6.43934,9.5,7.5],"to":[8.93934,10,10],"rotation":{"angle":45,"axis":"y","origin":[6.93934,8,8]},"faces":{"north":{"uv":[14.22222,6.66667,15.33333,6.88889],"texture":"#2"},"east":{"uv":[14.22222,10.22222,15.33333,10.44444],"texture":"#2"},"south":{"uv":[14.22222,11.11111,15.33333,11.33333],"texture":"#2"},"west":{"uv":[14.22222,12,15.33333,12.22222],"texture":"#2"},"up":{"uv":[2.44444,8.66667,1.33333,7.55556],"texture":"#2"},"down":{"uv":[6,7.55556,4.88889,8.66667],"texture":"#2"}}},{"from":[7.985,-8.75,4.08579],"to":[8.015,-1.5,7.58579],"rotation":{"angle":0,"axis":"y","origin":[7.9855,-4.625,6.33579]},"faces":{"east":{"uv":[4.66667,3.11111,3.11111,6.33333],"texture":"#2"},"west":{"uv":[3.11111,3.11111,4.66667,6.33333],"texture":"#2"}}},{"from":[7.995,-8.5,2.58579],"to":[8.005,0.75,6.08579],"light_emission":15,"rotation":{"angle":0,"axis":"y","origin":[7.9955,-3.375,4.83579]},"faces":{"east":{"uv":[10.83333,6.66667,8.5,12.83333],"texture":"#1"},"west":{"uv":[8.5,6.66667,10.83333,12.83333],"texture":"#1"}}},{"from":[7.995,8.5,15.66421],"to":[8.005,17.75,19.16421],"light_emission":15,"rotation":{"angle":0,"axis":"y","origin":[7.9955,13.625,16.91421]},"faces":{"east":{"uv":[8.5,6.66667,10.83333,12.83333],"texture":"#1"},"west":{"uv":[10.83333,6.66667,8.5,12.83333],"texture":"#1"}}},{"from":[7.995,-8.5,9.91421],"to":[8.005,0.75,13.41421],"light_emission":15,"rotation":{"angle":0,"axis":"y","origin":[7.9955,-3.375,11.16421]},"faces":{"east":{"uv":[8.5,6.66667,10.83333,12.83333],"texture":"#1"},"west":{"uv":[10.83333,6.66667,8.5,12.83333],"texture":"#1"}}},{"from":[7.5,-4.5,7],"to":[8.5,-2.5,8.5],"rotation":{"angle":-45,"axis":"x","origin":[7.5,-4.25,7]},"faces":{"north":{"uv":[6.22222,1.77778,6.66667,2.66667],"texture":"#2"},"east":{"uv":[10.66667,1.33333,11.33333,2.22222],"texture":"#2"},"south":{"uv":[3.55556,12,4,12.88889],"texture":"#2"},"west":{"uv":[10.66667,2.66667,11.33333,3.55556],"texture":"#2"},"up":{"uv":[11.11111,14,10.66667,13.33333],"texture":"#2"},"down":{"uv":[5.77778,13.77778,5.33333,14.44444],"texture":"#2"}}},{"from":[7.5,-3.5,5.5],"to":[8.5,-2.5,7],"rotation":{"angle":-45,"axis":"x","origin":[7.5,-4.25,7]},"faces":{"north":{"uv":[1.77778,14.22222,2.22222,14.66667],"texture":"#2"},"east":{"uv":[13.33333,8,14,8.44444],"texture":"#2"},"west":{"uv":[13.77778,0,14.44444,0.44444],"texture":"#2"},"up":{"uv":[6.66667,14.44444,6.22222,13.77778],"texture":"#2"},"down":{"uv":[7.55556,13.77778,7.11111,14.44444],"texture":"#2"}}},{"from":[7.5,-3.75,6],"to":[8.5,-3.5,6.25],"rotation":{"angle":-45,"axis":"x","origin":[7.5,-4.25,7]},"faces":{"east":{"uv":[15.55556,2.66667,15.66667,2.77778],"texture":"#2"},"west":{"uv":[15.55556,3.55556,15.66667,3.66667],"texture":"#2"}}},{"from":[7.4985,-4.95238,5.52397],"to":[8.5015,-4.15238,6.27397],"rotation":{"angle":22.5,"axis":"x","origin":[7.9985,-4.57738,5.89897]},"faces":{"north":{"uv":[1.77778,15.11111,2.22222,15.44444],"texture":"#2"},"east":{"uv":[15.11111,12.88889,15.44444,13.22222],"texture":"#2"},"south":{"uv":[3.55556,15.11111,4,15.44444],"texture":"#2"},"west":{"uv":[15.11111,13.77778,15.44444,14.11111],"texture":"#2"},"up":{"uv":[4.88889,15.44444,4.44444,15.11111],"texture":"#2"},"down":{"uv":[5.77778,15.11111,5.33333,15.44444],"texture":"#2"}}},{"from":[7.985,-8.75,8.41421],"to":[8.015,-1.5,11.91421],"rotation":{"angle":0,"axis":"y","origin":[7.9855,-4.625,9.66421]},"faces":{"east":{"uv":[3.11111,3.11111,4.66667,6.33333],"texture":"#2"},"west":{"uv":[4.66667,3.11111,3.11111,6.33333],"texture":"#2"}}},{"from":[7.5,-4.5,7.5],"to":[8.5,-2.5,9],"rotation":{"angle":45,"axis":"x","origin":[7.5,-4.25,9]},"faces":{"north":{"uv":[4,12,3.55556,12.88889],"texture":"#2"},"east":{"uv":[11.33333,1.33333,10.66667,2.22222],"texture":"#2"},"south":{"uv":[6.66667,1.77778,6.22222,2.66667],"texture":"#2"},"west":{"uv":[11.33333,2.66667,10.66667,3.55556],"texture":"#2"},"up":{"uv":[11.11111,13.33333,10.66667,14],"texture":"#2"},"down":{"uv":[5.77778,14.44444,5.33333,13.77778],"texture":"#2"}}},{"from":[7.5,-3.5,9],"to":[8.5,-2.5,10.5],"rotation":{"angle":45,"axis":"x","origin":[7.5,-4.25,9]},"faces":{"east":{"uv":[14,8,13.33333,8.44444],"texture":"#2"},"south":{"uv":[2.22222,14.22222,1.77778,14.66667],"texture":"#2"},"west":{"uv":[14.44444,0,13.77778,0.44444],"texture":"#2"},"up":{"uv":[6.66667,13.77778,6.22222,14.44444],"texture":"#2"},"down":{"uv":[7.55556,14.44444,7.11111,13.77778],"texture":"#2"}}},{"from":[7.5,-3.75,9.75],"to":[8.5,-3.5,10],"rotation":{"angle":45,"axis":"x","origin":[7.5,-4.25,9]},"faces":{"east":{"uv":[15.66667,2.66667,15.55556,2.77778],"texture":"#2"},"west":{"uv":[15.66667,3.55556,15.55556,3.66667],"texture":"#2"}}},{"from":[7.4985,-4.95238,9.72603],"to":[8.5015,-4.15238,10.47603],"rotation":{"angle":-22.5,"axis":"x","origin":[7.9985,-4.57738,10.10103]},"faces":{"north":{"uv":[4,15.11111,3.55556,15.44444],"texture":"#2"},"east":{"uv":[15.44444,12.88889,15.11111,13.22222],"texture":"#2"},"south":{"uv":[2.22222,15.11111,1.77778,15.44444],"texture":"#2"},"west":{"uv":[15.44444,13.77778,15.11111,14.11111],"texture":"#2"},"up":{"uv":[4.88889,15.11111,4.44444,15.44444],"texture":"#2"},"down":{"uv":[5.77778,15.44444,5.33333,15.11111],"texture":"#2"}}},{"from":[7.75,9.75,5.5],"to":[8.25,11.75,7],"rotation":{"angle":-22.5,"axis":"x","origin":[7.5,9.75,4.5]},"faces":{"north":{"uv":[14.22222,12.88889,14.44444,13.77778],"texture":"#2"},"east":{"uv":[3.11111,10.66667,3.77778,11.55556],"texture":"#2"},"west":{"uv":[10.66667,4,11.33333,4.88889],"texture":"#2"},"up":{"uv":[6.44444,15.77778,6.22222,15.11111],"texture":"#2"},"down":{"uv":[7.33333,15.11111,7.11111,15.77778],"texture":"#2"}}},{"from":[7.5,8.75,6],"to":[8.5,10.25,7.75],"rotation":{"angle":-22.5,"axis":"x","origin":[7.5,9.75,4.5]},"faces":{"north":{"uv":[8,13.77778,8.44444,14.44444],"texture":"#2"},"east":{"uv":[10.66667,5.33333,11.44444,6],"texture":"#2"},"south":{"uv":[8.88889,13.77778,9.33333,14.44444],"texture":"#2"},"west":{"uv":[10.66667,6.66667,11.44444,7.33333],"texture":"#2"},"up":{"uv":[13.77778,7.44444,13.33333,6.66667],"texture":"#2"},"down":{"uv":[10.22222,13.33333,9.77778,14.11111],"texture":"#2"}}},{"from":[7.5,11,6],"to":[8.5,12,7],"rotation":{"angle":-22.5,"axis":"x","origin":[7.5,9.75,4.5]},"faces":{"north":{"uv":[14.22222,14.22222,14.66667,14.66667],"texture":"#2"},"east":{"uv":[14.66667,0.88889,15.11111,1.33333],"texture":"#2"},"south":{"uv":[14.66667,1.77778,15.11111,2.22222],"texture":"#2"},"west":{"uv":[2.66667,14.66667,3.11111,15.11111],"texture":"#2"},"up":{"uv":[15.11111,3.11111,14.66667,2.66667],"texture":"#2"},"down":{"uv":[15.11111,3.55556,14.66667,4],"texture":"#2"}}},{"from":[7.5,10.25,4.05],"to":[8.5,12.75,5.55],"rotation":{"angle":-22.5,"axis":"x","origin":[7.5,9.75,5.05]},"faces":{"north":{"uv":[10.66667,8,11.11111,9.11111],"texture":"#2"},"east":{"uv":[6.22222,10.22222,6.88889,11.33333],"texture":"#2"},"south":{"uv":[8.88889,10.66667,9.33333,11.77778],"texture":"#2"},"west":{"uv":[7.55556,10.22222,8.22222,11.33333],"texture":"#2"}}},{"from":[7.5,12.5,2.55],"to":[8.5,15.5,4.05],"rotation":{"angle":-22.5,"axis":"x","origin":[7.5,9.25,6.55]},"faces":{"north":{"uv":[4.44444,10.66667,4.88889,12],"texture":"#2"},"east":{"uv":[8,0,8.66667,1.33333],"texture":"#2"},"south":{"uv":[5.33333,10.66667,5.77778,12],"texture":"#2"},"west":{"uv":[8,1.77778,8.66667,3.11111],"texture":"#2"},"up":{"uv":[14.22222,9.55556,13.77778,8.88889],"texture":"#2"},"down":{"uv":[12,13.77778,11.55556,14.44444],"texture":"#2"}}},{"from":[7.5,14.78806,4.24134],"to":[8.5,15.53806,4.99134],"rotation":{"angle":-22.5,"axis":"x","origin":[7.5,8.78806,6.74134]},"faces":{"east":{"uv":[14.22222,15.11111,14.55556,15.44444],"texture":"#2"},"south":{"uv":[8,15.11111,8.44444,15.44444],"texture":"#2"},"west":{"uv":[15.11111,14.66667,15.44444,15],"texture":"#2"},"up":{"uv":[9.33333,15.44444,8.88889,15.11111],"texture":"#2"},"down":{"uv":[12,15.11111,11.55556,15.44444],"texture":"#2"}}},{"from":[7.5,9.25,3.05],"to":[8.5,10.25,5.55],"rotation":{"angle":-22.5,"axis":"x","origin":[7.5,9.75,5.05]},"faces":{"north":{"uv":[14.66667,4.44444,15.11111,4.88889],"texture":"#2"},"east":{"uv":[9.77778,10.66667,10.88889,11.11111],"texture":"#2"},"south":{"uv":[14.66667,5.33333,15.11111,5.77778],"texture":"#2"},"west":{"uv":[10.66667,9.77778,11.77778,10.22222],"texture":"#2"},"up":{"uv":[0.44444,12.66667,0,11.55556],"texture":"#2"},"down":{"uv":[12,8,11.55556,9.11111],"texture":"#2"}}},{"from":[7.5,10.25,3.05],"to":[8.5,10.75,3.55],"rotation":{"angle":-22.5,"axis":"x","origin":[7.5,9.75,5.05]},"faces":{"north":{"uv":[0,15.55556,0.44444,15.77778],"texture":"#2"},"east":{"uv":[15.55556,1.77778,15.77778,2],"texture":"#2"},"south":{"uv":[0.88889,15.55556,1.33333,15.77778],"texture":"#2"},"west":{"uv":[2.66667,15.55556,2.88889,15.77778],"texture":"#2"},"up":{"uv":[16,1.11111,15.55556,0.88889],"texture":"#2"}}},{"from":[7.4985,11.21298,1.86389],"to":[8.5015,12.71298,4.36389],"rotation":{"angle":0,"axis":"y","origin":[7.9985,11.96298,2.61389]},"faces":{"north":{"uv":[0,14.22222,0.44444,14.88889],"texture":"#2"},"east":{"uv":[10.66667,0,11.77778,0.66667],"texture":"#2"},"south":{"uv":[0.88889,14.22222,1.33333,14.88889],"texture":"#2"},"west":{"uv":[1.33333,10.66667,2.44444,11.33333],"texture":"#2"},"up":{"uv":[10.22222,12.66667,9.77778,11.55556],"texture":"#2"},"down":{"uv":[11.11111,11.55556,10.66667,12.66667],"texture":"#2"}}},{"from":[7.75,9.75,9],"to":[8.25,11.75,10.5],"rotation":{"angle":22.5,"axis":"x","origin":[7.5,9.75,11.5]},"faces":{"east":{"uv":[3.77778,10.66667,3.11111,11.55556],"texture":"#2"},"south":{"uv":[14.44444,12.88889,14.22222,13.77778],"texture":"#2"},"west":{"uv":[11.33333,4,10.66667,4.88889],"texture":"#2"},"up":{"uv":[6.44444,15.11111,6.22222,15.77778],"texture":"#2"},"down":{"uv":[7.33333,15.77778,7.11111,15.11111],"texture":"#2"}}},{"from":[7.5,11,9],"to":[8.5,12,10],"rotation":{"angle":22.5,"axis":"x","origin":[7.5,9.75,11.5]},"faces":{"north":{"uv":[15.11111,1.77778,14.66667,2.22222],"texture":"#2"},"east":{"uv":[15.11111,0.88889,14.66667,1.33333],"texture":"#2"},"south":{"uv":[14.66667,14.22222,14.22222,14.66667],"texture":"#2"},"west":{"uv":[3.11111,14.66667,2.66667,15.11111],"texture":"#2"},"up":{"uv":[15.11111,2.66667,14.66667,3.11111],"texture":"#2"},"down":{"uv":[15.11111,4,14.66667,3.55556],"texture":"#2"}}},{"from":[7.5,10.25,10.45],"to":[8.5,12.75,11.95],"rotation":{"angle":22.5,"axis":"x","origin":[7.5,9.75,10.95]},"faces":{"north":{"uv":[9.33333,10.66667,8.88889,11.77778],"texture":"#2"},"east":{"uv":[6.88889,10.22222,6.22222,11.33333],"texture":"#2"},"south":{"uv":[11.11111,8,10.66667,9.11111],"texture":"#2"},"west":{"uv":[8.22222,10.22222,7.55556,11.33333],"texture":"#2"}}},{"from":[7.5,12.5,11.95],"to":[8.5,15.5,13.45],"rotation":{"angle":22.5,"axis":"x","origin":[7.5,9.25,9.45]},"faces":{"north":{"uv":[5.77778,10.66667,5.33333,12],"texture":"#2"},"east":{"uv":[8.66667,0,8,1.33333],"texture":"#2"},"south":{"uv":[4.88889,10.66667,4.44444,12],"texture":"#2"},"west":{"uv":[8.66667,1.77778,8,3.11111],"texture":"#2"},"up":{"uv":[14.22222,8.88889,13.77778,9.55556],"texture":"#2"},"down":{"uv":[12,14.44444,11.55556,13.77778],"texture":"#2"}}},{"from":[7.5,14.78806,11.00866],"to":[8.5,15.53806,11.75866],"rotation":{"angle":22.5,"axis":"x","origin":[7.5,8.78806,9.25866]},"faces":{"north":{"uv":[8.44444,15.11111,8,15.44444],"texture":"#2"},"east":{"uv":[14.55556,15.11111,14.22222,15.44444],"texture":"#2"},"west":{"uv":[15.44444,14.66667,15.11111,15],"texture":"#2"},"up":{"uv":[9.33333,15.11111,8.88889,15.44444],"texture":"#2"},"down":{"uv":[12,15.44444,11.55556,15.11111],"texture":"#2"}}},{"from":[7.5,9.25,10.45],"to":[8.5,10.25,12.95],"rotation":{"angle":22.5,"axis":"x","origin":[7.5,9.75,10.95]},"faces":{"north":{"uv":[15.11111,5.33333,14.66667,5.77778],"texture":"#2"},"east":{"uv":[10.88889,10.66667,9.77778,11.11111],"texture":"#2"},"south":{"uv":[15.11111,4.44444,14.66667,4.88889],"texture":"#2"},"west":{"uv":[11.77778,9.77778,10.66667,10.22222],"texture":"#2"},"up":{"uv":[0.44444,11.55556,0,12.66667],"texture":"#2"},"down":{"uv":[12,9.11111,11.55556,8],"texture":"#2"}}},{"from":[7.5,10.25,12.45],"to":[8.5,10.75,12.95],"rotation":{"angle":22.5,"axis":"x","origin":[7.5,9.75,10.95]},"faces":{"north":{"uv":[1.33333,15.55556,0.88889,15.77778],"texture":"#2"},"east":{"uv":[15.77778,1.77778,15.55556,2],"texture":"#2"},"south":{"uv":[0.44444,15.55556,0,15.77778],"texture":"#2"},"west":{"uv":[2.88889,15.55556,2.66667,15.77778],"texture":"#2"},"up":{"uv":[16,0.88889,15.55556,1.11111],"texture":"#2"}}},{"from":[7.4985,11.21298,11.63611],"to":[8.5015,12.71298,14.13611],"rotation":{"angle":0,"axis":"y","origin":[7.9985,11.96298,13.38611]},"faces":{"north":{"uv":[1.33333,14.22222,0.88889,14.88889],"texture":"#2"},"east":{"uv":[11.77778,0,10.66667,0.66667],"texture":"#2"},"south":{"uv":[0.44444,14.22222,0,14.88889],"texture":"#2"},"west":{"uv":[2.44444,10.66667,1.33333,11.33333],"texture":"#2"},"up":{"uv":[10.22222,11.55556,9.77778,12.66667],"texture":"#2"},"down":{"uv":[11.11111,12.66667,10.66667,11.55556],"texture":"#2"}}},{"from":[7.5,8.75,8.25],"to":[8.5,10.25,10],"rotation":{"angle":22.5,"axis":"x","origin":[7.5,9.75,11.5]},"faces":{"north":{"uv":[9.33333,13.77778,8.88889,14.44444],"texture":"#2"},"east":{"uv":[11.44444,5.33333,10.66667,6],"texture":"#2"},"south":{"uv":[8.44444,13.77778,8,14.44444],"texture":"#2"},"west":{"uv":[11.44444,6.66667,10.66667,7.33333],"texture":"#2"},"up":{"uv":[13.77778,6.66667,13.33333,7.44444],"texture":"#2"},"down":{"uv":[10.22222,14.11111,9.77778,13.33333],"texture":"#2"}}},{"from":[7,11.25,6],"to":[9,13.25,7],"rotation":{"angle":-45,"axis":"x","origin":[8,12.25,8]},"faces":{"north":{"uv":[9.33333,2.66667,10.22222,3.55556],"texture":"#2"},"east":{"uv":[4.44444,12.44444,4.88889,13.33333],"texture":"#2"},"south":{"uv":[9.33333,4,10.22222,4.88889],"texture":"#2"},"west":{"uv":[5.33333,12.44444,5.77778,13.33333],"texture":"#2"}}},{"from":[7,11.25,9],"to":[9,13.25,10],"rotation":{"angle":-45,"axis":"x","origin":[8,12.25,8]},"faces":{"north":{"uv":[4.88889,9.33333,5.77778,10.22222],"texture":"#2"},"east":{"uv":[12.44444,7.55556,12.88889,8.44444],"texture":"#2"},"south":{"uv":[9.33333,5.33333,10.22222,6.22222],"texture":"#2"},"west":{"uv":[8.88889,12.44444,9.33333,13.33333],"texture":"#2"}}},{"from":[7,13.25,6],"to":[9,14.25,7],"rotation":{"angle":-45,"axis":"x","origin":[8,12.25,8]},"faces":{"north":{"uv":[12.44444,8.88889,13.33333,9.33333],"texture":"#2"},"east":{"uv":[14.66667,7.55556,15.11111,8],"texture":"#2"},"west":{"uv":[14.66667,8.44444,15.11111,8.88889],"texture":"#2"},"up":{"uv":[13.33333,10.22222,12.44444,9.77778],"texture":"#2"}}},{"from":[7,10.25,6],"to":[9,11.25,7],"rotation":{"angle":-45,"axis":"x","origin":[8,12.25,8]},"faces":{"north":{"uv":[6.22222,12.88889,7.11111,13.33333],"texture":"#2"},"east":{"uv":[14.66667,9.33333,15.11111,9.77778],"texture":"#2"},"west":{"uv":[9.77778,14.66667,10.22222,15.11111],"texture":"#2"},"down":{"uv":[8.44444,12.88889,7.55556,13.33333],"texture":"#2"}}},{"from":[7,13.25,9],"to":[9,14.25,10],"rotation":{"angle":-45,"axis":"x","origin":[8,12.25,8]},"faces":{"east":{"uv":[10.66667,14.66667,11.11111,15.11111],"texture":"#2"},"south":{"uv":[12.88889,10.66667,13.77778,11.11111],"texture":"#2"},"west":{"uv":[12.44444,14.66667,12.88889,15.11111],"texture":"#2"},"up":{"uv":[12.44444,13.33333,11.55556,12.88889],"texture":"#2"}}},{"from":[7,13.25,7],"to":[9,14.25,9],"rotation":{"angle":-45,"axis":"x","origin":[8,12.25,8]},"faces":{"east":{"uv":[12.88889,11.55556,13.77778,12],"texture":"#2"},"west":{"uv":[12.88889,12.44444,13.77778,12.88889],"texture":"#2"},"up":{"uv":[10.22222,7.55556,9.33333,6.66667],"texture":"#2"},"down":{"uv":[10.22222,8,9.33333,8.88889],"texture":"#2"}}},{"from":[7.25,10.75,6.5],"to":[8.75,13.75,9.5],"rotation":{"angle":-45,"axis":"x","origin":[8,12.25,8]},"faces":{"east":{"uv":[1.33333,5.77778,2.66667,7.11111],"texture":"#2"},"west":{"uv":[6.22222,0,7.55556,1.33333],"texture":"#2"}}},{"from":[7,10.25,7],"to":[9,11.25,9],"rotation":{"angle":-45,"axis":"x","origin":[8,12.25,8]},"faces":{"east":{"uv":[0,13.33333,0.88889,13.77778],"texture":"#2"},"west":{"uv":[13.33333,0.88889,14.22222,1.33333],"texture":"#2"},"up":{"uv":[10.22222,10.22222,9.33333,9.33333],"texture":"#2"},"down":{"uv":[0.88889,10.22222,0,11.11111],"texture":"#2"}}},{"from":[7,10.25,9],"to":[9,11.25,10],"rotation":{"angle":-45,"axis":"x","origin":[8,12.25,8]},"faces":{"east":{"uv":[13.33333,14.66667,13.77778,15.11111],"texture":"#2"},"south":{"uv":[1.33333,13.33333,2.22222,13.77778],"texture":"#2"},"west":{"uv":[15.11111,0,15.55556,0.44444],"texture":"#2"},"down":{"uv":[14.22222,1.77778,13.33333,2.22222],"texture":"#2"}}},{"from":[7.6,8.25,4.25],"to":[7.61,17.25,5.5],"rotation":{"angle":-45,"axis":"y","origin":[7.6,11.25,4.25]},"faces":{"east":{"uv":[0.55556,5.77778,0,9.77778],"texture":"#2"},"west":{"uv":[0,5.77778,0.55556,9.77778],"texture":"#2"}}},{"from":[6.71612,8.25,5.13388],"to":[6.72612,17.25,7.88388],"rotation":{"angle":0,"axis":"y","origin":[6.71612,11.25,5.13388]},"faces":{"east":{"uv":[6.55556,3.11111,5.33333,7.11111],"texture":"#2"},"west":{"uv":[5.33333,3.11111,6.55556,7.11111],"texture":"#2"}}},{"from":[6.71612,8.25,8.11612],"to":[6.72612,17.25,10.86612],"rotation":{"angle":0,"axis":"y","origin":[6.71612,11.25,10.86612]},"faces":{"east":{"uv":[5.33333,3.11111,6.55556,7.11111],"texture":"#2"},"west":{"uv":[6.55556,3.11111,5.33333,7.11111],"texture":"#2"}}},{"from":[7.6,8.25,10.5],"to":[7.61,17.25,11.75],"rotation":{"angle":45,"axis":"y","origin":[7.6,11.25,11.75]},"faces":{"east":{"uv":[0,5.77778,0.55556,9.77778],"texture":"#2"},"west":{"uv":[0.55556,5.77778,0,9.77778],"texture":"#2"}}},{"from":[9.27388,8.25,8.11612],"to":[9.28388,17.25,10.86612],"rotation":{"angle":0,"axis":"y","origin":[9.28388,11.25,10.86612]},"faces":{"east":{"uv":[5.33333,3.11111,6.55556,7.11111],"texture":"#2"},"west":{"uv":[6.55556,3.11111,5.33333,7.11111],"texture":"#2"}}},{"from":[8.39,8.25,10.5],"to":[8.4,17.25,11.75],"rotation":{"angle":-45,"axis":"y","origin":[8.4,11.25,11.75]},"faces":{"east":{"uv":[0,5.77778,0.55556,9.77778],"texture":"#2"},"west":{"uv":[0.55556,5.77778,0,9.77778],"texture":"#2"}}},{"from":[9.27388,8.25,5.13388],"to":[9.28388,17.25,7.88388],"rotation":{"angle":0,"axis":"y","origin":[9.28388,11.25,5.13388]},"faces":{"east":{"uv":[6.55556,3.11111,5.33333,7.11111],"texture":"#2"},"west":{"uv":[5.33333,3.11111,6.55556,7.11111],"texture":"#2"}}},{"from":[8.39,8.25,4.25],"to":[8.4,17.25,5.5],"rotation":{"angle":45,"axis":"y","origin":[8.4,11.25,4.25]},"faces":{"east":{"uv":[0.55556,5.77778,0,9.77778],"texture":"#2"},"west":{"uv":[0,5.77778,0.55556,9.77778],"texture":"#2"}}},{"from":[7.995,5,-1],"to":[8.005,17,5],"rotation":{"angle":0,"axis":"y","origin":[7.995,6,-1]},"faces":{"east":{"uv":[2.66667,0,0,5.33333],"texture":"#2"},"west":{"uv":[0,0,2.66667,5.33333],"texture":"#2"}}},{"from":[7.745,4.75,-2],"to":[8.255,20.75,5],"light_emission":15,"rotation":{"angle":0,"axis":"y","origin":[7.995,5.75,-1]},"faces":{"east":{"uv":[7.5,0,0.5,16],"texture":"#5"},"west":{"uv":[0.5,0,7.5,16],"texture":"#5"}}},{"from":[7.985,9,11],"to":[8.015,15,17],"rotation":{"angle":0,"axis":"y","origin":[7.985,6,11]},"faces":{"east":{"uv":[5.77778,0,3.11111,2.66667],"texture":"#2"},"west":{"uv":[3.11111,0,5.77778,2.66667],"texture":"#2"}}}],"gui_light":"front","display":{"thirdperson_righthand":{"translation":[0,3.75,1]},"thirdperson_lefthand":{"translation":[0,3.75,1]},"firstperson_righthand":{"rotation":[-5.75,0,0],"translation":[0.5,3.75,1],"scale":[0.65,0.65,0.65]},"firstperson_lefthand":{"rotation":[-5.75,0,0],"translation":[0.5,3.75,1],"scale":[0.65,0.65,0.65]},"ground":{"rotation":[-45,0,0],"translation":[0,5,0],"scale":[0.6,0.6,0.6]},"gui":{"rotation":[-90,135,90],"translation":[0.5,0.5,0],"scale":[0.7,0.7,0.7]},"head":{"rotation":[0,-90,0]},"fixed":{"rotation":[0,-90,0],"translation":[0,5.75,-2],"scale":[2,2,2]}}}