{"format_version":"1.9.0","credit":"Pologony Creation Co.,Ltd.","texture_size":[44,44],"textures":{"1":"plny_luminite_set:animated/animated_1","2":"plny_luminite_set:bow","particle":"plny_luminite_set:bow"},"elements":[{"from":[7,2.75,7],"to":[9,4.75,9],"rotation":{"angle":-45,"axis":"x","origin":[8,3.75,8]},"faces":{"north":{"uv":[9.45455,3.63636,10.18182,4.36364],"texture":"#2"},"east":{"uv":[9.45455,4.72727,10.18182,5.45455],"texture":"#2"},"south":{"uv":[9.45455,5.81818,10.18182,6.54545],"texture":"#2"},"west":{"uv":[9.45455,6.90909,10.18182,7.63636],"texture":"#2"},"up":{"uv":[8.36364,10.18182,7.63636,9.45455],"texture":"#2"},"down":{"uv":[10.18182,8,9.45455,8.72727],"texture":"#2"}}},{"from":[7,4.5,7],"to":[9,5.5,9],"rotation":{"angle":45,"axis":"y","origin":[8,3,8]},"faces":{"north":{"uv":[13.09091,1.09091,13.81818,1.45455],"texture":"#2"},"east":{"uv":[13.09091,3.27273,13.81818,3.63636],"texture":"#2"},"south":{"uv":[3.63636,13.09091,4.36364,13.45455],"texture":"#2"},"west":{"uv":[4.72727,13.09091,5.45455,13.45455],"texture":"#2"},"up":{"uv":[9.45455,10.18182,8.72727,9.45455],"texture":"#2"},"down":{"uv":[10.54545,9.09091,9.81818,9.81818],"texture":"#2"}}},{"from":[7.25,5.5,7.25],"to":[8.75,7,8.75],"rotation":{"angle":45,"axis":"y","origin":[8,3,8]},"faces":{"north":{"uv":[12,1.09091,12.54545,1.63636],"texture":"#2"},"east":{"uv":[12,3.27273,12.54545,3.81818],"texture":"#2"},"south":{"uv":[12,8.72727,12.54545,9.27273],"texture":"#2"},"west":{"uv":[12,9.81818,12.54545,10.36364],"texture":"#2"},"up":{"uv":[12.90909,2.72727,12.36364,2.18182],"texture":"#2"}}},{"from":[7.5,7,7.5],"to":[8.5,9.5,8.5],"rotation":{"angle":45,"axis":"y","origin":[8,3,8]},"faces":{"north":{"uv":[2.18182,12,2.54545,12.90909],"texture":"#2"},"east":{"uv":[2.90909,12,3.27273,12.90909],"texture":"#2"},"south":{"uv":[6.54545,12,6.90909,12.90909],"texture":"#2"},"west":{"uv":[7.27273,12,7.63636,12.90909],"texture":"#2"}}},{"from":[7.32322,9.5,7.5],"to":[8.57322,11,8.75],"rotation":{"angle":45,"axis":"y","origin":[7.82322,3,8]},"faces":{"north":{"uv":[13.81818,5.45455,14.27273,6],"texture":"#2"},"east":{"uv":[13.81818,6.54545,14.27273,7.09091],"texture":"#2"},"south":{"uv":[13.81818,7.63636,14.27273,8.18182],"texture":"#2"},"west":{"uv":[8.72727,13.81818,9.18182,14.36364],"texture":"#2"},"up":{"uv":[14.27273,13.54545,13.81818,13.09091],"texture":"#2"},"down":{"uv":[0.45455,14.18182,0,14.63636],"texture":"#2"}}},{"from":[6.68934,11,7.75],"to":[8.68934,12,9.75],"rotation":{"angle":45,"axis":"y","origin":[6.93934,10.5,8]},"faces":{"north":{"uv":[13.09091,8.72727,13.81818,9.09091],"texture":"#2"},"east":{"uv":[9.45455,13.09091,10.18182,13.45455],"texture":"#2"},"south":{"uv":[13.09091,9.45455,13.81818,9.81818],"texture":"#2"},"west":{"uv":[13.09091,10.18182,13.81818,10.54545],"texture":"#2"},"down":{"uv":[0.72727,10.18182,0,10.90909],"texture":"#2"}}},{"from":[6.43934,12,7.5],"to":[8.93934,12.5,10],"rotation":{"angle":45,"axis":"y","origin":[6.93934,10.5,8]},"faces":{"north":{"uv":[14.18182,3.27273,15.09091,3.45455],"texture":"#2"},"east":{"uv":[14.18182,8.72727,15.09091,8.90909],"texture":"#2"},"south":{"uv":[14.18182,9.45455,15.09091,9.63636],"texture":"#2"},"west":{"uv":[14.18182,10.18182,15.09091,10.36364],"texture":"#2"},"up":{"uv":[8.90909,7.45455,8,6.54545],"texture":"#2"},"down":{"uv":[8.90909,8,8,8.90909],"texture":"#2"}}},{"from":[8.75,11.5,9.33079],"to":[12.25,20.75,9.34079],"light_emission":15,"rotation":{"angle":45,"axis":"x","origin":[10.5,16.125,9.33579]},"faces":{"north":{"uv":[8.5,6.66667,10.83333,12.83333],"texture":"#1"},"south":{"uv":[10.83333,6.66667,8.5,12.83333],"texture":"#1"}}},{"from":[3.75,11.5,9.33079],"to":[7.25,20.75,9.34079],"light_emission":15,"rotation":{"angle":45,"axis":"x","origin":[5.5,16.125,9.33579]},"faces":{"north":{"uv":[10.83333,6.66667,8.5,12.83333],"texture":"#1"},"south":{"uv":[8.5,6.66667,10.83333,12.83333],"texture":"#1"}}},{"from":[7.985,19.3701,7.68773],"to":[8.015,23.8701,16.93773],"light_emission":15,"rotation":{"angle":-22.5,"axis":"x","origin":[8,19.77899,11.41792]},"faces":{"east":{"uv":[11.5,0,8.5,6.16667],"rotation":270,"texture":"#1"},"west":{"uv":[8.5,0,11.5,6.16667],"rotation":90,"texture":"#1"}}},{"from":[6.995,20.7961,-1.45672],"to":[9.005,24.0461,17.79328],"light_emission":15,"rotation":{"angle":-45,"axis":"x","origin":[8,22.4211,11.16828]},"faces":{"east":{"uv":[2.16666,0,0,12.83333],"rotation":270,"texture":"#1"},"west":{"uv":[0,0,2.16666,12.83333],"rotation":90,"texture":"#1"}}},{"from":[6.995,-8.0461,-1.45672],"to":[9.005,-4.7961,17.79328],"light_emission":15,"rotation":{"angle":45,"axis":"x","origin":[8,-6.4211,11.16828]},"faces":{"east":{"uv":[0,0,2.16666,12.83333],"rotation":270,"texture":"#1"},"west":{"uv":[2.16666,0,0,12.83333],"rotation":90,"texture":"#1"}}},{"from":[11,5.07522,-0.57804],"to":[11.01,8.32522,18.67196],"light_emission":15,"rotation":{"angle":-45,"axis":"z","origin":[11.005,6.70022,9.04696]},"faces":{"east":{"uv":[0,0,2.16666,12.83333],"rotation":270,"texture":"#1"},"west":{"uv":[2.16666,0,0,12.83333],"rotation":90,"texture":"#1"}}},{"from":[4.99,5.07522,-0.57804],"to":[5,8.32522,18.67196],"light_emission":15,"rotation":{"angle":45,"axis":"z","origin":[4.995,6.70022,9.04696]},"faces":{"east":{"uv":[2.16666,12.83333,0,0],"rotation":90,"texture":"#1"},"west":{"uv":[0,12.83333,2.16666,0],"rotation":270,"texture":"#1"}}},{"from":[4.99,7.67478,-0.57804],"to":[5,10.92478,18.67196],"light_emission":15,"rotation":{"angle":-45,"axis":"z","origin":[4.995,9.29978,9.04696]},"faces":{"east":{"uv":[0,12.83333,2.16666,0],"rotation":90,"texture":"#1"},"west":{"uv":[2.16666,12.83333,0,0],"rotation":270,"texture":"#1"}}},{"from":[11,7.67478,-0.57804],"to":[11.01,10.92478,18.67196],"light_emission":15,"rotation":{"angle":45,"axis":"z","origin":[11.005,9.29978,9.04696]},"faces":{"east":{"uv":[2.16666,0,0,12.83333],"rotation":270,"texture":"#1"},"west":{"uv":[0,0,2.16666,12.83333],"rotation":90,"texture":"#1"}}},{"from":[7.25,18.37622,10.06091],"to":[8.75,19.87622,12.56091],"rotation":{"angle":-22.5,"axis":"x","origin":[8,19.77899,11.41792]},"faces":{"east":{"uv":[10.54545,1.09091,11.45455,1.63636],"texture":"#2"},"west":{"uv":[10.54545,3.27273,11.45455,3.81818],"texture":"#2"},"up":{"uv":[11.09091,5.27273,10.54545,4.36364],"texture":"#2"},"down":{"uv":[11.09091,5.81818,10.54545,6.72727],"texture":"#2"}}},{"from":[7.25,20.18175,11.77494],"to":[8.75,21.68175,14.77494],"rotation":{"angle":-22.5,"axis":"x","origin":[8,19.77899,11.41792]},"faces":{"north":{"uv":[12.36364,4.36364,12.90909,4.90909],"texture":"#2"},"east":{"uv":[9.09091,0,10.18182,0.54545],"texture":"#2"},"south":{"uv":[12.72727,0,13.27273,0.54545],"texture":"#2"},"west":{"uv":[9.09091,1.09091,10.18182,1.63636],"texture":"#2"},"up":{"uv":[9.63636,3.27273,9.09091,2.18182],"texture":"#2"},"down":{"uv":[7.09091,9.09091,6.54545,10.18182],"texture":"#2"}}},{"from":[7.25,19.43175,14.02494],"to":[8.75,20.18175,14.77494],"rotation":{"angle":-22.5,"axis":"x","origin":[8,19.77899,11.41792]},"faces":{"north":{"uv":[11.27273,14.18182,11.81818,14.45455],"texture":"#2"},"east":{"uv":[14.90909,14.90909,15.18182,15.18182],"texture":"#2"},"south":{"uv":[13.45455,14.18182,14,14.45455],"texture":"#2"},"west":{"uv":[0,15.27273,0.27273,15.54545],"texture":"#2"},"down":{"uv":[15.09091,1.45455,14.54545,1.72727],"texture":"#2"}}},{"from":[7.25,18.37622,9.06091],"to":[8.75,20.87622,10.06091],"rotation":{"angle":-22.5,"axis":"x","origin":[8,19.77899,11.41792]},"faces":{"north":{"uv":[6.54545,10.54545,7.09091,11.45455],"texture":"#2"},"east":{"uv":[8,12,8.36364,12.90909],"texture":"#2"},"south":{"uv":[10.54545,7.27273,11.09091,8.18182],"texture":"#2"},"west":{"uv":[8.72727,12,9.09091,12.90909],"texture":"#2"},"up":{"uv":[14.72727,1.09091,14.18182,0.72727],"texture":"#2"},"down":{"uv":[1.63636,14.18182,1.09091,14.54545],"texture":"#2"}}},{"from":[7.25,20.37622,10.06091],"to":[8.75,20.87622,10.56091],"rotation":{"angle":-22.5,"axis":"x","origin":[8,19.77899,11.41792]},"faces":{"east":{"uv":[15.27273,2.18182,15.45455,2.36364],"texture":"#2"},"south":{"uv":[8.36364,14.90909,8.90909,15.09091],"texture":"#2"},"west":{"uv":[2.54545,15.27273,2.72727,15.45455],"texture":"#2"},"up":{"uv":[10,15.09091,9.45455,14.90909],"texture":"#2"},"down":{"uv":[11.81818,14.90909,11.27273,15.09091],"texture":"#2"}}},{"from":[7.2485,18.9204,11.51071],"to":[8.7515,21.4204,13.01071],"rotation":{"angle":0,"axis":"x","origin":[8,19.77899,11.41792]},"faces":{"north":{"uv":[7.63636,10.54545,8.18182,11.45455],"texture":"#2"},"east":{"uv":[8.72727,10.54545,9.27273,11.45455],"texture":"#2"},"south":{"uv":[10.90909,8.72727,11.45455,9.63636],"texture":"#2"},"west":{"uv":[10.90909,10.18182,11.45455,11.09091],"texture":"#2"},"up":{"uv":[13.27273,6,12.72727,5.45455],"texture":"#2"},"down":{"uv":[13.27273,6.54545,12.72727,7.09091],"texture":"#2"}}},{"from":[7.985,-7.8701,7.68773],"to":[8.015,-3.3701,16.93773],"light_emission":15,"rotation":{"angle":22.5,"axis":"x","origin":[8,-3.77899,11.41792]},"faces":{"east":{"uv":[8.5,0,11.5,6.16667],"rotation":270,"texture":"#1"},"west":{"uv":[11.5,0,8.5,6.16667],"rotation":90,"texture":"#1"}}},{"from":[7.25,-3.87622,10.06091],"to":[8.75,-2.37622,12.56091],"rotation":{"angle":22.5,"axis":"x","origin":[8,-3.77899,11.41792]},"faces":{"east":{"uv":[10.54545,1.63636,11.45455,1.09091],"texture":"#2"},"west":{"uv":[10.54545,3.81818,11.45455,3.27273],"texture":"#2"},"up":{"uv":[11.09091,6.72727,10.54545,5.81818],"texture":"#2"},"down":{"uv":[11.09091,4.36364,10.54545,5.27273],"texture":"#2"}}},{"from":[7.25,-5.68175,11.77494],"to":[8.75,-4.18175,14.77494],"rotation":{"angle":22.5,"axis":"x","origin":[8,-3.77899,11.41792]},"faces":{"north":{"uv":[12.36364,4.90909,12.90909,4.36364],"texture":"#2"},"east":{"uv":[9.09091,0.54545,10.18182,0],"texture":"#2"},"south":{"uv":[12.72727,0.54545,13.27273,0],"texture":"#2"},"west":{"uv":[9.09091,1.63636,10.18182,1.09091],"texture":"#2"},"up":{"uv":[7.09091,10.18182,6.54545,9.09091],"texture":"#2"},"down":{"uv":[9.63636,2.18182,9.09091,3.27273],"texture":"#2"}}},{"from":[7.25,-4.18175,14.02494],"to":[8.75,-3.43175,14.77494],"rotation":{"angle":22.5,"axis":"x","origin":[8,-3.77899,11.41792]},"faces":{"north":{"uv":[11.27273,14.45455,11.81818,14.18182],"texture":"#2"},"east":{"uv":[14.90909,15.18182,15.18182,14.90909],"texture":"#2"},"south":{"uv":[13.45455,14.45455,14,14.18182],"texture":"#2"},"west":{"uv":[0,15.54545,0.27273,15.27273],"texture":"#2"},"up":{"uv":[15.09091,1.72727,14.54545,1.45455],"texture":"#2"}}},{"from":[7.25,-4.87622,9.06091],"to":[8.75,-2.37622,10.06091],"rotation":{"angle":22.5,"axis":"x","origin":[8,-3.77899,11.41792]},"faces":{"north":{"uv":[6.54545,11.45455,7.09091,10.54545],"texture":"#2"},"east":{"uv":[8,12.90909,8.36364,12],"texture":"#2"},"south":{"uv":[10.54545,8.18182,11.09091,7.27273],"texture":"#2"},"west":{"uv":[8.72727,12.90909,9.09091,12],"texture":"#2"},"up":{"uv":[1.63636,14.54545,1.09091,14.18182],"texture":"#2"},"down":{"uv":[14.72727,0.72727,14.18182,1.09091],"texture":"#2"}}},{"from":[7.25,-4.87622,10.06091],"to":[8.75,-4.37622,10.56091],"rotation":{"angle":22.5,"axis":"x","origin":[8,-3.77899,11.41792]},"faces":{"east":{"uv":[15.27273,2.36364,15.45455,2.18182],"texture":"#2"},"south":{"uv":[8.36364,15.09091,8.90909,14.90909],"texture":"#2"},"west":{"uv":[2.54545,15.45455,2.72727,15.27273],"texture":"#2"},"up":{"uv":[11.81818,15.09091,11.27273,14.90909],"texture":"#2"},"down":{"uv":[10,14.90909,9.45455,15.09091],"texture":"#2"}}},{"from":[7.2485,-5.4204,11.51071],"to":[8.7515,-2.9204,13.01071],"rotation":{"angle":0,"axis":"x","origin":[8,-3.77899,11.41792]},"faces":{"north":{"uv":[7.63636,11.45455,8.18182,10.54545],"texture":"#2"},"east":{"uv":[8.72727,11.45455,9.27273,10.54545],"texture":"#2"},"south":{"uv":[10.90909,9.63636,11.45455,8.72727],"texture":"#2"},"west":{"uv":[10.90909,11.09091,11.45455,10.18182],"texture":"#2"},"up":{"uv":[13.27273,7.09091,12.72727,6.54545],"texture":"#2"},"down":{"uv":[13.27273,5.45455,12.72727,6],"texture":"#2"}}},{"from":[7,13.75,6],"to":[9,15.75,7],"rotation":{"angle":-45,"axis":"x","origin":[8,14.75,8]},"faces":{"north":{"uv":[1.09091,10.18182,1.81818,10.90909],"texture":"#2"},"east":{"uv":[5.81818,13.09091,6.18182,13.81818],"texture":"#2"},"south":{"uv":[2.18182,10.18182,2.90909,10.90909],"texture":"#2"},"west":{"uv":[10.54545,13.09091,10.90909,13.81818],"texture":"#2"}}},{"from":[7,13.75,9],"to":[9,15.75,10],"rotation":{"angle":-45,"axis":"x","origin":[8,14.75,8]},"faces":{"north":{"uv":[10.18182,2.18182,10.90909,2.90909],"texture":"#2"},"east":{"uv":[11.27273,13.09091,11.63636,13.81818],"texture":"#2"},"south":{"uv":[3.27273,10.18182,4,10.90909],"texture":"#2"},"west":{"uv":[12,13.09091,12.36364,13.81818],"texture":"#2"}}},{"from":[7,15.75,6],"to":[9,16.75,7],"rotation":{"angle":-45,"axis":"x","origin":[8,14.75,8]},"faces":{"north":{"uv":[12.72727,13.09091,13.45455,13.45455],"texture":"#2"},"east":{"uv":[12,10.90909,12.36364,11.27273],"texture":"#2"},"west":{"uv":[14.54545,2.18182,14.90909,2.54545],"texture":"#2"},"up":{"uv":[0.72727,13.81818,0,13.45455],"texture":"#2"}}},{"from":[7,12.75,6],"to":[9,13.75,7],"rotation":{"angle":-45,"axis":"x","origin":[8,14.75,8]},"faces":{"north":{"uv":[13.45455,1.81818,14.18182,2.18182],"texture":"#2"},"east":{"uv":[2.90909,14.54545,3.27273,14.90909],"texture":"#2"},"west":{"uv":[3.63636,14.54545,4,14.90909],"texture":"#2"},"down":{"uv":[2.90909,13.45455,2.18182,13.81818],"texture":"#2"}}},{"from":[7,15.75,9],"to":[9,16.75,10],"rotation":{"angle":-45,"axis":"x","origin":[8,14.75,8]},"faces":{"east":{"uv":[14.54545,4,14.90909,4.36364],"texture":"#2"},"south":{"uv":[13.45455,2.54545,14.18182,2.90909],"texture":"#2"},"west":{"uv":[4.36364,14.54545,4.72727,14.90909],"texture":"#2"},"up":{"uv":[14.18182,4.36364,13.45455,4],"texture":"#2"}}},{"from":[7,15.75,7],"to":[9,16.75,9],"rotation":{"angle":-45,"axis":"x","origin":[8,14.75,8]},"faces":{"east":{"uv":[13.45455,4.72727,14.18182,5.09091],"texture":"#2"},"west":{"uv":[6.54545,13.45455,7.27273,13.81818],"texture":"#2"},"up":{"uv":[5.09091,10.90909,4.36364,10.18182],"texture":"#2"},"down":{"uv":[6.18182,10.18182,5.45455,10.90909],"texture":"#2"}}},{"from":[7.25,13.25,6.5],"to":[8.75,16.25,9.5],"rotation":{"angle":-45,"axis":"x","origin":[8,14.75,8]},"faces":{"east":{"uv":[8,3.63636,9.09091,4.72727],"texture":"#2"},"west":{"uv":[8,5.09091,9.09091,6.18182],"texture":"#2"}}},{"from":[7,12.75,7],"to":[9,13.75,9],"rotation":{"angle":-45,"axis":"x","origin":[8,14.75,8]},"faces":{"east":{"uv":[7.63636,13.45455,8.36364,13.81818],"texture":"#2"},"west":{"uv":[13.81818,0,14.54545,0.36364],"texture":"#2"},"up":{"uv":[10.54545,10.90909,9.81818,10.18182],"texture":"#2"},"down":{"uv":[11.27273,0,10.54545,0.72727],"texture":"#2"}}},{"from":[7,12.75,9],"to":[9,13.75,10],"rotation":{"angle":-45,"axis":"x","origin":[8,14.75,8]},"faces":{"east":{"uv":[14.54545,4.72727,14.90909,5.09091],"texture":"#2"},"south":{"uv":[3.27273,13.81818,4,14.18182],"texture":"#2"},"west":{"uv":[14.54545,10.90909,14.90909,11.27273],"texture":"#2"},"down":{"uv":[5.09091,13.81818,4.36364,14.18182],"texture":"#2"}}},{"from":[6.48425,5.15348,1.74782],"to":[6.49425,6.40348,10.74782],"rotation":{"angle":45,"axis":"z","origin":[7.9,5.65,6.24782]},"faces":{"east":{"uv":[8,3.27273,8.45455,0],"rotation":270,"texture":"#2"},"west":{"uv":[8.45455,3.27273,8,0],"rotation":90,"texture":"#2"}}},{"from":[5.83955,5.07895,1.74782],"to":[5.84955,7.82895,10.74782],"rotation":{"angle":22.5,"axis":"z","origin":[5.84455,6.45395,6.24782]},"faces":{"east":{"uv":[6.54545,8.72727,7.54545,5.45455],"rotation":270,"texture":"#2"},"west":{"uv":[7.54545,8.72727,6.54545,5.45455],"rotation":90,"texture":"#2"}}},{"from":[9.50575,5.15348,1.74782],"to":[9.51575,6.40348,10.74782],"rotation":{"angle":-45,"axis":"z","origin":[8.1,5.65,6.24782]},"faces":{"east":{"uv":[8.45455,0,8,3.27273],"rotation":90,"texture":"#2"},"west":{"uv":[8,0,8.45455,3.27273],"rotation":270,"texture":"#2"}}},{"from":[10.15045,5.07895,1.74782],"to":[10.16045,7.82895,10.74782],"rotation":{"angle":-22.5,"axis":"z","origin":[10.15545,6.45395,6.24782]},"faces":{"east":{"uv":[7.54545,5.45455,6.54545,8.72727],"rotation":90,"texture":"#2"},"west":{"uv":[6.54545,5.45455,7.54545,8.72727],"rotation":270,"texture":"#2"}}},{"from":[6.48425,9.59652,1.74782],"to":[6.49425,10.84652,10.74782],"rotation":{"angle":-45,"axis":"z","origin":[7.9,10.35,6.24782]},"faces":{"east":{"uv":[8.45455,3.27273,8,0],"rotation":270,"texture":"#2"},"west":{"uv":[8,3.27273,8.45455,0],"rotation":90,"texture":"#2"}}},{"from":[5.83955,8.17105,1.74782],"to":[5.84955,10.92105,10.74782],"rotation":{"angle":-22.5,"axis":"z","origin":[5.84455,9.54605,6.24782]},"faces":{"east":{"uv":[7.54545,8.72727,6.54545,5.45455],"rotation":270,"texture":"#2"},"west":{"uv":[6.54545,8.72727,7.54545,5.45455],"rotation":90,"texture":"#2"}}},{"from":[10.15045,8.17105,1.74782],"to":[10.16045,10.92105,10.74782],"rotation":{"angle":22.5,"axis":"z","origin":[10.15545,9.54605,6.24782]},"faces":{"east":{"uv":[6.54545,5.45455,7.54545,8.72727],"rotation":90,"texture":"#2"},"west":{"uv":[7.54545,5.45455,6.54545,8.72727],"rotation":270,"texture":"#2"}}},{"from":[9.50575,9.59652,1.74782],"to":[9.51575,10.84652,10.74782],"rotation":{"angle":45,"axis":"z","origin":[8.1,10.35,6.24782]},"faces":{"east":{"uv":[8,0,8.45455,3.27273],"rotation":90,"texture":"#2"},"west":{"uv":[8.45455,0,8,3.27273],"rotation":270,"texture":"#2"}}},{"from":[6.875,7.985,3.5],"to":[9.125,8.015,17.5],"rotation":{"angle":0,"axis":"y","origin":[8,8,10.5]},"faces":{"up":{"uv":[7.36364,5.09091,6.54545,0],"texture":"#2"},"down":{"uv":[7.36364,0,6.54545,5.09091],"texture":"#2"}}},{"from":[7.985,6.875,3.5],"to":[8.015,9.125,17.5],"rotation":{"angle":0,"axis":"z","origin":[8,8,10.5]},"faces":{"east":{"uv":[7.36364,0,6.54545,5.09091],"rotation":270,"texture":"#2"},"west":{"uv":[7.36364,5.09091,6.54545,0],"rotation":270,"texture":"#2"}}},{"from":[8,-5.25,13],"to":[8,21.25,18],"rotation":{"angle":0,"axis":"y","origin":[0,-3.5,0]},"faces":{"east":{"uv":[6.18182,0,4.36364,9.63636],"texture":"#2"},"west":{"uv":[4.36364,0,6.18182,9.63636],"texture":"#2"}}},{"from":[7.25,1.3295,6.59359],"to":[8.75,3.5795,8.09359],"rotation":{"angle":45,"axis":"x","origin":[8.005,1.0795,8.09359]},"faces":{"north":{"uv":[11.63636,6.18182,12.18182,7],"texture":"#2"},"east":{"uv":[10.54545,11.63636,11.09091,12.45455],"texture":"#2"},"south":{"uv":[11.63636,11.63636,12.18182,12.45455],"texture":"#2"},"west":{"uv":[0,12,0.54545,12.81818],"texture":"#2"},"up":{"uv":[13.27273,8.18182,12.72727,7.63636],"texture":"#2"},"down":{"uv":[13.27273,10.90909,12.72727,11.45455],"texture":"#2"}}},{"from":[7.5,-0.6705,7.59359],"to":[8.5,2.8295,8.59359],"rotation":{"angle":45,"axis":"x","origin":[8.005,1.0795,8.09359]},"faces":{"north":{"uv":[5.09091,11.27273,5.45455,12.54545],"texture":"#2"},"east":{"uv":[5.81818,11.27273,6.18182,12.54545],"texture":"#2"},"south":{"uv":[9.81818,11.27273,10.18182,12.54545],"texture":"#2"},"west":{"uv":[11.63636,4.36364,12,5.63636],"texture":"#2"},"up":{"uv":[14.90909,12.72727,14.54545,12.36364],"texture":"#2"}}},{"from":[7.745,-0.30438,7.5026],"to":[8.255,1.44562,9.2526],"rotation":{"angle":-22.5,"axis":"x","origin":[8,1.07062,8.6276]},"faces":{"east":{"uv":[11.27273,2.18182,11.90909,2.81818],"texture":"#2"},"south":{"uv":[14.90909,6.54545,15.09091,7.18182],"texture":"#2"},"west":{"uv":[11.63636,0,12.27273,0.63636],"texture":"#2"},"down":{"uv":[15.09091,7.63636,14.90909,8.27273],"texture":"#2"}}},{"from":[7.495,-0.80438,6.5026],"to":[8.505,0.19562,10.0026],"rotation":{"angle":0,"axis":"x","origin":[7.995,-0.17938,7.7526]},"faces":{"north":{"uv":[14.54545,11.63636,14.90909,12],"texture":"#2"},"east":{"uv":[0,11.27273,1.27273,11.63636],"texture":"#2"},"west":{"uv":[1.81818,11.27273,3.09091,11.63636],"texture":"#2"},"up":{"uv":[4,12.54545,3.63636,11.27273],"texture":"#2"},"down":{"uv":[4.72727,11.27273,4.36364,12.54545],"texture":"#2"}}},{"from":[7.25,-2.07843,9],"to":[8.75,-1.57843,10.75],"rotation":{"angle":-45,"axis":"x","origin":[7,-1.57843,8]},"faces":{"north":{"uv":[12.36364,15.09091,12.90909,14.90909],"texture":"#2"},"east":{"uv":[14.54545,14.36364,15.18182,14.18182],"texture":"#2"},"south":{"uv":[14.90909,13.27273,15.45455,13.09091],"texture":"#2"},"west":{"uv":[14.90909,0.18182,15.54545,0],"texture":"#2"},"up":{"uv":[1.63636,12.63636,1.09091,12],"texture":"#2"},"down":{"uv":[12.18182,7.63636,11.63636,8.27273],"texture":"#2"}}},{"from":[7.75,-3.82843,9.25],"to":[8.25,-2.07843,10],"rotation":{"angle":-45,"axis":"x","origin":[7,-1.57843,8]},"faces":{"north":{"uv":[1.09091,15.54545,1.27273,14.90909],"texture":"#2"},"east":{"uv":[6.18182,14.81818,6.45455,14.18182],"texture":"#2"},"south":{"uv":[14.90909,6.09091,15.09091,5.45455],"texture":"#2"},"west":{"uv":[6.90909,14.81818,7.18182,14.18182],"texture":"#2"},"up":{"uv":[2,15.54545,1.81818,15.27273],"texture":"#2"},"down":{"uv":[15.45455,0.72727,15.27273,1],"texture":"#2"}}},{"from":[7.5,-3.82843,10],"to":[8.5,-2.07843,10.75],"rotation":{"angle":-45,"axis":"x","origin":[7,-1.57843,8]},"faces":{"north":{"uv":[13.81818,12.63636,14.18182,12],"texture":"#2"},"east":{"uv":[2.18182,14.81818,2.45455,14.18182],"texture":"#2"},"south":{"uv":[12.72727,14.45455,13.09091,13.81818],"texture":"#2"},"west":{"uv":[5.45455,14.81818,5.72727,14.18182],"texture":"#2"},"up":{"uv":[14.54545,15.18182,14.18182,14.90909],"texture":"#2"},"down":{"uv":[13.81818,14.90909,13.45455,15.18182],"texture":"#2"}}},{"from":[7.5,-5.07843,9],"to":[8.5,-3.82843,10.75],"rotation":{"angle":-45,"axis":"x","origin":[7,-1.57843,8]},"faces":{"north":{"uv":[7.63636,14.63636,8,14.18182],"texture":"#2"},"east":{"uv":[12.72727,12.45455,13.36364,12],"texture":"#2"},"south":{"uv":[10.54545,14.63636,10.90909,14.18182],"texture":"#2"},"west":{"uv":[1.09091,13.54545,1.72727,13.09091],"texture":"#2"},"up":{"uv":[14.18182,11.54545,13.81818,10.90909],"texture":"#2"},"down":{"uv":[10.18182,13.81818,9.81818,14.45455],"texture":"#2"}}},{"from":[7.5,19.82843,9],"to":[8.5,21.07843,10.75],"rotation":{"angle":45,"axis":"x","origin":[7,17.57843,8]},"faces":{"north":{"uv":[7.63636,14.18182,8,14.63636],"texture":"#2"},"east":{"uv":[12.72727,12,13.36364,12.45455],"texture":"#2"},"south":{"uv":[10.54545,14.18182,10.90909,14.63636],"texture":"#2"},"west":{"uv":[1.09091,13.09091,1.72727,13.54545],"texture":"#2"},"up":{"uv":[10.18182,14.45455,9.81818,13.81818],"texture":"#2"},"down":{"uv":[14.18182,10.90909,13.81818,11.54545],"texture":"#2"}}},{"from":[7.75,18.07843,9.25],"to":[8.25,19.82843,10],"rotation":{"angle":45,"axis":"x","origin":[7,17.57843,8]},"faces":{"north":{"uv":[1.09091,14.90909,1.27273,15.54545],"texture":"#2"},"east":{"uv":[6.18182,14.18182,6.45455,14.81818],"texture":"#2"},"south":{"uv":[14.90909,5.45455,15.09091,6.09091],"texture":"#2"},"west":{"uv":[6.90909,14.18182,7.18182,14.81818],"texture":"#2"},"up":{"uv":[15.45455,1,15.27273,0.72727],"texture":"#2"},"down":{"uv":[2,15.27273,1.81818,15.54545],"texture":"#2"}}},{"from":[7.5,18.07843,10],"to":[8.5,19.82843,10.75],"rotation":{"angle":45,"axis":"x","origin":[7,17.57843,8]},"faces":{"north":{"uv":[13.81818,12,14.18182,12.63636],"texture":"#2"},"east":{"uv":[2.18182,14.18182,2.45455,14.81818],"texture":"#2"},"south":{"uv":[12.72727,13.81818,13.09091,14.45455],"texture":"#2"},"west":{"uv":[5.45455,14.18182,5.72727,14.81818],"texture":"#2"},"up":{"uv":[13.81818,15.18182,13.45455,14.90909],"texture":"#2"},"down":{"uv":[14.54545,14.90909,14.18182,15.18182],"texture":"#2"}}},{"from":[7.25,17.57843,9],"to":[8.75,18.07843,10.75],"rotation":{"angle":45,"axis":"x","origin":[7,17.57843,8]},"faces":{"north":{"uv":[12.36364,14.90909,12.90909,15.09091],"texture":"#2"},"east":{"uv":[14.54545,14.18182,15.18182,14.36364],"texture":"#2"},"south":{"uv":[14.90909,13.09091,15.45455,13.27273],"texture":"#2"},"west":{"uv":[14.90909,0,15.54545,0.18182],"texture":"#2"},"up":{"uv":[12.18182,8.27273,11.63636,7.63636],"texture":"#2"},"down":{"uv":[1.63636,12,1.09091,12.63636],"texture":"#2"}}}],"gui_light":"front","display":{"thirdperson_righthand":{"translation":[0,-2.5,1]},"thirdperson_lefthand":{"translation":[0,-2.5,1]},"firstperson_righthand":{"rotation":[16.83,10.91,-0.26],"translation":[3.75,3.5,-4],"scale":[0.7,0.7,0.7]},"firstperson_lefthand":{"rotation":[17.53,-35.01,-2.28],"translation":[5.5,1.9,-0.1],"scale":[0.7,0.7,0.7]},"ground":{"rotation":[45,0,0],"translation":[0,5,0],"scale":[0.6,0.6,0.6]},"gui":{"rotation":[90,45,90],"translation":[-2.5,2.5,0],"scale":[0.7,0.7,0.7]},"fixed":{"rotation":[0,-90,0],"translation":[0,0,-2],"scale":[2,2,2]}},"groups":[{"name":"bow","origin":[8,0,8],"color":0,"children":[0,1,2,3,4,5,6,7,8,9,10,11,12,13,14,15,16,17,18,19,20,21,22,23,24,25,26,27,28,29,30,31,32,33,34,35,36,37,38,39,40,41,42,43,44,45,46,47,48,49,50,51,52,53,54,55,56,57,58,59,60]}]}