{"format_version":"1.9.0","credit":"Pologony Creation Co.,Ltd.","texture_size":[48,48],"textures":{"1":"plny_luminite_set:animated/animated_1","3":"plny_luminite_set:crossbow"},"elements":[{"from":[7,8,0],"to":[9,9,10],"rotation":{"angle":0,"axis":"y","origin":[7,7,0]},"faces":{"north":{"uv":[10.33333,7.66667,11,8],"texture":"#3"},"east":{"uv":[8.33333,2.33333,11.66667,2.66667],"texture":"#3"},"south":{"uv":[13.33333,8,14,8.33333],"texture":"#3"},"west":{"uv":[8.33333,3,11.66667,3.33333],"texture":"#3"},"up":{"uv":[6.66667,9.66667,6,6.33333],"texture":"#3"},"down":{"uv":[7.66667,6.33333,7,9.66667],"texture":"#3"}}},{"from":[7,6,10],"to":[9,9,13],"rotation":{"angle":0,"axis":"y","origin":[7,7,10]},"faces":{"north":{"uv":[0,9.66667,0.66667,10.66667],"texture":"#3"},"east":{"uv":[3.66667,9,4.66667,10],"texture":"#3"},"south":{"uv":[9.66667,0,10.33333,1],"texture":"#3"},"west":{"uv":[9,7,10,8],"texture":"#3"},"up":{"uv":[1.66667,10.66667,1,9.66667],"texture":"#3"},"down":{"uv":[2.66667,9.66667,2,10.66667],"texture":"#3"}}},{"from":[7.25,4.75,12.5],"to":[8.75,6.25,16.5],"rotation":{"angle":45,"axis":"x","origin":[8,6.75,14.5]},"faces":{"north":{"uv":[13,9.66667,13.5,10.16667],"texture":"#3"},"east":{"uv":[9.66667,1.33333,11,1.83333],"texture":"#3"},"south":{"uv":[13,10.66667,13.5,11.16667],"texture":"#3"},"west":{"uv":[6,10,7.33333,10.5],"texture":"#3"},"up":{"uv":[8.16667,11.33333,7.66667,10],"texture":"#3"},"down":{"uv":[10.5,9.33333,10,10.66667],"texture":"#3"}}},{"from":[7.125,4.6,13],"to":[8.875,5.35,16],"rotation":{"angle":45,"axis":"x","origin":[7.875,6.75,14.5]},"faces":{"north":{"uv":[14.33333,1.66667,14.91667,1.91667],"texture":"#3"},"east":{"uv":[13.33333,5.66667,14.33333,5.91667],"texture":"#3"},"south":{"uv":[4,14.33333,4.58333,14.58333],"texture":"#3"},"west":{"uv":[13.33333,7.33333,14.33333,7.58333],"texture":"#3"},"up":{"uv":[11.25,1,10.66667,0],"texture":"#3"},"down":{"uv":[1.25,11,0.66667,12],"texture":"#3"}}},{"from":[7.25,6.25,14.75],"to":[8.75,8.75,16.5],"rotation":{"angle":45,"axis":"x","origin":[8,6.75,14.5]},"faces":{"north":{"uv":[11.33333,7.66667,11.83333,8.5],"texture":"#3"},"east":{"uv":[10,11,10.58333,11.83333],"texture":"#3"},"south":{"uv":[11.66667,0,12.16667,0.83333],"texture":"#3"},"west":{"uv":[11,10.66667,11.58333,11.5],"texture":"#3"},"up":{"uv":[6.16667,12.91667,5.66667,12.33333],"texture":"#3"},"down":{"uv":[12.83333,7.66667,12.33333,8.25],"texture":"#3"}}},{"from":[7.2535,6.48744,15.84099],"to":[8.7465,7.98744,21.59099],"rotation":{"angle":0,"axis":"x","origin":[8.0035,7.11244,17.34099]},"faces":{"east":{"uv":[9,8.33333,10.91667,8.83333],"texture":"#3"},"south":{"uv":[13,11.66667,13.5,12.16667],"texture":"#3"},"west":{"uv":[9.33333,4.66667,11.25,5.16667],"texture":"#3"},"up":{"uv":[5.5,10.91667,5,9],"texture":"#3"},"down":{"uv":[9.5,9.33333,9,11.25],"texture":"#3"}}},{"from":[7.5035,5.48744,15.34099],"to":[8.4965,6.48744,20.59099],"rotation":{"angle":0,"axis":"x","origin":[8.0035,5.61244,17.34099]},"faces":{"east":{"uv":[9.33333,5.66667,11.08333,6],"texture":"#3"},"west":{"uv":[10.33333,7,12.08333,7.33333],"texture":"#3"},"down":{"uv":[0.33333,11,0,12.75],"texture":"#3"}}},{"from":[7.2535,3.98744,20.59099],"to":[8.7465,6.48744,21.59099],"rotation":{"angle":0,"axis":"x","origin":[8.0035,5.61244,17.34099]},"faces":{"north":{"uv":[3,11.66667,3.5,12.5],"texture":"#3"},"east":{"uv":[7.66667,12.66667,8,13.5],"texture":"#3"},"south":{"uv":[4,11.66667,4.5,12.5],"texture":"#3"},"west":{"uv":[13,3,13.33333,3.83333],"texture":"#3"}}},{"from":[7.25,3.51244,20.45888],"to":[8.75,4.48744,21.38388],"rotation":{"angle":45,"axis":"x","origin":[8,3.98744,20.88388]},"faces":{"north":{"uv":[14,9.33333,14.5,9.66667],"texture":"#3"},"east":{"uv":[3,9.66667,3.33333,10],"texture":"#3"},"south":{"uv":[14,10,14.5,10.33333],"texture":"#3"},"west":{"uv":[7,11,7.33333,11.33333],"texture":"#3"},"up":{"uv":[14.5,11,14,10.66667],"texture":"#3"},"down":{"uv":[14.5,11.33333,14,11.66667],"texture":"#3"}}},{"from":[7.25,7,0.25],"to":[8.75,8,10],"rotation":{"angle":0,"axis":"y","origin":[7,6,0]},"faces":{"north":{"uv":[8,14,8.5,14.33333],"texture":"#3"},"east":{"uv":[0,9,3.25,9.33333],"texture":"#3"},"south":{"uv":[14,8.66667,14.5,9],"texture":"#3"},"west":{"uv":[9,6.33333,12.25,6.66667],"texture":"#3"},"up":{"uv":[7.83333,3.25,7.33333,0],"texture":"#3"},"down":{"uv":[8.5,6.33333,8,9.58333],"texture":"#3"}}},{"from":[7.2535,6.20711,8.75],"to":[8.7465,7.20711,10.5],"rotation":{"angle":45,"axis":"x","origin":[8.0035,6.70711,10]},"faces":{"north":{"uv":[11.66667,14,12.16667,14.33333],"texture":"#3"},"east":{"uv":[13.66667,4,14.25,4.33333],"texture":"#3"},"south":{"uv":[14,12,14.5,12.33333],"texture":"#3"},"west":{"uv":[13.66667,4.66667,14.25,5],"texture":"#3"},"up":{"uv":[10.5,12.91667,10,12.33333],"texture":"#3"},"down":{"uv":[13.16667,0,12.66667,0.58333],"texture":"#3"}}},{"from":[6,7.5,10.5],"to":[7,9.5,12.5],"rotation":{"angle":22.5,"axis":"z","origin":[5.875,9.625,11.5]},"faces":{"north":{"uv":[0,13.33333,0.33333,14],"texture":"#3"},"east":{"uv":[11.33333,1.33333,12,2],"texture":"#3"},"south":{"uv":[10.33333,13.33333,10.66667,14],"texture":"#3"},"west":{"uv":[5,11.33333,5.66667,12],"texture":"#3"},"up":{"uv":[11.33333,14,11,13.33333],"texture":"#3"},"down":{"uv":[14,0,13.66667,0.66667],"texture":"#3"}}},{"from":[5.5,7.25,11],"to":[6,9,12],"rotation":{"angle":22.5,"axis":"z","origin":[5.875,9.625,11.5]},"faces":{"north":{"uv":[13,14.66667,13.16667,15.25],"texture":"#3"},"east":{"uv":[5,13.66667,5.33333,14.25],"texture":"#3"},"south":{"uv":[13.66667,14.66667,13.83333,15.25],"texture":"#3"},"west":{"uv":[13.66667,6.33333,14,6.91667],"texture":"#3"},"up":{"uv":[2.83333,15.66667,2.66667,15.33333],"texture":"#3"},"down":{"uv":[15.5,3.66667,15.33333,4],"texture":"#3"}}},{"from":[5,7.25,11],"to":[5.5,7.75,12],"rotation":{"angle":22.5,"axis":"z","origin":[5.875,9.625,11.5]},"faces":{"north":{"uv":[15,15.33333,15.16667,15.5],"texture":"#3"},"east":{"uv":[15.33333,4.33333,15.66667,4.5],"texture":"#3"},"south":{"uv":[0.66667,15.66667,0.83333,15.83333],"texture":"#3"},"west":{"uv":[5.66667,15.33333,6,15.5],"texture":"#3"},"up":{"uv":[15.5,7.66667,15.33333,7.33333],"texture":"#3"},"down":{"uv":[7.83333,15.33333,7.66667,15.66667],"texture":"#3"}}},{"from":[5,9,10.5],"to":[6,9.5,12.5],"rotation":{"angle":22.5,"axis":"z","origin":[5.875,9.625,11.5]},"faces":{"north":{"uv":[15.33333,1.66667,15.66667,1.83333],"texture":"#3"},"east":{"uv":[14.66667,2.33333,15.33333,2.5],"texture":"#3"},"south":{"uv":[2,15.33333,2.33333,15.5],"texture":"#3"},"west":{"uv":[2.66667,14.66667,3.33333,14.83333],"texture":"#3"},"up":{"uv":[1,14.33333,0.66667,13.66667],"texture":"#3"},"down":{"uv":[3,13.66667,2.66667,14.33333],"texture":"#3"}}},{"from":[5,9.5,10.5],"to":[5.5,11,12.5],"rotation":{"angle":22.5,"axis":"z","origin":[5.875,9.625,11.5]},"faces":{"north":{"uv":[15,6.33333,15.16667,6.83333],"texture":"#3"},"east":{"uv":[12,3.66667,12.66667,4.16667],"texture":"#3"},"south":{"uv":[7,15,7.16667,15.5],"texture":"#3"},"west":{"uv":[12.33333,1.33333,13,1.83333],"texture":"#3"},"up":{"uv":[0.83333,15.33333,0.66667,14.66667],"texture":"#3"},"down":{"uv":[14.83333,4,14.66667,4.66667],"texture":"#3"}}},{"from":[5.5,10.5,10.5],"to":[6,11,12.5],"rotation":{"angle":22.5,"axis":"z","origin":[5.875,9.625,11.5]},"faces":{"north":{"uv":[9,15.33333,9.16667,15.5],"texture":"#3"},"east":{"uv":[14.66667,5,15.33333,5.16667],"texture":"#3"},"south":{"uv":[9.66667,15.33333,9.83333,15.5],"texture":"#3"},"west":{"uv":[14.66667,5.66667,15.33333,5.83333],"texture":"#3"},"up":{"uv":[5.16667,15.33333,5,14.66667],"texture":"#3"},"down":{"uv":[6.5,14.66667,6.33333,15.33333],"texture":"#3"}}},{"from":[10,10.5,10.5],"to":[10.5,11,12.5],"rotation":{"angle":-22.5,"axis":"z","origin":[10.125,9.625,11.5]},"faces":{"north":{"uv":[9.16667,15.33333,9,15.5],"texture":"#3"},"east":{"uv":[15.33333,5.66667,14.66667,5.83333],"texture":"#3"},"south":{"uv":[9.83333,15.33333,9.66667,15.5],"texture":"#3"},"west":{"uv":[15.33333,5,14.66667,5.16667],"texture":"#3"},"up":{"uv":[5,15.33333,5.16667,14.66667],"texture":"#3"},"down":{"uv":[6.33333,14.66667,6.5,15.33333],"texture":"#3"}}},{"from":[10.5,9.5,10.5],"to":[11,11,12.5],"rotation":{"angle":-22.5,"axis":"z","origin":[10.125,9.625,11.5]},"faces":{"north":{"uv":[15.16667,6.33333,15,6.83333],"texture":"#3"},"east":{"uv":[13,1.33333,12.33333,1.83333],"texture":"#3"},"south":{"uv":[7.16667,15,7,15.5],"texture":"#3"},"west":{"uv":[12.66667,3.66667,12,4.16667],"texture":"#3"},"up":{"uv":[0.66667,15.33333,0.83333,14.66667],"texture":"#3"},"down":{"uv":[14.66667,4,14.83333,4.66667],"texture":"#3"}}},{"from":[10,9,10.5],"to":[11,9.5,12.5],"rotation":{"angle":-22.5,"axis":"z","origin":[10.125,9.625,11.5]},"faces":{"north":{"uv":[15.66667,1.66667,15.33333,1.83333],"texture":"#3"},"east":{"uv":[3.33333,14.66667,2.66667,14.83333],"texture":"#3"},"south":{"uv":[2.33333,15.33333,2,15.5],"texture":"#3"},"west":{"uv":[15.33333,2.33333,14.66667,2.5],"texture":"#3"},"up":{"uv":[0.66667,14.33333,1,13.66667],"texture":"#3"},"down":{"uv":[2.66667,13.66667,3,14.33333],"texture":"#3"}}},{"from":[9,7.5,10.5],"to":[10,9.5,12.5],"rotation":{"angle":-22.5,"axis":"z","origin":[10.125,9.625,11.5]},"faces":{"north":{"uv":[0.33333,13.33333,0,14],"texture":"#3"},"east":{"uv":[5.66667,11.33333,5,12],"texture":"#3"},"south":{"uv":[10.66667,13.33333,10.33333,14],"texture":"#3"},"west":{"uv":[12,1.33333,11.33333,2],"texture":"#3"},"up":{"uv":[11,14,11.33333,13.33333],"texture":"#3"},"down":{"uv":[13.66667,0,14,0.66667],"texture":"#3"}}},{"from":[10,7.25,11],"to":[10.5,9,12],"rotation":{"angle":-22.5,"axis":"z","origin":[10.125,9.625,11.5]},"faces":{"north":{"uv":[13.16667,14.66667,13,15.25],"texture":"#3"},"east":{"uv":[14,6.33333,13.66667,6.91667],"texture":"#3"},"south":{"uv":[13.83333,14.66667,13.66667,15.25],"texture":"#3"},"west":{"uv":[5.33333,13.66667,5,14.25],"texture":"#3"},"up":{"uv":[2.66667,15.66667,2.83333,15.33333],"texture":"#3"},"down":{"uv":[15.33333,3.66667,15.5,4],"texture":"#3"}}},{"from":[10.5,7.25,11],"to":[11,7.75,12],"rotation":{"angle":-22.5,"axis":"z","origin":[10.125,9.625,11.5]},"faces":{"north":{"uv":[15.16667,15.33333,15,15.5],"texture":"#3"},"east":{"uv":[6,15.33333,5.66667,15.5],"texture":"#3"},"south":{"uv":[0.83333,15.66667,0.66667,15.83333],"texture":"#3"},"west":{"uv":[15.66667,4.33333,15.33333,4.5],"texture":"#3"},"up":{"uv":[15.33333,7.66667,15.5,7.33333],"texture":"#3"},"down":{"uv":[7.66667,15.33333,7.83333,15.66667],"texture":"#3"}}},{"from":[7.5,8.37246,9.273],"to":[8.5,9.62246,10.273],"rotation":{"angle":-45,"axis":"x","origin":[8,9.24746,10.0855]},"faces":{"north":{"uv":[5.66667,14.33333,6,14.75],"texture":"#3"},"east":{"uv":[14.33333,6.33333,14.66667,6.75],"texture":"#3"},"south":{"uv":[9,14.33333,9.33333,14.75],"texture":"#3"},"west":{"uv":[9.66667,14.33333,10,14.75],"texture":"#3"},"up":{"uv":[15,7.66667,14.66667,7.33333],"texture":"#3"},"down":{"uv":[8.33333,14.66667,8,15],"texture":"#3"}}},{"from":[7.5,9.37246,10.273],"to":[8.5,9.62246,10.523],"rotation":{"angle":-45,"axis":"x","origin":[8,9.24746,10.0855]},"faces":{"north":{"uv":[10.33333,15.33333,10.66667,15.41667],"texture":"#3"},"east":{"uv":[3.33333,15.66667,3.41667,15.75],"texture":"#3"},"south":{"uv":[11,15.33333,11.33333,15.41667],"texture":"#3"},"west":{"uv":[4,15.66667,4.08333,15.75],"texture":"#3"},"up":{"uv":[15.66667,13.41667,15.33333,13.33333],"texture":"#3"},"down":{"uv":[15.66667,14,15.33333,14.08333],"texture":"#3"}}},{"from":[12.30994,8.75,0.7232],"to":[14.80994,10.25,2.2232],"rotation":{"angle":-45,"axis":"y","origin":[13.8,9.5,1.58246]},"faces":{"north":{"uv":[8.83333,11.66667,8.33333,12.5],"rotation":270,"texture":"#3"},"south":{"uv":[2.16667,12.83333,1.66667,12],"rotation":270,"texture":"#3"},"up":{"uv":[12.5,4.66667,11.66667,5.16667],"texture":"#3"},"down":{"uv":[7.83333,11.66667,7,12.16667],"rotation":180,"texture":"#3"}}},{"from":[14.02397,8.75,-1.08233],"to":[17.02397,10.25,0.41767],"rotation":{"angle":-45,"axis":"y","origin":[13.8,9.5,1.58246]},"faces":{"north":{"uv":[6.5,11,6,12],"rotation":270,"texture":"#3"},"east":{"uv":[13,13.16667,13.5,12.66667],"rotation":270,"texture":"#3"},"south":{"uv":[11.5,10.33333,11,9.33333],"rotation":270,"texture":"#3"},"west":{"uv":[12,13.5,12.5,13],"rotation":90,"texture":"#3"},"up":{"uv":[11.66667,3.66667,10.66667,4.16667],"texture":"#3"},"down":{"uv":[2.66667,11,1.66667,11.5],"rotation":180,"texture":"#3"}}},{"from":[16.27397,8.75,0.41767],"to":[17.02397,10.25,1.16767],"rotation":{"angle":-45,"axis":"y","origin":[13.8,9.5,1.58246]},"faces":{"east":{"uv":[14.33333,13.58333,14.83333,13.33333],"rotation":270,"texture":"#3"},"south":{"uv":[14.83333,14.25,14.33333,14],"rotation":270,"texture":"#3"},"west":{"uv":[14.33333,8.25,14.83333,8],"rotation":90,"texture":"#3"},"up":{"uv":[15.58333,0,15.33333,0.25],"texture":"#3"},"down":{"uv":[1.58333,15.33333,1.33333,15.58333],"rotation":180,"texture":"#3"}}},{"from":[11.30994,8.75,-0.2768],"to":[12.30994,10.25,2.2232],"rotation":{"angle":-45,"axis":"y","origin":[13.8,9.5,1.58246]},"faces":{"north":{"uv":[14.5,12.66667,14,13],"rotation":270,"texture":"#3"},"east":{"uv":[12,9.83333,12.5,9],"rotation":270,"texture":"#3"},"south":{"uv":[14.83333,0.33333,14.33333,0],"rotation":270,"texture":"#3"},"west":{"uv":[12,3.16667,12.5,2.33333],"rotation":90,"texture":"#3"},"up":{"uv":[4.66667,13,4.33333,13.83333],"texture":"#3"},"down":{"uv":[13.33333,4.33333,13,5.16667],"rotation":180,"texture":"#3"}}},{"from":[12.30994,8.75,-0.2768],"to":[12.80994,10.25,0.2232],"rotation":{"angle":-45,"axis":"y","origin":[13.8,9.5,1.58246]},"faces":{"north":{"uv":[15.5,9.33333,15,9.5],"rotation":270,"texture":"#3"},"east":{"uv":[15,8.83333,15.5,8.66667],"rotation":270,"texture":"#3"},"south":{"uv":[15.5,10.16667,15,10],"rotation":270,"texture":"#3"},"up":{"uv":[15.83333,0.66667,15.66667,0.83333],"texture":"#3"},"down":{"uv":[15.83333,2.33333,15.66667,2.5],"rotation":180,"texture":"#3"}}},{"from":[13.59452,8.7485,1.26071],"to":[16.09452,10.2515,2.76071],"rotation":{"angle":22.5,"axis":"y","origin":[13.8,9.5,1.58246]},"faces":{"north":{"uv":[12,11.16667,12.5,10.33333],"rotation":90,"texture":"#3"},"east":{"uv":[13.83333,1,13.33333,1.5],"rotation":270,"texture":"#3"},"south":{"uv":[12,12.5,12.5,11.66667],"rotation":270,"texture":"#3"},"west":{"uv":[2.16667,13.83333,1.66667,13.33333],"rotation":270,"texture":"#3"},"up":{"uv":[11,12.83333,11.5,12],"rotation":270,"texture":"#3"},"down":{"uv":[0.66667,13.16667,1.16667,12.33333],"rotation":270,"texture":"#3"}}},{"from":[10.25636,9.10653,8.75218],"to":[11.50636,9.11653,17.75218],"rotation":{"angle":-22.5,"axis":"z","origin":[11.82808,8.84862,13.25218]},"faces":{"up":{"uv":[10.33333,3.66667,7.33333,4.08333],"rotation":90,"texture":"#3"},"down":{"uv":[7.33333,3.66667,10.33333,4.08333],"rotation":90,"texture":"#3"}}},{"from":[11.94247,6.49837,8.75218],"to":[11.95247,9.24837,17.75218],"rotation":{"angle":45,"axis":"z","origin":[11.82808,8.84862,13.25218]},"faces":{"east":{"uv":[9,5,6,5.91667],"rotation":180,"texture":"#3"},"west":{"uv":[6,5,9,5.91667],"rotation":180,"texture":"#3"}}},{"from":[4.49364,9.10653,8.75218],"to":[5.74364,9.11653,17.75218],"rotation":{"angle":22.5,"axis":"z","origin":[4.17192,8.84862,13.25218]},"faces":{"up":{"uv":[10.33333,4.08333,7.33333,3.66667],"rotation":90,"texture":"#3"},"down":{"uv":[7.33333,4.08333,10.33333,3.66667],"rotation":90,"texture":"#3"}}},{"from":[4.04753,6.49837,8.75218],"to":[4.05753,9.24837,17.75218],"rotation":{"angle":-45,"axis":"z","origin":[4.17192,8.84862,13.25218]},"faces":{"east":{"uv":[9,5,6,5.91667],"rotation":180,"texture":"#3"},"west":{"uv":[6,5,9,5.91667],"rotation":180,"texture":"#3"}}},{"from":[-0.5,9.495,2.5],"to":[16.5,9.505,10.25],"rotation":{"angle":0,"axis":"z","origin":[8,6.5,5]},"faces":{"up":{"uv":[5.66667,8.58333,0,6],"texture":"#3"},"down":{"uv":[5.66667,6,0,8.58333],"texture":"#3"}}},{"from":[12.24583,9,0.96672],"to":[13.49583,10,2.71672],"rotation":{"angle":-22.5,"axis":"y","origin":[13.8,9.5,1.58246]},"faces":{"north":{"uv":[10.33333,14.75,10.66667,14.33333],"rotation":90,"texture":"#3"},"east":{"uv":[7,13.66667,6.66667,14.25],"rotation":270,"texture":"#3"},"south":{"uv":[11,14.75,11.33333,14.33333],"rotation":270,"texture":"#3"},"west":{"uv":[13.33333,14.25,13,13.66667],"rotation":270,"texture":"#3"},"up":{"uv":[5.66667,13.75,6.25,13.33333],"rotation":270,"texture":"#3"},"down":{"uv":[9.33333,13.75,9.91667,13.33333],"rotation":270,"texture":"#3"}}},{"from":[10.49583,9.25,1.21672],"to":[12.24583,9.75,1.96672],"rotation":{"angle":-22.5,"axis":"y","origin":[13.8,9.5,1.58246]},"faces":{"north":{"uv":[14.33333,15.25,14.5,14.66667],"rotation":90,"texture":"#3"},"east":{"uv":[15.5,8,15.33333,8.25],"rotation":270,"texture":"#3"},"south":{"uv":[15,1.25,15.16667,0.66667],"rotation":270,"texture":"#3"},"west":{"uv":[8.5,15.58333,8.33333,15.33333],"rotation":270,"texture":"#3"},"up":{"uv":[14.33333,1.25,14.58333,0.66667],"rotation":270,"texture":"#3"},"down":{"uv":[1.33333,14.91667,1.58333,14.33333],"rotation":270,"texture":"#3"}}},{"from":[10.49583,9,1.96672],"to":[12.24583,10,2.71672],"rotation":{"angle":-22.5,"axis":"y","origin":[13.8,9.5,1.58246]},"faces":{"north":{"uv":[13.66667,14.25,14,13.66667],"rotation":90,"texture":"#3"},"east":{"uv":[15.33333,10.66667,15,10.91667],"rotation":270,"texture":"#3"},"south":{"uv":[7.33333,14.58333,7.66667,14],"rotation":270,"texture":"#3"},"west":{"uv":[15.33333,11.58333,15,11.33333],"rotation":270,"texture":"#3"},"up":{"uv":[2,14.91667,2.25,14.33333],"rotation":270,"texture":"#3"},"down":{"uv":[14.33333,3.58333,14.58333,3],"rotation":270,"texture":"#3"}}},{"from":[9.99583,8.75,0.96672],"to":[10.49583,10.25,2.71672],"rotation":{"angle":-22.5,"axis":"y","origin":[13.8,9.5,1.58246]},"faces":{"north":{"uv":[15,12.16667,15.5,12],"rotation":90,"texture":"#3"},"east":{"uv":[13.16667,6.33333,12.66667,6.91667],"rotation":270,"texture":"#3"},"south":{"uv":[15,12.83333,15.5,12.66667],"rotation":270,"texture":"#3"},"west":{"uv":[7.16667,13.25,6.66667,12.66667],"rotation":270,"texture":"#3"},"up":{"uv":[15,3.16667,15.58333,3],"rotation":270,"texture":"#3"},"down":{"uv":[3.66667,15.16667,4.25,15],"rotation":270,"texture":"#3"}}},{"from":[9,8,0],"to":[10,11,2],"rotation":{"angle":0,"axis":"y","origin":[9,7,0]},"faces":{"north":{"uv":[9.33333,11.66667,9.66667,12.66667],"texture":"#3"},"east":{"uv":[3,10.33333,3.66667,11.33333],"texture":"#3"},"south":{"uv":[5,12.33333,5.33333,13.33333],"texture":"#3"},"west":{"uv":[4,10.33333,4.66667,11.33333],"texture":"#3"},"up":{"uv":[14,3.66667,13.66667,3],"texture":"#3"},"down":{"uv":[3.66667,13.66667,3.33333,14.33333],"texture":"#3"}}},{"from":[6.25,7.25,0.5],"to":[9.75,8,1.5],"rotation":{"angle":0,"axis":"y","origin":[8.75,7,0]},"faces":{"north":{"uv":[13,2.33333,14.16667,2.58333],"texture":"#3"},"east":{"uv":[15,14.66667,15.33333,14.91667],"texture":"#3"},"south":{"uv":[2.66667,13,3.83333,13.25],"texture":"#3"},"west":{"uv":[0,15.33333,0.33333,15.58333],"texture":"#3"},"down":{"uv":[12.83333,5.66667,11.66667,6],"texture":"#3"}}},{"from":[6.875,9.485,4.5],"to":[9.125,9.515,10.5],"rotation":{"angle":-45,"axis":"z","origin":[8,9.5,7.5]},"faces":{"up":{"uv":[9.08333,2,8.33333,0],"texture":"#3"},"down":{"uv":[9.08333,0,8.33333,2],"texture":"#3"}}},{"from":[7.985,8.375,4.5],"to":[8.015,10.625,10.5],"rotation":{"angle":-45,"axis":"z","origin":[8,9.5,7.5]},"faces":{"east":{"uv":[9.08333,0,8.33333,2],"rotation":270,"texture":"#3"},"west":{"uv":[9.08333,2,8.33333,0],"rotation":270,"texture":"#3"}}},{"from":[8.28579,10.20711,0.0035],"to":[9.08579,11.45711,1.9965],"rotation":{"angle":45,"axis":"z","origin":[8.58579,11.70711,1.0035]},"faces":{"north":{"uv":[11.66667,14.66667,11.91667,15.08333],"texture":"#3"},"east":{"uv":[8.33333,13,9,13.41667],"texture":"#3"},"south":{"uv":[12.33333,14.66667,12.58333,15.08333],"texture":"#3"},"west":{"uv":[13,8.66667,13.66667,9.08333],"texture":"#3"},"up":{"uv":[0.25,15,0,14.33333],"texture":"#3"}}},{"from":[1.19006,8.75,0.7232],"to":[3.69006,10.25,2.2232],"rotation":{"angle":45,"axis":"y","origin":[2.2,9.5,1.58246]},"faces":{"north":{"uv":[8.83333,12.5,8.33333,11.66667],"rotation":270,"texture":"#3"},"south":{"uv":[2.16667,12,1.66667,12.83333],"rotation":270,"texture":"#3"},"up":{"uv":[11.66667,4.66667,12.5,5.16667],"texture":"#3"},"down":{"uv":[7,11.66667,7.83333,12.16667],"rotation":180,"texture":"#3"}}},{"from":[-1.02397,8.75,-1.08233],"to":[1.97603,10.25,0.41767],"rotation":{"angle":45,"axis":"y","origin":[2.2,9.5,1.58246]},"faces":{"north":{"uv":[6.5,12,6,11],"rotation":270,"texture":"#3"},"east":{"uv":[12,13,12.5,13.5],"rotation":90,"texture":"#3"},"south":{"uv":[11.5,9.33333,11,10.33333],"rotation":270,"texture":"#3"},"west":{"uv":[13,12.66667,13.5,13.16667],"rotation":270,"texture":"#3"},"up":{"uv":[10.66667,3.66667,11.66667,4.16667],"texture":"#3"},"down":{"uv":[1.66667,11,2.66667,11.5],"rotation":180,"texture":"#3"}}},{"from":[-1.02397,8.75,0.41767],"to":[-0.27397,10.25,1.16767],"rotation":{"angle":45,"axis":"y","origin":[2.2,9.5,1.58246]},"faces":{"east":{"uv":[14.33333,8,14.83333,8.25],"rotation":90,"texture":"#3"},"south":{"uv":[14.83333,14,14.33333,14.25],"rotation":270,"texture":"#3"},"west":{"uv":[14.33333,13.33333,14.83333,13.58333],"rotation":270,"texture":"#3"},"up":{"uv":[15.33333,0,15.58333,0.25],"texture":"#3"},"down":{"uv":[1.33333,15.33333,1.58333,15.58333],"rotation":180,"texture":"#3"}}},{"from":[3.69006,8.75,-0.2768],"to":[4.69006,10.25,2.2232],"rotation":{"angle":45,"axis":"y","origin":[2.2,9.5,1.58246]},"faces":{"north":{"uv":[14.5,13,14,12.66667],"rotation":270,"texture":"#3"},"east":{"uv":[12,2.33333,12.5,3.16667],"rotation":90,"texture":"#3"},"south":{"uv":[14.83333,0,14.33333,0.33333],"rotation":270,"texture":"#3"},"west":{"uv":[12,9,12.5,9.83333],"rotation":270,"texture":"#3"},"up":{"uv":[4.33333,13,4.66667,13.83333],"texture":"#3"},"down":{"uv":[13,4.33333,13.33333,5.16667],"rotation":180,"texture":"#3"}}},{"from":[3.19006,8.75,-0.2768],"to":[3.69006,10.25,0.2232],"rotation":{"angle":45,"axis":"y","origin":[2.2,9.5,1.58246]},"faces":{"north":{"uv":[15.5,9.5,15,9.33333],"rotation":270,"texture":"#3"},"south":{"uv":[15.5,10,15,10.16667],"rotation":270,"texture":"#3"},"west":{"uv":[15,8.66667,15.5,8.83333],"rotation":270,"texture":"#3"},"up":{"uv":[15.66667,0.66667,15.83333,0.83333],"texture":"#3"},"down":{"uv":[15.66667,2.33333,15.83333,2.5],"rotation":180,"texture":"#3"}}},{"from":[-0.09452,8.7485,1.26071],"to":[2.40548,10.2515,2.76071],"rotation":{"angle":-22.5,"axis":"y","origin":[2.2,9.5,1.58246]},"faces":{"north":{"uv":[12,10.33333,12.5,11.16667],"rotation":90,"texture":"#3"},"east":{"uv":[2.16667,13.33333,1.66667,13.83333],"rotation":270,"texture":"#3"},"south":{"uv":[12,11.66667,12.5,12.5],"rotation":270,"texture":"#3"},"west":{"uv":[13.83333,1.5,13.33333,1],"rotation":270,"texture":"#3"},"up":{"uv":[11,12,11.5,12.83333],"rotation":270,"texture":"#3"},"down":{"uv":[0.66667,12.33333,1.16667,13.16667],"rotation":270,"texture":"#3"}}},{"from":[2.50417,9,0.96672],"to":[3.75417,10,2.71672],"rotation":{"angle":22.5,"axis":"y","origin":[2.2,9.5,1.58246]},"faces":{"north":{"uv":[10.33333,14.33333,10.66667,14.75],"rotation":90,"texture":"#3"},"east":{"uv":[13.33333,13.66667,13,14.25],"rotation":270,"texture":"#3"},"south":{"uv":[11,14.33333,11.33333,14.75],"rotation":270,"texture":"#3"},"west":{"uv":[7,14.25,6.66667,13.66667],"rotation":270,"texture":"#3"},"up":{"uv":[5.66667,13.33333,6.25,13.75],"rotation":270,"texture":"#3"},"down":{"uv":[9.33333,13.33333,9.91667,13.75],"rotation":270,"texture":"#3"}}},{"from":[3.75417,9.25,1.21672],"to":[5.50417,9.75,1.96672],"rotation":{"angle":22.5,"axis":"y","origin":[2.2,9.5,1.58246]},"faces":{"north":{"uv":[14.33333,14.66667,14.5,15.25],"rotation":90,"texture":"#3"},"east":{"uv":[8.5,15.33333,8.33333,15.58333],"rotation":270,"texture":"#3"},"south":{"uv":[15,0.66667,15.16667,1.25],"rotation":270,"texture":"#3"},"west":{"uv":[15.5,8.25,15.33333,8],"rotation":270,"texture":"#3"},"up":{"uv":[14.33333,0.66667,14.58333,1.25],"rotation":270,"texture":"#3"},"down":{"uv":[1.33333,14.33333,1.58333,14.91667],"rotation":270,"texture":"#3"}}},{"from":[3.75417,9,1.96672],"to":[5.50417,10,2.71672],"rotation":{"angle":22.5,"axis":"y","origin":[2.2,9.5,1.58246]},"faces":{"north":{"uv":[13.66667,13.66667,14,14.25],"rotation":90,"texture":"#3"},"east":{"uv":[15.33333,11.33333,15,11.58333],"rotation":270,"texture":"#3"},"south":{"uv":[7.33333,14,7.66667,14.58333],"rotation":270,"texture":"#3"},"west":{"uv":[15.33333,10.91667,15,10.66667],"rotation":270,"texture":"#3"},"up":{"uv":[2,14.33333,2.25,14.91667],"rotation":270,"texture":"#3"},"down":{"uv":[14.33333,3,14.58333,3.58333],"rotation":270,"texture":"#3"}}},{"from":[5.50417,8.75,0.96672],"to":[6.00417,10.25,2.71672],"rotation":{"angle":22.5,"axis":"y","origin":[2.2,9.5,1.58246]},"faces":{"north":{"uv":[15,12,15.5,12.16667],"rotation":90,"texture":"#3"},"east":{"uv":[7.16667,12.66667,6.66667,13.25],"rotation":270,"texture":"#3"},"south":{"uv":[15,12.66667,15.5,12.83333],"rotation":270,"texture":"#3"},"west":{"uv":[13.16667,6.91667,12.66667,6.33333],"rotation":270,"texture":"#3"},"up":{"uv":[15,3,15.58333,3.16667],"rotation":270,"texture":"#3"},"down":{"uv":[3.66667,15,4.25,15.16667],"rotation":270,"texture":"#3"}}},{"from":[6.91421,10.20711,0.0035],"to":[7.71421,11.45711,1.9965],"rotation":{"angle":-45,"axis":"z","origin":[7.41421,11.70711,1.0035]},"faces":{"north":{"uv":[11.91667,14.66667,11.66667,15.08333],"texture":"#3"},"east":{"uv":[13.66667,8.66667,13,9.08333],"texture":"#3"},"south":{"uv":[12.58333,14.66667,12.33333,15.08333],"texture":"#3"},"west":{"uv":[9,13,8.33333,13.41667],"texture":"#3"},"up":{"uv":[0,15,0.25,14.33333],"texture":"#3"}}},{"from":[6,8,0],"to":[7,11,2],"rotation":{"angle":0,"axis":"y","origin":[7,7,0]},"faces":{"north":{"uv":[9.66667,11.66667,9.33333,12.66667],"texture":"#3"},"east":{"uv":[4.66667,10.33333,4,11.33333],"texture":"#3"},"south":{"uv":[5.33333,12.33333,5,13.33333],"texture":"#3"},"west":{"uv":[3.66667,10.33333,3,11.33333],"texture":"#3"},"up":{"uv":[13.66667,3.66667,14,3],"texture":"#3"},"down":{"uv":[3.33333,13.66667,3.66667,14.33333],"texture":"#3"}}},{"from":[8.5,7.87,13.21079],"to":[12,7.88,22.46079],"light_emission":15,"rotation":{"angle":-22.5,"axis":"x","origin":[10.25,7.875,17.83579]},"faces":{"up":{"uv":[8.5,6.66667,10.83333,12.83333],"rotation":180,"texture":"#1"},"down":{"uv":[10.83333,6.66667,8.5,12.83333],"texture":"#1"}}},{"from":[-4.11064,9.485,-2.888],"to":[5.13936,9.515,1.612],"light_emission":15,"rotation":{"angle":45,"axis":"y","origin":[2.2,9.5,1.58246]},"faces":{"up":{"uv":[11.5,0,8.5,6.16667],"rotation":270,"texture":"#1"},"down":{"uv":[8.5,0,11.5,6.16667],"rotation":270,"texture":"#1"}}},{"from":[11,10.17478,-5.57804],"to":[11.01,13.42478,13.67196],"light_emission":15,"rotation":{"angle":45,"axis":"z","origin":[11.005,11.79978,4.04696]},"faces":{"east":{"uv":[2.16666,0,0,12.83333],"rotation":270,"texture":"#1"},"west":{"uv":[0,0,2.16666,12.83333],"rotation":90,"texture":"#1"}}},{"from":[4.99,10.17478,-5.57804],"to":[5,13.42478,13.67196],"light_emission":15,"rotation":{"angle":-45,"axis":"z","origin":[4.995,11.79978,4.04696]},"faces":{"east":{"uv":[0,12.83333,2.16666,0],"rotation":90,"texture":"#1"},"west":{"uv":[2.16666,12.83333,0,0],"rotation":270,"texture":"#1"}}},{"from":[4.99,5.57522,-5.57804],"to":[5,8.82522,13.67196],"light_emission":15,"rotation":{"angle":45,"axis":"z","origin":[4.995,7.20022,4.04696]},"faces":{"east":{"uv":[2.16666,12.83333,0,0],"rotation":90,"texture":"#1"},"west":{"uv":[0,12.83333,2.16666,0],"rotation":270,"texture":"#1"}}},{"from":[11,5.57522,-5.57804],"to":[11.01,8.82522,13.67196],"light_emission":15,"rotation":{"angle":-45,"axis":"z","origin":[11.005,7.20022,4.04696]},"faces":{"east":{"uv":[0,0,2.16666,12.83333],"rotation":270,"texture":"#1"},"west":{"uv":[2.16666,0,0,12.83333],"rotation":90,"texture":"#1"}}},{"from":[-10.69964,8.495,-1.42804],"to":[8.55036,10.505,1.82196],"light_emission":15,"rotation":{"angle":45,"axis":"y","origin":[2.2,9.5,1.58246]},"faces":{"up":{"uv":[2.16666,0,0,12.83333],"rotation":270,"texture":"#1"},"down":{"uv":[0,0,2.16666,12.83333],"rotation":270,"texture":"#1"}}},{"from":[7.44964,8.495,-1.42804],"to":[26.69964,10.505,1.82196],"light_emission":15,"rotation":{"angle":-45,"axis":"y","origin":[13.8,9.5,1.58246]},"faces":{"up":{"uv":[2.16666,12.83333,0,0],"rotation":270,"texture":"#1"},"down":{"uv":[0,12.83333,2.16666,0],"rotation":270,"texture":"#1"}}},{"from":[10.86064,9.485,-2.888],"to":[20.11064,9.515,1.612],"light_emission":15,"rotation":{"angle":-45,"axis":"y","origin":[13.8,9.5,1.58246]},"faces":{"up":{"uv":[11.5,6.16667,8.5,0],"rotation":270,"texture":"#1"},"down":{"uv":[8.5,6.16667,11.5,0],"rotation":270,"texture":"#1"}}},{"from":[4,7.87,13.21079],"to":[7.5,7.88,22.46079],"light_emission":15,"rotation":{"angle":-22.5,"axis":"x","origin":[5.75,7.875,17.83579]},"faces":{"up":{"uv":[10.83333,6.66667,8.5,12.83333],"rotation":180,"texture":"#1"},"down":{"uv":[8.5,6.66667,10.83333,12.83333],"texture":"#1"}}}],"gui_light":"front","display":{"thirdperson_righthand":{"translation":[0,1.5,-1.25]},"thirdperson_lefthand":{"translation":[0,1.5,-1.25]},"firstperson_righthand":{"rotation":[0,-10,0],"translation":[1.44,2,-1]},"firstperson_lefthand":{"rotation":[0,-9.8,0],"translation":[1.38,2,-1]},"ground":{"rotation":[15,0,0],"translation":[0,5,0],"scale":[0.6,0.6,0.6]},"gui":{"rotation":[90,45,0],"translation":[0.5,-0.5,0],"scale":[0.78,0.78,0.78]},"fixed":{"rotation":[-90,0,0],"translation":[0,0,-3.75],"scale":[2,2,2]}},"groups":[{"name":"crossbow","origin":[8,0,8],"color":0,"children":[0,1,2,3,4,5,6,7,8,9,10,11,12,13,14,15,16,17,18,19,20,21,22,23,24,25,26,27,28,29,30,31,32,33,34,35,36,37,38,39,40,41,42,43,44,45,46,47,48,49,50,51,52,53,54,55,56,57,58,59,60,61,62,63,64,65,66]}]}