{"format_version":"1.9.0","credit":"Pologony Creation Co.,Ltd.","texture_size":[44,44],"textures":{"1":"plny_luminite_set:animated/animated_1","2":"plny_luminite_set:fishing_rod","particle":"plny_luminite_set:fishing_rod"},"elements":[{"from":[7,-4.25,7],"to":[9,-2.25,9],"rotation":{"angle":-45,"axis":"x","origin":[8,-3.25,8]},"faces":{"north":{"uv":[7.63636,0,8.36364,0.72727],"texture":"#2"},"east":{"uv":[6.90909,7.63636,7.63636,8.36364],"texture":"#2"},"south":{"uv":[0,8,0.72727,8.72727],"texture":"#2"},"west":{"uv":[8,1.09091,8.72727,1.81818],"texture":"#2"},"up":{"uv":[8.72727,2.90909,8,2.18182],"texture":"#2"},"down":{"uv":[8.72727,3.27273,8,4],"texture":"#2"}}},{"from":[7,-2.5,7],"to":[9,-1.5,9],"rotation":{"angle":45,"axis":"y","origin":[8,-4,8]},"faces":{"north":{"uv":[3.27273,11.63636,4,12],"texture":"#2"},"east":{"uv":[4.36364,11.63636,5.09091,12],"texture":"#2"},"south":{"uv":[11.63636,6.90909,12.36364,7.27273],"texture":"#2"},"west":{"uv":[8.36364,11.63636,9.09091,12],"texture":"#2"},"up":{"uv":[4.36364,8.72727,3.63636,8],"texture":"#2"},"down":{"uv":[8.72727,4.36364,8,5.09091],"texture":"#2"}}},{"from":[7.25,-1.5,7.25],"to":[8.75,0,8.75],"rotation":{"angle":45,"axis":"y","origin":[8,-4,8]},"faces":{"north":{"uv":[10.90909,4.72727,11.45455,5.27273],"texture":"#2"},"east":{"uv":[10.90909,5.81818,11.45455,6.36364],"texture":"#2"},"south":{"uv":[6.18182,10.90909,6.72727,11.45455],"texture":"#2"},"west":{"uv":[10.54545,10.90909,11.09091,11.45455],"texture":"#2"},"up":{"uv":[1.27273,11.81818,0.72727,11.27273],"texture":"#2"}}},{"from":[7.5,0,7.5],"to":[8.5,2.5,8.5],"rotation":{"angle":45,"axis":"y","origin":[8,-4,8]},"faces":{"north":{"uv":[7.63636,9.81818,8,10.72727],"texture":"#2"},"east":{"uv":[8.36364,9.81818,8.72727,10.72727],"texture":"#2"},"south":{"uv":[0,10.18182,0.36364,11.09091],"texture":"#2"},"west":{"uv":[10.18182,1.09091,10.54545,2],"texture":"#2"}}},{"from":[7.32322,2.5,7.5],"to":[8.57322,4,8.75],"rotation":{"angle":45,"axis":"y","origin":[7.82322,-4,8]},"faces":{"north":{"uv":[9.09091,12.36364,9.54545,12.90909],"texture":"#2"},"east":{"uv":[11.63636,12.36364,12.09091,12.90909],"texture":"#2"},"south":{"uv":[12.72727,2.18182,13.18182,2.72727],"texture":"#2"},"west":{"uv":[12.72727,5.45455,13.18182,6],"texture":"#2"},"up":{"uv":[10.63636,13.18182,10.18182,12.72727],"texture":"#2"},"down":{"uv":[13.18182,10.54545,12.72727,11],"texture":"#2"}}},{"from":[6.68934,4,7.75],"to":[8.68934,5,9.75],"rotation":{"angle":45,"axis":"y","origin":[6.93934,3.5,8]},"faces":{"north":{"uv":[9.45455,11.63636,10.18182,12],"texture":"#2"},"east":{"uv":[11.63636,10.90909,12.36364,11.27273],"texture":"#2"},"south":{"uv":[11.63636,11.63636,12.36364,12],"texture":"#2"},"west":{"uv":[12,4.72727,12.72727,5.09091],"texture":"#2"},"down":{"uv":[5.45455,8,4.72727,8.72727],"texture":"#2"}}},{"from":[6.43934,5,7.5],"to":[8.93934,5.5,10],"rotation":{"angle":45,"axis":"y","origin":[6.93934,3.5,8]},"faces":{"north":{"uv":[13.45455,0.72727,14.36364,0.90909],"texture":"#2"},"east":{"uv":[13.45455,1.45455,14.36364,1.63636],"texture":"#2"},"south":{"uv":[13.45455,3.27273,14.36364,3.45455],"texture":"#2"},"west":{"uv":[13.45455,4,14.36364,4.18182],"texture":"#2"},"up":{"uv":[6.36364,4.54545,5.45455,3.63636],"texture":"#2"},"down":{"uv":[6.36364,5.09091,5.45455,6],"texture":"#2"}}},{"from":[7.985,-8.75,4.08579],"to":[8.015,-1.5,7.58579],"rotation":{"angle":0,"axis":"y","origin":[7.9855,-4.625,6.33579]},"faces":{"east":{"uv":[3.09091,0,1.81818,2.63636],"texture":"#2"},"west":{"uv":[1.81818,0,3.09091,2.63636],"texture":"#2"}}},{"from":[7.995,-8.5,2.58579],"to":[8.005,0.75,6.08579],"light_emission":15,"rotation":{"angle":0,"axis":"y","origin":[7.9955,-3.375,4.83579]},"faces":{"east":{"uv":[10.83333,6.66667,8.5,12.83333],"texture":"#1"},"west":{"uv":[8.5,6.66667,10.83333,12.83333],"texture":"#1"}}},{"from":[7.995,-8.5,9.91421],"to":[8.005,0.75,13.41421],"light_emission":15,"rotation":{"angle":0,"axis":"y","origin":[7.9955,-3.375,11.16421]},"faces":{"east":{"uv":[8.5,6.66667,10.83333,12.83333],"texture":"#1"},"west":{"uv":[10.83333,6.66667,8.5,12.83333],"texture":"#1"}}},{"from":[7.995,2.5,11.91421],"to":[8.005,11.75,16.41421],"light_emission":15,"rotation":{"angle":0,"axis":"y","origin":[7.9955,6.625,13.16421]},"faces":{"east":{"uv":[8.5,0,11.5,6.16667],"texture":"#1"},"west":{"uv":[11.5,0,8.5,6.16667],"texture":"#1"}}},{"from":[6.245,6.5,5],"to":[6.245,25.75,8.25],"light_emission":15,"rotation":{"angle":-45,"axis":"y","origin":[6.245,16.125,6.625]},"faces":{"west":{"uv":[0,0,2.16666,12.83333],"texture":"#1"}}},{"from":[6.245,6.5,7.75],"to":[6.245,25.75,11],"light_emission":15,"rotation":{"angle":45,"axis":"y","origin":[6.245,16.125,9.375]},"faces":{"west":{"uv":[2.16666,0,0,12.83333],"texture":"#1"}}},{"from":[9.755,6.5,7.75],"to":[9.755,25.75,11],"light_emission":15,"rotation":{"angle":-45,"axis":"y","origin":[9.755,16.125,9.375]},"faces":{"east":{"uv":[0,0,2.16666,12.83333],"texture":"#1"}}},{"from":[9.755,6.5,5],"to":[9.755,25.75,8.25],"light_emission":15,"rotation":{"angle":45,"axis":"y","origin":[9.755,16.125,6.625]},"faces":{"east":{"uv":[2.16666,0,0,12.83333],"texture":"#1"}}},{"from":[7.5,-4.5,7],"to":[8.5,-2.5,8.5],"rotation":{"angle":-45,"axis":"x","origin":[7.5,-4.25,7]},"faces":{"north":{"uv":[3.63636,6.90909,4,7.63636],"texture":"#2"},"east":{"uv":[5.45455,9.45455,6,10.18182],"texture":"#2"},"south":{"uv":[1.81818,11.27273,2.18182,12],"texture":"#2"},"west":{"uv":[9.81818,0,10.36364,0.72727],"texture":"#2"},"up":{"uv":[13.09091,12.18182,12.72727,11.63636],"texture":"#2"},"down":{"uv":[13.09091,12.72727,12.72727,13.27273],"texture":"#2"}}},{"from":[7.5,-3.5,5.5],"to":[8.5,-2.5,7],"rotation":{"angle":-45,"axis":"x","origin":[7.5,-4.25,7]},"faces":{"north":{"uv":[4.72727,10.90909,5.09091,11.27273],"texture":"#2"},"east":{"uv":[0.72727,13.09091,1.27273,13.45455],"texture":"#2"},"west":{"uv":[1.81818,13.09091,2.36364,13.45455],"texture":"#2"},"up":{"uv":[3.27273,13.63636,2.90909,13.09091],"texture":"#2"},"down":{"uv":[4,13.09091,3.63636,13.63636],"texture":"#2"}}},{"from":[7.5,-3.75,6],"to":[8.5,-3.5,6.25],"rotation":{"angle":-45,"axis":"x","origin":[7.5,-4.25,7]},"faces":{"east":{"uv":[14.54545,2.18182,14.63636,2.27273],"texture":"#2"},"west":{"uv":[14.54545,5.45455,14.63636,5.54545],"texture":"#2"}}},{"from":[7.4985,-4.95238,5.52397],"to":[8.5015,-4.15238,6.27397],"rotation":{"angle":22.5,"axis":"x","origin":[7.9985,-4.57738,5.89897]},"faces":{"north":{"uv":[14.18182,8.36364,14.54545,8.63636],"texture":"#2"},"east":{"uv":[14.18182,12,14.45455,12.27273],"texture":"#2"},"south":{"uv":[14.18182,9.09091,14.54545,9.36364],"texture":"#2"},"west":{"uv":[14.18182,12.72727,14.45455,13],"texture":"#2"},"up":{"uv":[9.81818,14.45455,9.45455,14.18182],"texture":"#2"},"down":{"uv":[14.54545,9.81818,14.18182,10.09091],"texture":"#2"}}},{"from":[7.985,-8.75,8.41421],"to":[8.015,-1.5,11.91421],"rotation":{"angle":0,"axis":"y","origin":[7.9855,-4.625,9.66421]},"faces":{"east":{"uv":[1.81818,0,3.09091,2.63636],"texture":"#2"},"west":{"uv":[3.09091,0,1.81818,2.63636],"texture":"#2"}}},{"from":[7.5,-4.5,7.5],"to":[8.5,-2.5,9],"rotation":{"angle":45,"axis":"x","origin":[7.5,-4.25,9]},"faces":{"north":{"uv":[2.18182,11.27273,1.81818,12],"texture":"#2"},"east":{"uv":[6,9.45455,5.45455,10.18182],"texture":"#2"},"south":{"uv":[4,6.90909,3.63636,7.63636],"texture":"#2"},"west":{"uv":[10.36364,0,9.81818,0.72727],"texture":"#2"},"up":{"uv":[13.09091,11.63636,12.72727,12.18182],"texture":"#2"},"down":{"uv":[13.09091,13.27273,12.72727,12.72727],"texture":"#2"}}},{"from":[7.5,-3.5,9],"to":[8.5,-2.5,10.5],"rotation":{"angle":45,"axis":"x","origin":[7.5,-4.25,9]},"faces":{"east":{"uv":[1.27273,13.09091,0.72727,13.45455],"texture":"#2"},"south":{"uv":[5.09091,10.90909,4.72727,11.27273],"texture":"#2"},"west":{"uv":[2.36364,13.09091,1.81818,13.45455],"texture":"#2"},"up":{"uv":[3.27273,13.09091,2.90909,13.63636],"texture":"#2"},"down":{"uv":[4,13.63636,3.63636,13.09091],"texture":"#2"}}},{"from":[7.5,-3.75,9.75],"to":[8.5,-3.5,10],"rotation":{"angle":45,"axis":"x","origin":[7.5,-4.25,9]},"faces":{"east":{"uv":[14.63636,2.18182,14.54545,2.27273],"texture":"#2"},"west":{"uv":[14.63636,5.45455,14.54545,5.54545],"texture":"#2"}}},{"from":[7.4985,-4.95238,9.72603],"to":[8.5015,-4.15238,10.47603],"rotation":{"angle":-22.5,"axis":"x","origin":[7.9985,-4.57738,10.10103]},"faces":{"north":{"uv":[14.54545,9.09091,14.18182,9.36364],"texture":"#2"},"east":{"uv":[14.45455,12,14.18182,12.27273],"texture":"#2"},"south":{"uv":[14.54545,8.36364,14.18182,8.63636],"texture":"#2"},"west":{"uv":[14.45455,12.72727,14.18182,13],"texture":"#2"},"up":{"uv":[9.81818,14.18182,9.45455,14.45455],"texture":"#2"},"down":{"uv":[14.54545,10.09091,14.18182,9.81818],"texture":"#2"}}},{"from":[7.75,5.25,9],"to":[8.25,7.25,11],"rotation":{"angle":22.5,"axis":"x","origin":[7.5,5.25,11.5]},"faces":{"east":{"uv":[8.72727,5.45455,8,6.18182],"texture":"#2"},"south":{"uv":[13.63636,6.54545,13.45455,7.27273],"texture":"#2"},"west":{"uv":[8.72727,6.54545,8,7.27273],"texture":"#2"},"up":{"uv":[13.63636,7.63636,13.45455,8.36364],"texture":"#2"},"down":{"uv":[8.90909,14.18182,8.72727,13.45455],"texture":"#2"}}},{"from":[7.5,4.25,8.25],"to":[8.5,5.75,10],"rotation":{"angle":22.5,"axis":"x","origin":[7.5,5.25,11.5]},"faces":{"north":{"uv":[5.45455,13.09091,5.09091,13.63636],"texture":"#2"},"east":{"uv":[10.45455,3.27273,9.81818,3.81818],"texture":"#2"},"south":{"uv":[4.72727,13.09091,4.36364,13.63636],"texture":"#2"},"west":{"uv":[7.18182,9.81818,6.54545,10.36364],"texture":"#2"},"up":{"uv":[0.36364,12.72727,0,13.36364],"texture":"#2"},"down":{"uv":[13.09091,7.18182,12.72727,6.54545],"texture":"#2"}}},{"from":[7.5,6.5,9],"to":[8.5,7.5,10],"rotation":{"angle":22.5,"axis":"x","origin":[7.5,5.25,11.5]},"faces":{"north":{"uv":[13.81818,11.63636,13.45455,12],"texture":"#2"},"east":{"uv":[11.63636,13.45455,11.27273,13.81818],"texture":"#2"},"south":{"uv":[9.81818,13.45455,9.45455,13.81818],"texture":"#2"},"west":{"uv":[12.36364,13.45455,12,13.81818],"texture":"#2"},"up":{"uv":[13.81818,12.36364,13.45455,12.72727],"texture":"#2"},"down":{"uv":[13.81818,13.45455,13.45455,13.09091],"texture":"#2"}}},{"from":[7.5,5.75,11],"to":[8.5,8.25,12.5],"rotation":{"angle":22.5,"axis":"x","origin":[7.5,5.25,11.5]},"faces":{"north":{"uv":[10.54545,5.81818,10.18182,6.72727],"texture":"#2"},"east":{"uv":[9.63636,5.09091,9.09091,6],"texture":"#2"},"south":{"uv":[10.54545,4.36364,10.18182,5.27273],"texture":"#2"},"west":{"uv":[9.63636,6.54545,9.09091,7.45455],"texture":"#2"}}},{"from":[7.5,8,12.5],"to":[8.5,11,14],"rotation":{"angle":22.5,"axis":"x","origin":[7.5,4.75,10]},"faces":{"north":{"uv":[2.18182,9.81818,1.81818,10.90909],"texture":"#2"},"east":{"uv":[7.45455,4.72727,6.90909,5.81818],"texture":"#2"},"south":{"uv":[1.45455,9.81818,1.09091,10.90909],"texture":"#2"},"west":{"uv":[7.45455,6.18182,6.90909,7.27273],"texture":"#2"},"up":{"uv":[6.18182,13.09091,5.81818,13.63636],"texture":"#2"},"down":{"uv":[6.90909,13.63636,6.54545,13.09091],"texture":"#2"}}},{"from":[7.5,10.28806,11.55866],"to":[8.5,11.03806,12.30866],"rotation":{"angle":22.5,"axis":"x","origin":[7.5,4.28806,9.80866]},"faces":{"north":{"uv":[11.27273,14.18182,10.90909,14.45455],"texture":"#2"},"east":{"uv":[14.45455,13.45455,14.18182,13.72727],"texture":"#2"},"west":{"uv":[14.45455,14.18182,14.18182,14.45455],"texture":"#2"},"up":{"uv":[14.54545,11.27273,14.18182,11.54545],"texture":"#2"},"down":{"uv":[12,14.45455,11.63636,14.18182],"texture":"#2"}}},{"from":[7.5,4.75,11],"to":[8.5,5.75,13.5],"rotation":{"angle":22.5,"axis":"x","origin":[7.5,5.25,11.5]},"faces":{"north":{"uv":[1.09091,13.81818,0.72727,14.18182],"texture":"#2"},"east":{"uv":[11.09091,2.54545,10.18182,2.90909],"texture":"#2"},"south":{"uv":[0.36364,13.81818,0,14.18182],"texture":"#2"},"west":{"uv":[11.09091,7.27273,10.18182,7.63636],"texture":"#2"},"up":{"uv":[9.45455,10.18182,9.09091,11.09091],"texture":"#2"},"down":{"uv":[10.18182,11.09091,9.81818,10.18182],"texture":"#2"}}},{"from":[7.5,5.75,13],"to":[8.5,6.25,13.5],"rotation":{"angle":22.5,"axis":"x","origin":[7.5,5.25,11.5]},"faces":{"north":{"uv":[14.90909,0,14.54545,0.18182],"texture":"#2"},"east":{"uv":[1.63636,14.54545,1.45455,14.72727],"texture":"#2"},"south":{"uv":[0.36364,14.54545,0,14.72727],"texture":"#2"},"west":{"uv":[2.36364,14.54545,2.18182,14.72727],"texture":"#2"},"up":{"uv":[1.09091,14.54545,0.72727,14.72727],"texture":"#2"}}},{"from":[7.4985,6.71298,12.18611],"to":[8.5015,8.21298,14.68611],"rotation":{"angle":0,"axis":"y","origin":[7.9985,7.46298,13.93611]},"faces":{"north":{"uv":[8.36364,13.09091,8,13.63636],"texture":"#2"},"east":{"uv":[10,8,9.09091,8.54545],"texture":"#2"},"south":{"uv":[7.63636,13.09091,7.27273,13.63636],"texture":"#2"},"west":{"uv":[10,9.09091,9.09091,9.63636],"texture":"#2"},"up":{"uv":[5.81818,10.54545,5.45455,11.45455],"texture":"#2"},"down":{"uv":[10.90909,8.90909,10.54545,8],"texture":"#2"}}},{"from":[7,6.75,6],"to":[9,8.75,7],"rotation":{"angle":-45,"axis":"x","origin":[8,7.75,8]},"faces":{"north":{"uv":[8,7.63636,8.72727,8.36364],"texture":"#2"},"east":{"uv":[0,11.63636,0.36364,12.36364],"texture":"#2"},"south":{"uv":[5.81818,8.36364,6.54545,9.09091],"texture":"#2"},"west":{"uv":[5.45455,12,5.81818,12.72727],"texture":"#2"}}},{"from":[7,6.75,9],"to":[9,8.75,10],"rotation":{"angle":-45,"axis":"x","origin":[8,7.75,8]},"faces":{"north":{"uv":[8.72727,0,9.45455,0.72727],"texture":"#2"},"east":{"uv":[12,5.45455,12.36364,6.18182],"texture":"#2"},"south":{"uv":[1.09091,8.72727,1.81818,9.45455],"texture":"#2"},"west":{"uv":[6.18182,12,6.54545,12.72727],"texture":"#2"}}},{"from":[7,8.75,6],"to":[9,9.75,7],"rotation":{"angle":-45,"axis":"x","origin":[8,7.75,8]},"faces":{"north":{"uv":[12,9.09091,12.72727,9.45455],"texture":"#2"},"east":{"uv":[1.45455,13.81818,1.81818,14.18182],"texture":"#2"},"west":{"uv":[2.18182,13.81818,2.54545,14.18182],"texture":"#2"},"up":{"uv":[12.72727,10.18182,12,9.81818],"texture":"#2"}}},{"from":[7,5.75,6],"to":[9,6.75,7],"rotation":{"angle":-45,"axis":"x","origin":[8,7.75,8]},"faces":{"north":{"uv":[10.54545,12,11.27273,12.36364],"texture":"#2"},"east":{"uv":[13.81818,2.18182,14.18182,2.54545],"texture":"#2"},"west":{"uv":[13.81818,5.45455,14.18182,5.81818],"texture":"#2"},"down":{"uv":[13.09091,0,12.36364,0.36364],"texture":"#2"}}},{"from":[7,8.75,9],"to":[9,9.75,10],"rotation":{"angle":-45,"axis":"x","origin":[8,7.75,8]},"faces":{"east":{"uv":[10.18182,13.81818,10.54545,14.18182],"texture":"#2"},"south":{"uv":[0.72727,12.36364,1.45455,12.72727],"texture":"#2"},"west":{"uv":[13.81818,10.54545,14.18182,10.90909],"texture":"#2"},"up":{"uv":[13.09091,1.09091,12.36364,0.72727],"texture":"#2"}}},{"from":[7,8.75,7],"to":[9,9.75,9],"rotation":{"angle":-45,"axis":"x","origin":[8,7.75,8]},"faces":{"east":{"uv":[12.36364,1.45455,13.09091,1.81818],"texture":"#2"},"west":{"uv":[1.81818,12.36364,2.54545,12.72727],"texture":"#2"},"up":{"uv":[2.90909,9.45455,2.18182,8.72727],"texture":"#2"},"down":{"uv":[7.63636,8.72727,6.90909,9.45455],"texture":"#2"}}},{"from":[7.25,6.25,6.5],"to":[8.75,9.25,9.5],"rotation":{"angle":-45,"axis":"x","origin":[8,7.75,8]},"faces":{"east":{"uv":[3.63636,0,4.72727,1.09091],"texture":"#2"},"west":{"uv":[3.63636,1.45455,4.72727,2.54545],"texture":"#2"}}},{"from":[7,5.75,7],"to":[9,6.75,9],"rotation":{"angle":-45,"axis":"x","origin":[8,7.75,8]},"faces":{"east":{"uv":[2.90909,12.36364,3.63636,12.72727],"texture":"#2"},"west":{"uv":[12.36364,3.27273,13.09091,3.63636],"texture":"#2"},"up":{"uv":[8.72727,9.45455,8,8.72727],"texture":"#2"},"down":{"uv":[0.72727,9.09091,0,9.81818],"texture":"#2"}}},{"from":[7,5.75,9],"to":[9,6.75,10],"rotation":{"angle":-45,"axis":"x","origin":[8,7.75,8]},"faces":{"east":{"uv":[12.72727,13.81818,13.09091,14.18182],"texture":"#2"},"south":{"uv":[4,12.36364,4.72727,12.72727],"texture":"#2"},"west":{"uv":[13.45455,13.81818,13.81818,14.18182],"texture":"#2"},"down":{"uv":[13.09091,4,12.36364,4.36364],"texture":"#2"}}},{"from":[7.6,3.75,10.9],"to":[7.61,12.75,12.15],"rotation":{"angle":45,"axis":"y","origin":[7.6,6.75,12.15]},"faces":{"east":{"uv":[3.27273,3.27273,3.72727,6.54545],"texture":"#2"},"west":{"uv":[3.72727,3.27273,3.27273,6.54545],"texture":"#2"}}},{"from":[6.71612,3.75,8.51612],"to":[6.72612,12.75,11.26612],"rotation":{"angle":22.5,"axis":"y","origin":[6.71612,6.75,11.26612]},"faces":{"east":{"uv":[1.81818,3.27273,2.81818,6.54545],"texture":"#2"},"west":{"uv":[2.81818,3.27273,1.81818,6.54545],"texture":"#2"}}},{"from":[8.39,3.75,10.9],"to":[8.4,12.75,12.15],"rotation":{"angle":-45,"axis":"y","origin":[8.4,6.75,12.15]},"faces":{"east":{"uv":[3.27273,3.27273,3.72727,6.54545],"texture":"#2"},"west":{"uv":[3.72727,3.27273,3.27273,6.54545],"texture":"#2"}}},{"from":[9.27388,3.75,8.51612],"to":[9.28388,12.75,11.26612],"rotation":{"angle":-22.5,"axis":"y","origin":[9.28388,6.75,11.26612]},"faces":{"east":{"uv":[1.81818,3.27273,2.81818,6.54545],"texture":"#2"},"west":{"uv":[2.81818,3.27273,1.81818,6.54545],"texture":"#2"}}},{"from":[6.33579,9.57843,7.75],"to":[8.83579,10.57843,10.25],"rotation":{"angle":45,"axis":"y","origin":[6.58579,9.57843,8]},"faces":{"north":{"uv":[10.54545,9.45455,11.45455,9.81818],"texture":"#2"},"east":{"uv":[10.54545,10.18182,11.45455,10.54545],"texture":"#2"},"south":{"uv":[10.90909,0,11.81818,0.36364],"texture":"#2"},"west":{"uv":[10.90909,0.72727,11.81818,1.09091],"texture":"#2"},"up":{"uv":[7.09091,0.90909,6.18182,0],"texture":"#2"},"down":{"uv":[0.90909,6.54545,0,7.45455],"texture":"#2"}}},{"from":[6.58579,24.82843,6.25],"to":[8.58579,25.32843,8.25],"rotation":{"angle":45,"axis":"y","origin":[6.58579,24.57843,6.25]},"faces":{"north":{"uv":[2.90909,14.18182,3.63636,14.36364],"texture":"#2"},"east":{"uv":[4,14.18182,4.72727,14.36364],"texture":"#2"},"south":{"uv":[14.18182,4.72727,14.90909,4.90909],"texture":"#2"},"west":{"uv":[5.09091,14.18182,5.81818,14.36364],"texture":"#2"}}},{"name":"cube inverted","from":[8.58579,25.32843,8.25],"to":[6.58579,24.82843,6.25],"rotation":{"angle":45,"axis":"y","origin":[6.58579,24.57843,6.25]},"faces":{"north":{"uv":[14.18182,4.90909,14.90909,4.72727],"texture":"#2"},"east":{"uv":[5.09091,14.36364,5.81818,14.18182],"texture":"#2"},"south":{"uv":[2.90909,14.36364,3.63636,14.18182],"texture":"#2"},"west":{"uv":[4,14.36364,4.72727,14.18182],"texture":"#2"}}},{"from":[6.58579,19.82843,6.25],"to":[8.58579,20.32843,8.25],"rotation":{"angle":45,"axis":"y","origin":[6.58579,24.57843,6.25]},"faces":{"north":{"uv":[2.90909,14.18182,3.63636,14.36364],"texture":"#2"},"east":{"uv":[4,14.18182,4.72727,14.36364],"texture":"#2"},"south":{"uv":[14.18182,4.72727,14.90909,4.90909],"texture":"#2"},"west":{"uv":[5.09091,14.18182,5.81818,14.36364],"texture":"#2"}}},{"name":"cube inverted","from":[8.58579,20.32843,8.25],"to":[6.58579,19.82843,6.25],"rotation":{"angle":45,"axis":"y","origin":[6.58579,24.57843,6.25]},"faces":{"north":{"uv":[14.18182,4.90909,14.90909,4.72727],"texture":"#2"},"east":{"uv":[5.09091,14.36364,5.81818,14.18182],"texture":"#2"},"south":{"uv":[2.90909,14.36364,3.63636,14.18182],"texture":"#2"},"west":{"uv":[4,14.36364,4.72727,14.18182],"texture":"#2"}}},{"from":[6.58579,14.82843,6.25],"to":[8.58579,15.32843,8.25],"rotation":{"angle":45,"axis":"y","origin":[6.58579,24.57843,6.25]},"faces":{"north":{"uv":[2.90909,14.18182,3.63636,14.36364],"texture":"#2"},"east":{"uv":[4,14.18182,4.72727,14.36364],"texture":"#2"},"south":{"uv":[14.18182,4.72727,14.90909,4.90909],"texture":"#2"},"west":{"uv":[5.09091,14.18182,5.81818,14.36364],"texture":"#2"}}},{"name":"cube inverted","from":[8.58579,15.32843,8.25],"to":[6.58579,14.82843,6.25],"rotation":{"angle":45,"axis":"y","origin":[6.58579,24.57843,6.25]},"faces":{"north":{"uv":[14.18182,4.90909,14.90909,4.72727],"texture":"#2"},"east":{"uv":[5.09091,14.36364,5.81818,14.18182],"texture":"#2"},"south":{"uv":[2.90909,14.36364,3.63636,14.18182],"texture":"#2"},"west":{"uv":[4,14.36364,4.72727,14.18182],"texture":"#2"}}},{"from":[6.58579,9.82843,6.25],"to":[8.58579,10.32843,8.25],"rotation":{"angle":45,"axis":"y","origin":[6.58579,24.57843,6.25]},"faces":{"north":{"uv":[2.90909,14.18182,3.63636,14.36364],"texture":"#2"},"east":{"uv":[4,14.18182,4.72727,14.36364],"texture":"#2"},"south":{"uv":[14.18182,4.72727,14.90909,4.90909],"texture":"#2"},"west":{"uv":[5.09091,14.18182,5.81818,14.36364],"texture":"#2"}}},{"name":"cube inverted","from":[8.58579,10.32843,8.25],"to":[6.58579,9.82843,6.25],"rotation":{"angle":45,"axis":"y","origin":[6.58579,24.57843,6.25]},"faces":{"north":{"uv":[14.18182,4.90909,14.90909,4.72727],"texture":"#2"},"east":{"uv":[5.09091,14.36364,5.81818,14.18182],"texture":"#2"},"south":{"uv":[2.90909,14.36364,3.63636,14.18182],"texture":"#2"},"west":{"uv":[4,14.36364,4.72727,14.18182],"texture":"#2"}}},{"from":[6.33579,14.57843,7.75],"to":[8.83579,15.57843,10.25],"rotation":{"angle":45,"axis":"y","origin":[6.58579,14.57843,8]},"faces":{"north":{"uv":[10.90909,1.45455,11.81818,1.81818],"texture":"#2"},"east":{"uv":[3.27273,10.90909,4.18182,11.27273],"texture":"#2"},"south":{"uv":[10.90909,3.27273,11.81818,3.63636],"texture":"#2"},"west":{"uv":[10.90909,4,11.81818,4.36364],"texture":"#2"},"up":{"uv":[7.45455,2.36364,6.54545,1.45455],"texture":"#2"},"down":{"uv":[5.27273,6.54545,4.36364,7.45455],"texture":"#2"}}},{"from":[6.58579,19.57843,8],"to":[8.58579,20.57843,10],"rotation":{"angle":45,"axis":"y","origin":[6.58579,19.57843,8]},"faces":{"north":{"uv":[6.90909,12.36364,7.63636,12.72727],"texture":"#2"},"east":{"uv":[12.36364,7.63636,13.09091,8],"texture":"#2"},"south":{"uv":[8,12.36364,8.72727,12.72727],"texture":"#2"},"west":{"uv":[12.36364,8.36364,13.09091,8.72727],"texture":"#2"},"up":{"uv":[9.81818,1.81818,9.09091,1.09091],"texture":"#2"},"down":{"uv":[9.81818,2.18182,9.09091,2.90909],"texture":"#2"}}},{"from":[6.83579,24.57843,8.25],"to":[8.33579,25.57843,9.75],"rotation":{"angle":45,"axis":"y","origin":[6.58579,24.57843,8]},"faces":{"north":{"uv":[13.09091,4.72727,13.63636,5.09091],"texture":"#2"},"east":{"uv":[13.09091,9.09091,13.63636,9.45455],"texture":"#2"},"south":{"uv":[13.09091,9.81818,13.63636,10.18182],"texture":"#2"},"west":{"uv":[13.45455,0,14,0.36364],"texture":"#2"},"up":{"uv":[7.81818,11.81818,7.27273,11.27273],"texture":"#2"},"down":{"uv":[11.81818,8,11.27273,8.54545],"texture":"#2"}}},{"from":[6.58579,10.57843,8],"to":[8.58579,14.57843,10],"rotation":{"angle":45,"axis":"y","origin":[6.58579,10.57843,8]},"faces":{"north":{"uv":[4.36364,2.90909,5.09091,4.36364],"texture":"#2"},"east":{"uv":[4.36364,4.72727,5.09091,6.18182],"texture":"#2"},"south":{"uv":[5.09091,0,5.81818,1.45455],"texture":"#2"},"west":{"uv":[5.45455,1.81818,6.18182,3.27273],"texture":"#2"}}},{"from":[6.83579,15.57843,8.25],"to":[8.33579,19.57843,9.75],"rotation":{"angle":45,"axis":"y","origin":[6.58579,15.57843,8]},"faces":{"north":{"uv":[5.81818,6.54545,6.36364,8],"texture":"#2"},"east":{"uv":[1.45455,6.90909,2,8.36364],"texture":"#2"},"south":{"uv":[2.54545,6.90909,3.09091,8.36364],"texture":"#2"},"west":{"uv":[6.90909,2.90909,7.45455,4.36364],"texture":"#2"}}},{"from":[7.08579,20.57843,8.5],"to":[8.08579,24.57843,9.5],"rotation":{"angle":45,"axis":"y","origin":[6.58579,20.57843,8]},"faces":{"north":{"uv":[3.27273,9.09091,3.63636,10.54545],"texture":"#2"},"east":{"uv":[9.09091,3.27273,9.45455,4.72727],"texture":"#2"},"south":{"uv":[4,9.09091,4.36364,10.54545],"texture":"#2"},"west":{"uv":[4.72727,9.09091,5.09091,10.54545],"texture":"#2"}}},{"from":[7.99,8.57843,3.68934],"to":[8.01,25.57843,6.93934],"rotation":{"angle":0,"axis":"y","origin":[7.99,4.57843,1.93934]},"faces":{"east":{"uv":[1.18182,0,0,6.18182],"texture":"#2"},"west":{"uv":[0,0,1.18182,6.18182],"texture":"#2"}}}],"gui_light":"front","display":{"thirdperson_righthand":{"rotation":[19.5,0,0],"translation":[0,3.75,2.25]},"thirdperson_lefthand":{"rotation":[19.5,0,0],"translation":[0,3.75,2.25]},"firstperson_righthand":{"rotation":[-50.37,-6.08,-7.28],"translation":[0.5,2.5,1.25],"scale":[0.65,0.65,0.65]},"firstperson_lefthand":{"rotation":[-50.37,-6.08,-7.28],"translation":[0.5,2.5,1.25],"scale":[0.65,0.65,0.65]},"ground":{"rotation":[-45,0,0],"translation":[0,5,0],"scale":[0.6,0.6,0.6]},"gui":{"rotation":[-90,135,90],"translation":[-0.5,-0.5,0],"scale":[0.62,0.62,0.62]},"head":{"rotation":[0,-90,0]},"fixed":{"rotation":[0,-90,0],"translation":[0,0,-2],"scale":[2,2,2]}},"groups":[{"name":"fishing_rod","origin":[8,0,8],"color":0,"children":[0,1,2,3,4,5,6,7,8,9,10,11,12,13,14,15,16,17,18,19,20,21,22,23,24,25,26,27,28,29,30,31,32,33,34,35,36,37,38,39,40,41,42,43,44,45,46,47,48,49,50,51,52,53,54,55,56,57,58,59,60,61]}]}