{"format_version":"1.9.0","credit":"Pologony Creation Co.,Ltd.","texture_size":[48,48],"textures":{"1":"plny_luminite_set:animated/animated_1","5":"plny_luminite_set:hammer","particle":"plny_luminite_set:animated/animated_5"},"elements":[{"from":[7,-4.25,7],"to":[9,-2.25,9],"rotation":{"angle":-45,"axis":"x","origin":[8,-3.25,8]},"faces":{"north":{"uv":[5,11,5.66667,11.66667],"texture":"#5"},"east":{"uv":[11,6,11.66667,6.66667],"texture":"#5"},"south":{"uv":[9.33333,11,10,11.66667],"texture":"#5"},"west":{"uv":[10.33333,11,11,11.66667],"texture":"#5"},"up":{"uv":[0.66667,12,0,11.33333],"texture":"#5"},"down":{"uv":[1.66667,11.33333,1,12],"texture":"#5"}}},{"from":[6,20.78806,11.00866],"to":[10,21.53806,11.75866],"rotation":{"angle":22.5,"axis":"x","origin":[7.5,14.78806,9.25866]},"faces":{"north":{"uv":[9.33333,12,10.66667,12.25],"texture":"#5"},"east":{"uv":[13.33333,14.33333,13.58333,14.58333],"texture":"#5"},"west":{"uv":[14.33333,13.33333,14.58333,13.58333],"texture":"#5"},"up":{"uv":[1.33333,12.58333,0,12.33333],"texture":"#5"},"down":{"uv":[13.66667,0.66667,12.33333,0.91667],"texture":"#5"}}},{"from":[6,18.5,11.95],"to":[10,21.5,13.45],"rotation":{"angle":22.5,"axis":"x","origin":[7.5,15.25,9.45]},"faces":{"north":{"uv":[5.33333,4,6.66667,5],"texture":"#5"},"east":{"uv":[4,10.66667,4.5,11.66667],"texture":"#5"},"south":{"uv":[5.33333,5.33333,6.66667,6.33333],"texture":"#5"},"west":{"uv":[6.33333,10.66667,6.83333,11.66667],"texture":"#5"},"up":{"uv":[7.66667,10.16667,6.33333,9.66667],"texture":"#5"},"down":{"uv":[11,9.33333,9.66667,9.83333],"texture":"#5"}}},{"from":[5.9985,17.21298,11.63611],"to":[10.0015,18.71298,14.13611],"rotation":{"angle":0,"axis":"y","origin":[7.9985,17.96298,13.38611]},"faces":{"north":{"uv":[9.66667,1.33333,11,1.83333],"texture":"#5"},"east":{"uv":[11.66667,10,12.5,10.5],"texture":"#5"},"south":{"uv":[9.66667,2.33333,11,2.83333],"texture":"#5"},"west":{"uv":[4,12,4.83333,12.5],"texture":"#5"},"up":{"uv":[9.66667,0.83333,8.33333,0],"texture":"#5"},"down":{"uv":[2.33333,8.33333,1,9.16667],"texture":"#5"}}},{"from":[6,16.25,10.45],"to":[10,18.75,11.95],"rotation":{"angle":22.5,"axis":"x","origin":[7.5,15.75,10.95]},"faces":{"north":{"uv":[7.33333,7,8.66667,7.83333],"texture":"#5"},"east":{"uv":[3,11.33333,3.5,12.16667],"texture":"#5"},"south":{"uv":[5.33333,7.66667,6.66667,8.5],"texture":"#5"},"west":{"uv":[11.33333,11.66667,11.83333,12.5],"texture":"#5"}}},{"from":[6,15.25,10.45],"to":[10,16.25,12.95],"rotation":{"angle":22.5,"axis":"x","origin":[7.5,15.75,10.95]},"faces":{"north":{"uv":[11.66667,3,13,3.33333],"texture":"#5"},"east":{"uv":[12.33333,2.33333,13.16667,2.66667],"texture":"#5"},"south":{"uv":[11.66667,8.33333,13,8.66667],"texture":"#5"},"west":{"uv":[12.66667,4.66667,13.5,5],"texture":"#5"},"up":{"uv":[2.33333,6.5,1,5.66667],"texture":"#5"},"down":{"uv":[2.33333,7,1,7.83333],"texture":"#5"}}},{"from":[6,16.25,12.45],"to":[10,16.75,12.95],"rotation":{"angle":22.5,"axis":"x","origin":[7.5,15.75,10.95]},"faces":{"north":{"uv":[13.33333,6.66667,14.66667,6.83333],"texture":"#5"},"east":{"uv":[14.66667,2,14.83333,2.16667],"texture":"#5"},"south":{"uv":[13.33333,7.33333,14.66667,7.5],"texture":"#5"},"west":{"uv":[2.33333,14.66667,2.5,14.83333],"texture":"#5"},"up":{"uv":[14.66667,8.16667,13.33333,8],"texture":"#5"}}},{"from":[6.25,15.75,9],"to":[9.75,17.75,10.5],"rotation":{"angle":22.5,"axis":"x","origin":[7.5,15.75,11.5]},"faces":{"east":{"uv":[7.33333,12,7.83333,12.66667],"texture":"#5"},"south":{"uv":[9,5,10.16667,5.66667],"texture":"#5"},"west":{"uv":[8.33333,12,8.83333,12.66667],"texture":"#5"},"up":{"uv":[11.16667,0.5,10,0],"texture":"#5"},"down":{"uv":[11.16667,8.33333,10,8.83333],"texture":"#5"}}},{"from":[6,17,9],"to":[10,18,10],"rotation":{"angle":22.5,"axis":"x","origin":[7.5,15.75,11.5]},"faces":{"north":{"uv":[7.33333,11.33333,8.66667,11.66667],"texture":"#5"},"east":{"uv":[5,14.33333,5.33333,14.66667],"texture":"#5"},"south":{"uv":[11.33333,9.33333,12.66667,9.66667],"texture":"#5"},"west":{"uv":[5.66667,14.33333,6,14.66667],"texture":"#5"},"up":{"uv":[12.66667,11.33333,11.33333,11],"texture":"#5"},"down":{"uv":[13,0,11.66667,0.33333],"texture":"#5"}}},{"from":[6,14.75,8.25],"to":[10,16.25,10],"rotation":{"angle":22.5,"axis":"x","origin":[7.5,15.75,11.5]},"faces":{"north":{"uv":[9.33333,6,10.66667,6.5],"texture":"#5"},"east":{"uv":[12.33333,7,12.91667,7.5],"texture":"#5"},"south":{"uv":[1,9.66667,2.33333,10.16667],"texture":"#5"},"west":{"uv":[12.33333,11.66667,12.91667,12.16667],"texture":"#5"},"up":{"uv":[9.66667,8.91667,8.33333,8.33333],"texture":"#5"},"down":{"uv":[10.33333,4,9,4.58333],"texture":"#5"}}},{"from":[7,-2.5,7],"to":[9,-1.5,9],"rotation":{"angle":45,"axis":"y","origin":[8,-4,8]},"faces":{"north":{"uv":[12.66667,5.33333,13.33333,5.66667],"texture":"#5"},"east":{"uv":[4.66667,13,5.33333,13.33333],"texture":"#5"},"south":{"uv":[5.66667,13,6.33333,13.33333],"texture":"#5"},"west":{"uv":[13,6,13.66667,6.33333],"texture":"#5"},"up":{"uv":[12,1.66667,11.33333,1],"texture":"#5"},"down":{"uv":[2.66667,11.33333,2,12],"texture":"#5"}}},{"from":[7.25,-1.5,7.25],"to":[8.75,0,8.75],"rotation":{"angle":45,"axis":"y","origin":[8,-4,8]},"faces":{"north":{"uv":[9.33333,12.66667,9.83333,13.16667],"texture":"#5"},"east":{"uv":[10.33333,12.66667,10.83333,13.16667],"texture":"#5"},"south":{"uv":[12.33333,12.66667,12.83333,13.16667],"texture":"#5"},"west":{"uv":[0,13,0.5,13.5],"texture":"#5"},"up":{"uv":[4.16667,13.5,3.66667,13],"texture":"#5"}}},{"from":[7.5,0,7.5],"to":[8.5,13,8.5],"rotation":{"angle":45,"axis":"y","origin":[8,-4,8]},"faces":{"north":{"uv":[2.66667,4.66667,3,9],"texture":"#5"},"east":{"uv":[3.33333,4.66667,3.66667,9],"texture":"#5"},"south":{"uv":[4,4.66667,4.33333,9],"texture":"#5"},"west":{"uv":[4.66667,4.66667,5,9],"texture":"#5"}}},{"from":[7.32322,13,7.5],"to":[8.57322,14.5,8.75],"rotation":{"angle":45,"axis":"y","origin":[7.82322,6.5,8]},"faces":{"north":{"uv":[13.33333,13.33333,13.75,13.83333],"texture":"#5"},"east":{"uv":[13.66667,2,14.08333,2.5],"texture":"#5"},"south":{"uv":[2.66667,13.66667,3.08333,14.16667],"texture":"#5"},"west":{"uv":[13.66667,3.66667,14.08333,4.16667],"texture":"#5"},"up":{"uv":[6.75,14.08333,6.33333,13.66667],"texture":"#5"},"down":{"uv":[7.75,13.66667,7.33333,14.08333],"texture":"#5"}}},{"from":[6.68934,14.5,7.75],"to":[8.68934,15.5,9.75],"rotation":{"angle":45,"axis":"y","origin":[6.93934,14,8]},"faces":{"north":{"uv":[6.66667,13,7.33333,13.33333],"texture":"#5"},"east":{"uv":[7.66667,13,8.33333,13.33333],"texture":"#5"},"south":{"uv":[13,9,13.66667,9.33333],"texture":"#5"},"west":{"uv":[13,9.66667,13.66667,10],"texture":"#5"},"down":{"uv":[12,2,11.33333,2.66667],"texture":"#5"}}},{"from":[6.43934,15.5,7.5],"to":[8.93934,16,10],"rotation":{"angle":45,"axis":"y","origin":[6.93934,14,8]},"faces":{"north":{"uv":[14,0.66667,14.83333,0.83333],"texture":"#5"},"east":{"uv":[14,4.66667,14.83333,4.83333],"texture":"#5"},"south":{"uv":[14,6,14.83333,6.16667],"texture":"#5"},"west":{"uv":[14,8.66667,14.83333,8.83333],"texture":"#5"},"up":{"uv":[9.83333,7.83333,9,7],"texture":"#5"},"down":{"uv":[3.5,9.33333,2.66667,10.16667],"texture":"#5"}}},{"from":[7.995,-8.5,2.58579],"to":[8.005,0.75,6.08579],"light_emission":15,"rotation":{"angle":0,"axis":"y","origin":[7.9955,-3.375,4.83579]},"faces":{"east":{"uv":[10.83333,6.66667,8.5,12.83333],"texture":"#1"},"west":{"uv":[8.5,6.66667,10.83333,12.83333],"texture":"#1"}}},{"from":[8.75,14.9059,-0.64913],"to":[12.25,24.1559,-0.63913],"light_emission":15,"rotation":{"angle":45,"axis":"y","origin":[10.5,19.5309,-0.64413]},"faces":{"north":{"uv":[8.5,6.66667,10.83333,12.83333],"texture":"#1"},"south":{"uv":[10.83333,6.66667,8.5,12.83333],"texture":"#1"}}},{"from":[3.75,14.9059,-0.64913],"to":[7.25,24.1559,-0.63913],"light_emission":15,"rotation":{"angle":-45,"axis":"y","origin":[5.5,19.5309,-0.64413]},"faces":{"north":{"uv":[10.83333,6.66667,8.5,12.83333],"texture":"#1"},"south":{"uv":[8.5,6.66667,10.83333,12.83333],"texture":"#1"}}},{"from":[8.75,14.9059,16.63913],"to":[12.25,24.1559,16.64913],"light_emission":15,"rotation":{"angle":-45,"axis":"y","origin":[10.5,19.5309,16.64413]},"faces":{"north":{"uv":[8.5,6.66667,10.83333,12.83333],"texture":"#1"},"south":{"uv":[10.83333,6.66667,8.5,12.83333],"texture":"#1"}}},{"from":[3.75,14.9059,16.63913],"to":[7.25,24.1559,16.64913],"light_emission":15,"rotation":{"angle":45,"axis":"y","origin":[5.5,19.5309,16.64413]},"faces":{"north":{"uv":[10.83333,6.66667,8.5,12.83333],"texture":"#1"},"south":{"uv":[8.5,6.66667,10.83333,12.83333],"texture":"#1"}}},{"from":[7.985,-8.75,8.41421],"to":[8.015,-1.5,11.91421],"rotation":{"angle":0,"axis":"y","origin":[7.9855,-4.625,9.66421]},"faces":{"east":{"uv":[0,0,1.16667,2.41667],"texture":"#5"},"west":{"uv":[1.16667,0,0,2.41667],"texture":"#5"}}},{"from":[7.995,-8.5,9.91421],"to":[8.005,0.75,13.41421],"light_emission":15,"rotation":{"angle":0,"axis":"y","origin":[7.9955,-3.375,11.16421]},"faces":{"east":{"uv":[8.5,6.66667,10.83333,12.83333],"texture":"#1"},"west":{"uv":[10.83333,6.66667,8.5,12.83333],"texture":"#1"}}},{"from":[7.5,-4.5,7.5],"to":[8.5,-2.5,9],"rotation":{"angle":45,"axis":"x","origin":[7.5,-4.25,9]},"faces":{"north":{"uv":[13.33333,11.33333,13.66667,12],"texture":"#5"},"east":{"uv":[12.33333,1.33333,12.83333,2],"texture":"#5"},"south":{"uv":[13.33333,12.33333,13.66667,13],"texture":"#5"},"west":{"uv":[1.66667,12.33333,2.16667,13],"texture":"#5"},"up":{"uv":[4,14.5,3.66667,14],"texture":"#5"},"down":{"uv":[8.66667,14,8.33333,14.5],"texture":"#5"}}},{"from":[7.5,-3.5,9],"to":[8.5,-2.5,10.5],"rotation":{"angle":45,"axis":"x","origin":[7.5,-4.25,9]},"faces":{"east":{"uv":[12,13.66667,12.5,14],"texture":"#5"},"south":{"uv":[9,14.33333,9.33333,14.66667],"texture":"#5"},"west":{"uv":[0,14,0.5,14.33333],"texture":"#5"},"up":{"uv":[1.33333,14.5,1,14],"texture":"#5"},"down":{"uv":[2,14,1.66667,14.5],"texture":"#5"}}},{"from":[7.5,-3.75,9.75],"to":[8.5,-3.5,10],"rotation":{"angle":45,"axis":"x","origin":[7.5,-4.25,9]},"faces":{"east":{"uv":[3,14.66667,3.08333,14.75],"texture":"#5"},"west":{"uv":[14.66667,3.66667,14.75,3.75],"texture":"#5"}}},{"from":[7.4985,-4.95238,9.72603],"to":[8.5015,-4.15238,10.47603],"rotation":{"angle":-22.5,"axis":"x","origin":[7.9985,-4.57738,10.10103]},"faces":{"north":{"uv":[9.66667,14.33333,10,14.58333],"texture":"#5"},"east":{"uv":[14,14.33333,14.25,14.58333],"texture":"#5"},"south":{"uv":[10.33333,14.33333,10.66667,14.58333],"texture":"#5"},"west":{"uv":[0,14.66667,0.25,14.91667],"texture":"#5"},"up":{"uv":[12.33333,14.58333,12,14.33333],"texture":"#5"},"down":{"uv":[13,14.33333,12.66667,14.58333],"texture":"#5"}}},{"from":[7.4985,-4.95238,5.52397],"to":[8.5015,-4.15238,6.27397],"rotation":{"angle":22.5,"axis":"x","origin":[7.9985,-4.57738,5.89897]},"faces":{"north":{"uv":[10.66667,14.33333,10.33333,14.58333],"texture":"#5"},"east":{"uv":[14.25,14.33333,14,14.58333],"texture":"#5"},"south":{"uv":[10,14.33333,9.66667,14.58333],"texture":"#5"},"west":{"uv":[0.25,14.66667,0,14.91667],"texture":"#5"},"up":{"uv":[12.33333,14.33333,12,14.58333],"texture":"#5"},"down":{"uv":[13,14.58333,12.66667,14.33333],"texture":"#5"}}},{"from":[7.5,-3.75,6],"to":[8.5,-3.5,6.25],"rotation":{"angle":-45,"axis":"x","origin":[7.5,-4.25,7]},"faces":{"east":{"uv":[3.08333,14.66667,3,14.75],"texture":"#5"},"west":{"uv":[14.75,3.66667,14.66667,3.75],"texture":"#5"}}},{"from":[7.5,-3.5,5.5],"to":[8.5,-2.5,7],"rotation":{"angle":-45,"axis":"x","origin":[7.5,-4.25,7]},"faces":{"north":{"uv":[9.33333,14.33333,9,14.66667],"texture":"#5"},"east":{"uv":[12.5,13.66667,12,14],"texture":"#5"},"west":{"uv":[0.5,14,0,14.33333],"texture":"#5"},"up":{"uv":[1.33333,14,1,14.5],"texture":"#5"},"down":{"uv":[2,14.5,1.66667,14],"texture":"#5"}}},{"from":[7.5,-4.5,7],"to":[8.5,-2.5,8.5],"rotation":{"angle":-45,"axis":"x","origin":[7.5,-4.25,7]},"faces":{"north":{"uv":[13.66667,12.33333,13.33333,13],"texture":"#5"},"east":{"uv":[12.83333,1.33333,12.33333,2],"texture":"#5"},"south":{"uv":[13.66667,11.33333,13.33333,12],"texture":"#5"},"west":{"uv":[2.16667,12.33333,1.66667,13],"texture":"#5"},"up":{"uv":[4,14,3.66667,14.5],"texture":"#5"},"down":{"uv":[8.66667,14.5,8.33333,14],"texture":"#5"}}},{"from":[7.985,-8.75,4.08579],"to":[8.015,-1.5,7.58579],"rotation":{"angle":0,"axis":"y","origin":[7.9855,-4.625,6.33579]},"faces":{"east":{"uv":[1.16667,0,0,2.41667],"texture":"#5"},"west":{"uv":[0,0,1.16667,2.41667],"texture":"#5"}}},{"from":[5.5,17.25,6],"to":[10.5,19.25,7],"rotation":{"angle":-45,"axis":"x","origin":[8,18.25,8]},"faces":{"north":{"uv":[6.33333,0,8,0.66667],"texture":"#5"},"east":{"uv":[1,13,1.33333,13.66667],"texture":"#5"},"south":{"uv":[6.33333,1,8,1.66667],"texture":"#5"},"west":{"uv":[8.66667,13,9,13.66667],"texture":"#5"}}},{"from":[5.5,17.25,9],"to":[10.5,19.25,10],"rotation":{"angle":-45,"axis":"x","origin":[8,18.25,8]},"faces":{"north":{"uv":[6.33333,2,8,2.66667],"texture":"#5"},"east":{"uv":[13,10.33333,13.33333,11],"texture":"#5"},"south":{"uv":[6.33333,3,8,3.66667],"texture":"#5"},"west":{"uv":[11.33333,13,11.66667,13.66667],"texture":"#5"}}},{"from":[5.5,19.25,6],"to":[10.5,20.25,7],"rotation":{"angle":-45,"axis":"x","origin":[8,18.25,8]},"faces":{"north":{"uv":[9.66667,3.33333,11.33333,3.66667],"texture":"#5"},"east":{"uv":[6.33333,9,6.66667,9.33333],"texture":"#5"},"west":{"uv":[11.33333,14,11.66667,14.33333],"texture":"#5"},"up":{"uv":[12,7.33333,10.33333,7],"texture":"#5"}}},{"from":[5.5,16.25,6],"to":[10.5,17.25,7],"rotation":{"angle":-45,"axis":"x","origin":[8,18.25,8]},"faces":{"north":{"uv":[10.33333,7.66667,12,8],"texture":"#5"},"east":{"uv":[14,12,14.33333,12.33333],"texture":"#5"},"west":{"uv":[14,12.66667,14.33333,13],"texture":"#5"},"down":{"uv":[11.33333,10.33333,9.66667,10.66667],"texture":"#5"}}},{"from":[5.5,19.25,9],"to":[10.5,20.25,10],"rotation":{"angle":-45,"axis":"x","origin":[8,18.25,8]},"faces":{"east":{"uv":[14.33333,0,14.66667,0.33333],"texture":"#5"},"south":{"uv":[0,10.66667,1.66667,11],"texture":"#5"},"west":{"uv":[14.33333,1.33333,14.66667,1.66667],"texture":"#5"},"up":{"uv":[3.66667,11,2,10.66667],"texture":"#5"}}},{"from":[5.5,19.25,7],"to":[10.5,20.25,9],"rotation":{"angle":-45,"axis":"x","origin":[8,18.25,8]},"faces":{"east":{"uv":[13.33333,0,14,0.33333],"texture":"#5"},"west":{"uv":[13.33333,1.33333,14,1.66667],"texture":"#5"},"up":{"uv":[7,7.33333,5.33333,6.66667],"texture":"#5"},"down":{"uv":[8.66667,4,7,4.66667],"texture":"#5"}}},{"from":[5.75,16.75,6.5],"to":[10.25,19.75,9.5],"rotation":{"angle":-45,"axis":"x","origin":[8,18.25,8]},"faces":{"east":{"uv":[8.33333,1.33333,9.33333,2.33333],"texture":"#5"},"west":{"uv":[8.33333,2.66667,9.33333,3.66667],"texture":"#5"}}},{"from":[5.5,16.25,7],"to":[10.5,17.25,9],"rotation":{"angle":-45,"axis":"x","origin":[8,18.25,8]},"faces":{"east":{"uv":[1.66667,13.33333,2.33333,13.66667],"texture":"#5"},"west":{"uv":[13.33333,3,14,3.33333],"texture":"#5"},"up":{"uv":[8.66667,5.66667,7,5],"texture":"#5"},"down":{"uv":[9,6,7.33333,6.66667],"texture":"#5"}}},{"from":[5.5,16.25,9],"to":[10.5,17.25,10],"rotation":{"angle":-45,"axis":"x","origin":[8,18.25,8]},"faces":{"east":{"uv":[14.33333,3,14.66667,3.33333],"texture":"#5"},"south":{"uv":[10.66667,4,12.33333,4.33333],"texture":"#5"},"west":{"uv":[4.33333,14.33333,4.66667,14.66667],"texture":"#5"},"down":{"uv":[12.33333,4.66667,10.66667,5],"texture":"#5"}}},{"from":[10.77388,15.15,8.11612],"to":[10.78388,24.15,10.86612],"rotation":{"angle":0,"axis":"y","origin":[10.78388,18.15,10.86612]},"faces":{"east":{"uv":[1.66667,0,2.58333,3],"texture":"#5"},"west":{"uv":[2.58333,0,1.66667,3],"texture":"#5"}}},{"from":[9.89,15.15,10.5],"to":[9.9,24.15,11.75],"rotation":{"angle":-45,"axis":"y","origin":[9.9,18.15,11.75]},"faces":{"east":{"uv":[0,5.33333,0.41667,8.33333],"texture":"#5"},"west":{"uv":[0.41667,5.33333,0,8.33333],"texture":"#5"}}},{"from":[6.1,15.15,10.5],"to":[6.11,24.15,11.75],"rotation":{"angle":45,"axis":"y","origin":[6.1,18.15,11.75]},"faces":{"east":{"uv":[0,5.33333,0.41667,8.33333],"texture":"#5"},"west":{"uv":[0.41667,5.33333,0,8.33333],"texture":"#5"}}},{"from":[5.21612,15.15,8.11612],"to":[5.22612,24.15,10.86612],"rotation":{"angle":0,"axis":"y","origin":[5.21612,18.15,10.86612]},"faces":{"east":{"uv":[1.66667,0,2.58333,3],"texture":"#5"},"west":{"uv":[2.58333,0,1.66667,3],"texture":"#5"}}},{"from":[6,17,6],"to":[10,18,7],"rotation":{"angle":-22.5,"axis":"x","origin":[7.5,15.75,4.5]},"faces":{"north":{"uv":[12.66667,9.33333,11.33333,9.66667],"texture":"#5"},"east":{"uv":[5.33333,14.33333,5,14.66667],"texture":"#5"},"south":{"uv":[8.66667,11.33333,7.33333,11.66667],"texture":"#5"},"west":{"uv":[6,14.33333,5.66667,14.66667],"texture":"#5"},"up":{"uv":[12.66667,11,11.33333,11.33333],"texture":"#5"},"down":{"uv":[13,0.33333,11.66667,0],"texture":"#5"}}},{"from":[6.25,15.75,5.5],"to":[9.75,17.75,7],"rotation":{"angle":-22.5,"axis":"x","origin":[7.5,15.75,4.5]},"faces":{"north":{"uv":[10.16667,5,9,5.66667],"texture":"#5"},"east":{"uv":[7.83333,12,7.33333,12.66667],"texture":"#5"},"west":{"uv":[8.83333,12,8.33333,12.66667],"texture":"#5"},"up":{"uv":[11.16667,0,10,0.5],"texture":"#5"},"down":{"uv":[11.16667,8.83333,10,8.33333],"texture":"#5"}}},{"from":[6,16.25,3.05],"to":[10,16.75,3.55],"rotation":{"angle":-22.5,"axis":"x","origin":[7.5,15.75,5.05]},"faces":{"north":{"uv":[14.66667,7.33333,13.33333,7.5],"texture":"#5"},"east":{"uv":[14.83333,2,14.66667,2.16667],"texture":"#5"},"south":{"uv":[14.66667,6.66667,13.33333,6.83333],"texture":"#5"},"west":{"uv":[2.5,14.66667,2.33333,14.83333],"texture":"#5"},"up":{"uv":[14.66667,8,13.33333,8.16667],"texture":"#5"}}},{"from":[6,15.25,3.05],"to":[10,16.25,5.55],"rotation":{"angle":-22.5,"axis":"x","origin":[7.5,15.75,5.05]},"faces":{"north":{"uv":[13,8.33333,11.66667,8.66667],"texture":"#5"},"east":{"uv":[13.16667,2.33333,12.33333,2.66667],"texture":"#5"},"south":{"uv":[13,3,11.66667,3.33333],"texture":"#5"},"west":{"uv":[13.5,4.66667,12.66667,5],"texture":"#5"},"up":{"uv":[2.33333,5.66667,1,6.5],"texture":"#5"},"down":{"uv":[2.33333,7.83333,1,7],"texture":"#5"}}},{"from":[6,16.25,4.05],"to":[10,18.75,5.55],"rotation":{"angle":-22.5,"axis":"x","origin":[7.5,15.75,5.05]},"faces":{"north":{"uv":[6.66667,7.66667,5.33333,8.5],"texture":"#5"},"east":{"uv":[3.5,11.33333,3,12.16667],"texture":"#5"},"south":{"uv":[8.66667,7,7.33333,7.83333],"texture":"#5"},"west":{"uv":[11.83333,11.66667,11.33333,12.5],"texture":"#5"}}},{"from":[5.9985,17.21298,1.86389],"to":[10.0015,18.71298,4.36389],"rotation":{"angle":0,"axis":"y","origin":[7.9985,17.96298,2.61389]},"faces":{"north":{"uv":[11,2.33333,9.66667,2.83333],"texture":"#5"},"east":{"uv":[12.5,10,11.66667,10.5],"texture":"#5"},"south":{"uv":[11,1.33333,9.66667,1.83333],"texture":"#5"},"west":{"uv":[4.83333,12,4,12.5],"texture":"#5"},"up":{"uv":[9.66667,0,8.33333,0.83333],"texture":"#5"},"down":{"uv":[2.33333,9.16667,1,8.33333],"texture":"#5"}}},{"from":[6,18.5,2.55],"to":[10,21.5,4.05],"rotation":{"angle":-22.5,"axis":"x","origin":[7.5,15.25,6.55]},"faces":{"north":{"uv":[6.66667,5.33333,5.33333,6.33333],"texture":"#5"},"east":{"uv":[4.5,10.66667,4,11.66667],"texture":"#5"},"south":{"uv":[6.66667,4,5.33333,5],"texture":"#5"},"west":{"uv":[6.83333,10.66667,6.33333,11.66667],"texture":"#5"},"up":{"uv":[7.66667,9.66667,6.33333,10.16667],"texture":"#5"},"down":{"uv":[11,9.83333,9.66667,9.33333],"texture":"#5"}}},{"from":[6,20.78806,4.24134],"to":[10,21.53806,4.99134],"rotation":{"angle":-22.5,"axis":"x","origin":[7.5,14.78806,6.74134]},"faces":{"east":{"uv":[13.58333,14.33333,13.33333,14.58333],"texture":"#5"},"south":{"uv":[10.66667,12,9.33333,12.25],"texture":"#5"},"west":{"uv":[14.58333,13.33333,14.33333,13.58333],"texture":"#5"},"up":{"uv":[1.33333,12.33333,0,12.58333],"texture":"#5"},"down":{"uv":[13.66667,0.91667,12.33333,0.66667],"texture":"#5"}}},{"from":[9.89,15.15,4.25],"to":[9.9,24.15,5.5],"rotation":{"angle":45,"axis":"y","origin":[9.9,18.15,4.25]},"faces":{"east":{"uv":[0.41667,5.33333,0,8.33333],"texture":"#5"},"west":{"uv":[0,5.33333,0.41667,8.33333],"texture":"#5"}}},{"from":[10.77388,15.15,5.13388],"to":[10.78388,24.15,7.88388],"rotation":{"angle":0,"axis":"y","origin":[10.78388,18.15,5.13388]},"faces":{"east":{"uv":[2.58333,0,1.66667,3],"texture":"#5"},"west":{"uv":[1.66667,0,2.58333,3],"texture":"#5"}}},{"from":[5.21612,15.15,5.13388],"to":[5.22612,24.15,7.88388],"rotation":{"angle":0,"axis":"y","origin":[5.21612,18.15,5.13388]},"faces":{"east":{"uv":[2.58333,0,1.66667,3],"texture":"#5"},"west":{"uv":[1.66667,0,2.58333,3],"texture":"#5"}}},{"from":[6.1,15.15,4.25],"to":[6.11,24.15,5.5],"rotation":{"angle":-45,"axis":"y","origin":[6.1,18.15,4.25]},"faces":{"east":{"uv":[0.41667,5.33333,0,8.33333],"texture":"#5"},"west":{"uv":[0,5.33333,0.41667,8.33333],"texture":"#5"}}},{"from":[6,14.75,6],"to":[10,16.25,7.75],"rotation":{"angle":-22.5,"axis":"x","origin":[7.5,15.75,4.5]},"faces":{"north":{"uv":[2.33333,9.66667,1,10.16667],"texture":"#5"},"east":{"uv":[12.91667,7,12.33333,7.5],"texture":"#5"},"south":{"uv":[10.66667,6,9.33333,6.5],"texture":"#5"},"west":{"uv":[12.91667,11.66667,12.33333,12.16667],"texture":"#5"},"up":{"uv":[9.66667,8.33333,8.33333,8.91667],"texture":"#5"},"down":{"uv":[10.33333,4.58333,9,4],"texture":"#5"}}},{"from":[6.5,14.975,11.75],"to":[9.5,20.725,16],"rotation":{"angle":0,"axis":"y","origin":[6,0,16]},"faces":{"north":{"uv":[0,3,1,4.91667],"texture":"#5"},"east":{"uv":[3,0,4.41667,1.91667],"texture":"#5"},"south":{"uv":[1.33333,3.33333,2.33333,5.25],"texture":"#5"},"west":{"uv":[3,2.33333,4.41667,4.25],"texture":"#5"},"up":{"uv":[6,1.41667,5,0],"texture":"#5"},"down":{"uv":[6,2,5,3.41667],"texture":"#5"}}},{"from":[6.5,17.475,9],"to":[9.5,19.725,11.75],"rotation":{"angle":0,"axis":"y","origin":[6,0,16]},"faces":{"east":{"uv":[4,9.33333,4.91667,10.08333],"texture":"#5"},"west":{"uv":[8.33333,9.33333,9.25,10.08333],"texture":"#5"},"up":{"uv":[8,9.25,7,8.33333],"texture":"#5"}}},{"from":[7,19.725,8.5],"to":[9,20.225,11.75],"rotation":{"angle":0,"axis":"y","origin":[6,0,16]},"faces":{"east":{"uv":[4.66667,13.66667,5.75,13.83333],"texture":"#5"},"west":{"uv":[13.66667,5.33333,14.75,5.5],"texture":"#5"},"up":{"uv":[0.66667,9.75,0,8.66667],"texture":"#5"}}},{"from":[7.25,20.225,11.25],"to":[8.75,21.225,15.5],"rotation":{"angle":0,"axis":"y","origin":[6,0,16]},"faces":{"north":{"uv":[10.33333,13.66667,10.83333,14],"texture":"#5"},"east":{"uv":[10.66667,5.33333,12.08333,5.66667],"texture":"#5"},"south":{"uv":[13.66667,10.33333,14.16667,10.66667],"texture":"#5"},"west":{"uv":[7.33333,10.66667,8.75,11],"texture":"#5"},"up":{"uv":[5.83333,10.41667,5.33333,9],"texture":"#5"}}},{"from":[7,13.75,14.75],"to":[9,15.25,15.5],"rotation":{"angle":22.5,"axis":"x","origin":[8,14.5,15.125]},"faces":{"north":{"uv":[12,6,12.66667,6.5],"texture":"#5"},"east":{"uv":[14,9.33333,14.25,9.83333],"texture":"#5"},"south":{"uv":[6.33333,12,7,12.5],"texture":"#5"},"west":{"uv":[14,11,14.25,11.5],"texture":"#5"},"down":{"uv":[10,13.66667,9.33333,13.91667],"texture":"#5"}}},{"from":[7.25,14,12.75],"to":[8.75,15.25,14.75],"rotation":{"angle":22.5,"axis":"x","origin":[8,14.5,15.125]},"faces":{"east":{"uv":[2.66667,12.66667,3.33333,13.08333],"texture":"#5"},"west":{"uv":[12.66667,3.66667,13.33333,4.08333],"texture":"#5"},"down":{"uv":[5.83333,12,5.33333,12.66667],"texture":"#5"}}},{"from":[7.25,14,1.25],"to":[8.75,15.25,3.25],"rotation":{"angle":-22.5,"axis":"x","origin":[8,14.5,0.875]},"faces":{"east":{"uv":[3.33333,12.66667,2.66667,13.08333],"texture":"#5"},"west":{"uv":[13.33333,3.66667,12.66667,4.08333],"texture":"#5"},"down":{"uv":[5.83333,12.66667,5.33333,12],"texture":"#5"}}},{"from":[7,13.75,0.5],"to":[9,15.25,1.25],"rotation":{"angle":-22.5,"axis":"x","origin":[8,14.5,0.875]},"faces":{"north":{"uv":[7,12,6.33333,12.5],"texture":"#5"},"east":{"uv":[14.25,9.33333,14,9.83333],"texture":"#5"},"south":{"uv":[12.66667,6,12,6.5],"texture":"#5"},"west":{"uv":[14.25,11,14,11.5],"texture":"#5"},"down":{"uv":[10,13.91667,9.33333,13.66667],"texture":"#5"}}},{"from":[7.25,20.225,0.5],"to":[8.75,21.225,4.75],"rotation":{"angle":0,"axis":"y","origin":[6,0,0]},"faces":{"north":{"uv":[14.16667,10.33333,13.66667,10.66667],"texture":"#5"},"east":{"uv":[12.08333,5.33333,10.66667,5.66667],"texture":"#5"},"south":{"uv":[10.83333,13.66667,10.33333,14],"texture":"#5"},"west":{"uv":[8.75,10.66667,7.33333,11],"texture":"#5"},"up":{"uv":[5.83333,9,5.33333,10.41667],"texture":"#5"}}},{"from":[7,19.725,4.25],"to":[9,20.225,7.5],"rotation":{"angle":0,"axis":"y","origin":[6,0,0]},"faces":{"east":{"uv":[5.75,13.66667,4.66667,13.83333],"texture":"#5"},"west":{"uv":[14.75,5.33333,13.66667,5.5],"texture":"#5"},"up":{"uv":[0.66667,8.66667,0,9.75],"texture":"#5"}}},{"from":[6.5,17.475,4.25],"to":[9.5,19.725,7],"rotation":{"angle":0,"axis":"y","origin":[6,0,0]},"faces":{"east":{"uv":[4.91667,9.33333,4,10.08333],"texture":"#5"},"west":{"uv":[9.25,9.33333,8.33333,10.08333],"texture":"#5"},"up":{"uv":[8,8.33333,7,9.25],"texture":"#5"}}},{"from":[6.5,14.975,0],"to":[9.5,20.725,4.25],"rotation":{"angle":0,"axis":"y","origin":[6,0,0]},"faces":{"north":{"uv":[2.33333,3.33333,1.33333,5.25],"texture":"#5"},"east":{"uv":[4.41667,0,3,1.91667],"texture":"#5"},"south":{"uv":[1,3,0,4.91667],"texture":"#5"},"west":{"uv":[4.41667,2.33333,3,4.25],"texture":"#5"},"up":{"uv":[6,0,5,1.41667],"texture":"#5"},"down":{"uv":[6,3.41667,5,2],"texture":"#5"}}}],"gui_light":"front","display":{"thirdperson_righthand":{"translation":[0,1,1]},"thirdperson_lefthand":{"translation":[0,1,1]},"firstperson_righthand":{"rotation":[-5.75,0,0],"translation":[1.75,0.75,1.25],"scale":[0.65,0.65,0.65]},"firstperson_lefthand":{"rotation":[-5.75,0,0],"translation":[1.75,0.75,1.25],"scale":[0.65,0.65,0.65]},"ground":{"rotation":[-45,0,0],"translation":[0,5,0],"scale":[0.6,0.6,0.6]},"gui":{"rotation":[-90,135,90],"translation":[-0.5,-0.5,0],"scale":[0.65,0.65,0.65]},"head":{"rotation":[0,-90,0]},"fixed":{"rotation":[0,-90,0],"translation":[0,0,-2],"scale":[2,2,2]}}}