{"format_version":"1.9.0","credit":"Pologony Creation Co.,Ltd.","textures":{"1":"plny_luminite_set:animated/animated_6","2":"plny_luminite_set:helmet","particle":"plny_luminite_set:animated/animated_6"},"elements":[{"from":[12,1.91473,3],"to":[13,3.91473,13],"rotation":{"angle":0,"axis":"y","origin":[8,8,7.56551]},"faces":{"north":{"uv":[2.57143,7.14286,2.85714,7.71429],"texture":"#2","tintindex":0},"east":{"uv":[8.85714,0,11.71429,0.57143],"texture":"#2","tintindex":0},"south":{"uv":[5.14286,8.28571,5.42857,8.85714],"texture":"#2","tintindex":0},"west":{"uv":[8.85714,0.85714,11.71429,1.42857],"texture":"#2","tintindex":0},"up":{"uv":[8.28571,13.14286,8,10.28571],"texture":"#2","tintindex":0},"down":{"uv":[3.14286,10.57143,2.85714,13.42857],"texture":"#2","tintindex":0}}},{"from":[10,1.91473,3],"to":[12,3.91473,4],"rotation":{"angle":0,"axis":"y","origin":[8,8,7.56551]},"faces":{"north":{"uv":[7.14286,12.57143,7.71429,13.14286],"texture":"#2","tintindex":0},"south":{"uv":[12.57143,8.85714,13.14286,9.42857],"texture":"#2","tintindex":0},"west":{"uv":[7.42857,11.42857,7.71429,12],"texture":"#2","tintindex":0},"up":{"uv":[12.28571,4.85714,11.71429,4.57143],"texture":"#2","tintindex":0},"down":{"uv":[14,4.57143,13.42857,4.85714],"texture":"#2","tintindex":0}}},{"from":[4,1.91473,12],"to":[12,11.91473,13],"rotation":{"angle":0,"axis":"y","origin":[8,8,7.56551]},"faces":{"north":{"uv":[0,0,2.28571,2.85714],"texture":"#2","tintindex":0},"south":{"uv":[2.57143,0,4.85714,2.85714],"texture":"#2","tintindex":0},"up":{"uv":[13.42857,6.28571,11.14286,6],"texture":"#2","tintindex":0},"down":{"uv":[13.42857,6.57143,11.14286,6.85714],"texture":"#2","tintindex":0}}},{"from":[12,3.91473,5],"to":[13,7.91473,13],"rotation":{"angle":0,"axis":"y","origin":[8,8,7.56551]},"faces":{"north":{"uv":[2.28571,11.71429,2.57143,12.85714],"texture":"#2","tintindex":0},"east":{"uv":[6.57143,3.42857,8.85714,4.57143],"texture":"#2","tintindex":0},"south":{"uv":[12.85714,0,13.14286,1.14286],"texture":"#2","tintindex":0},"west":{"uv":[5.71429,6.57143,8,7.71429],"texture":"#2","tintindex":0}}},{"from":[12,7.91473,3],"to":[13,11.91473,13],"rotation":{"angle":0,"axis":"y","origin":[8,8,7.56551]},"faces":{"north":{"uv":[0.85714,12.85714,1.14286,14],"texture":"#2","tintindex":0},"east":{"uv":[5.14286,5.14286,8,6.28571],"texture":"#2","tintindex":0},"south":{"uv":[1.42857,12.85714,1.71429,14],"texture":"#2","tintindex":0},"west":{"uv":[0,5.71429,2.85714,6.85714],"texture":"#2","tintindex":0},"up":{"uv":[3.71429,13.42857,3.42857,10.57143],"texture":"#2","tintindex":0},"down":{"uv":[4.28571,10.57143,4,13.42857],"texture":"#2","tintindex":0}}},{"from":[4,7.91473,3],"to":[12,11.91473,4],"rotation":{"angle":0,"axis":"y","origin":[8,8,7.56551]},"faces":{"north":{"uv":[0,7.14286,2.28571,8.28571],"texture":"#2","tintindex":0},"south":{"uv":[5.71429,8,8,9.14286],"texture":"#2","tintindex":0},"up":{"uv":[14,2,11.71429,1.71429],"texture":"#2","tintindex":0},"down":{"uv":[14,2.28571,11.71429,2.57143],"texture":"#2","tintindex":0}}},{"from":[4,10.91473,4],"to":[12,11.91473,12],"rotation":{"angle":0,"axis":"y","origin":[8,8,7.56551]},"faces":{"up":{"uv":[2.28571,5.42857,0,3.14286],"texture":"#2","tintindex":0},"down":{"uv":[4.85714,3.14286,2.57143,5.42857],"texture":"#2","tintindex":0}}},{"from":[6.5,9.90718,1.90533],"to":[9.5,16.90718,3.90533],"rotation":{"angle":-22.5,"axis":"x","origin":[8,8,7.56551]},"faces":{"north":{"uv":[8.28571,7.14286,9.14286,9.14286],"texture":"#2","tintindex":0},"east":{"uv":[4.57143,9.42857,5.14286,11.42857],"texture":"#2","tintindex":0},"south":{"uv":[0,8.57143,0.85714,10.57143],"texture":"#2","tintindex":0},"west":{"uv":[5.42857,9.42857,6,11.42857],"texture":"#2","tintindex":0},"down":{"uv":[2,8.57143,1.14286,9.14286],"texture":"#2","tintindex":0}}},{"from":[10,1.41473,3],"to":[11,1.91473,4],"rotation":{"angle":0,"axis":"y","origin":[8,8,7.56551]},"faces":{"north":{"uv":[10.85714,13.71429,11.14286,13.85714],"texture":"#2","tintindex":0},"east":{"uv":[13.71429,11.14286,14,11.28571],"texture":"#2","tintindex":0},"south":{"uv":[13.71429,11.71429,14,11.85714],"texture":"#2","tintindex":0},"west":{"uv":[14,5.14286,14.28571,5.28571],"texture":"#2","tintindex":0},"down":{"uv":[14,6.57143,13.71429,6.85714],"texture":"#2","tintindex":0}}},{"from":[5,1.41473,3],"to":[6,1.91473,4],"rotation":{"angle":0,"axis":"y","origin":[8,8,7.56551]},"faces":{"north":{"uv":[11.14286,13.71429,10.85714,13.85714],"texture":"#2","tintindex":0},"east":{"uv":[14.28571,5.14286,14,5.28571],"texture":"#2","tintindex":0},"south":{"uv":[14,11.71429,13.71429,11.85714],"texture":"#2","tintindex":0},"west":{"uv":[14,11.14286,13.71429,11.28571],"texture":"#2","tintindex":0},"down":{"uv":[13.71429,6.57143,14,6.85714],"texture":"#2","tintindex":0}}},{"from":[12.75,16.15516,7.66974],"to":[14.25,17.15516,8.66974],"rotation":{"angle":45,"axis":"x","origin":[8,8,7.56551]},"faces":{"north":{"uv":[7.71429,13.42857,8.14286,13.71429],"texture":"#2","tintindex":0},"east":{"uv":[13.71429,7.14286,14,7.42857],"texture":"#2","tintindex":0},"west":{"uv":[13.71429,7.71429,14,8],"texture":"#2","tintindex":0},"up":{"uv":[9,13.71429,8.57143,13.42857],"texture":"#2","tintindex":0},"down":{"uv":[13.85714,8.85714,13.42857,9.14286],"texture":"#2","tintindex":0}}},{"from":[12.75,13.15516,8.66974],"to":[14.25,17.15516,11.16974],"rotation":{"angle":45,"axis":"x","origin":[8,8,7.56551]},"faces":{"north":{"uv":[12,0,12.42857,1.14286],"texture":"#2","tintindex":0},"east":{"uv":[9.71429,10.57143,10.42857,11.71429],"texture":"#2","tintindex":0},"south":{"uv":[9.71429,12,10.14286,13.14286],"texture":"#2","tintindex":0},"west":{"uv":[0,10.85714,0.71429,12],"texture":"#2","tintindex":0},"up":{"uv":[11.85714,13.57143,11.42857,12.85714],"texture":"#2","tintindex":0}}},{"from":[12.7485,11.38347,8.36818],"to":[14.2515,13.88347,12.86818],"rotation":{"angle":22.5,"axis":"x","origin":[8,8,7.56551]},"faces":{"north":{"uv":[12.85714,11.42857,13.28571,12.14286],"texture":"#2","tintindex":0},"east":{"uv":[6.28571,10.28571,7.57143,11],"texture":"#2","tintindex":0},"south":{"uv":[12.28571,12.85714,12.71429,13.57143],"texture":"#2","tintindex":0},"west":{"uv":[1.14286,10.57143,2.42857,11.28571],"texture":"#2","tintindex":0},"up":{"uv":[12.14286,4.14286,11.71429,2.85714],"texture":"#2","tintindex":0},"down":{"uv":[5,11.71429,4.57143,13],"texture":"#2","tintindex":0}}},{"from":[12.75,10.24278,6.05558],"to":[14.25,13.74278,8.55558],"rotation":{"angle":45,"axis":"x","origin":[8,8,7.56551]},"faces":{"north":{"uv":[12,11.42857,12.42857,12.42857],"texture":"#2","tintindex":0},"east":{"uv":[10.85714,10.57143,11.57143,11.57143],"texture":"#2","tintindex":0},"south":{"uv":[0,12.28571,0.42857,13.28571],"texture":"#2","tintindex":0},"west":{"uv":[8.57143,11.14286,9.28571,12.14286],"texture":"#2","tintindex":0}}},{"from":[12.75,8.24278,6.05558],"to":[14.25,10.24278,10.55558],"rotation":{"angle":45,"axis":"x","origin":[8,8,7.56551]},"faces":{"north":{"uv":[13.14286,12.57143,13.57143,13.14286],"texture":"#2","tintindex":0},"east":{"uv":[10.85714,8.85714,12.14286,9.42857],"texture":"#2","tintindex":0},"south":{"uv":[13.42857,0,13.85714,0.57143],"texture":"#2","tintindex":0},"west":{"uv":[10.85714,9.71429,12.14286,10.28571],"texture":"#2","tintindex":0},"up":{"uv":[5.85714,13,5.42857,11.71429],"texture":"#2","tintindex":0},"down":{"uv":[12.14286,7.14286,11.71429,8.42857],"texture":"#2","tintindex":0}}},{"from":[12.75,10.24278,9.55558],"to":[14.25,11.24278,10.55558],"rotation":{"angle":45,"axis":"x","origin":[8,8,7.56551]},"faces":{"north":{"uv":[9.42857,13.42857,9.85714,13.71429],"texture":"#2","tintindex":0},"east":{"uv":[13.71429,8.28571,14,8.57143],"texture":"#2","tintindex":0},"south":{"uv":[13.42857,9.42857,13.85714,9.71429],"texture":"#2","tintindex":0},"west":{"uv":[10.28571,13.71429,10.57143,14],"texture":"#2","tintindex":0},"up":{"uv":[13.85714,10.28571,13.42857,10],"texture":"#2","tintindex":0}}},{"from":[7,10.90718,3.90533],"to":[9,14.40718,8.90533],"rotation":{"angle":-22.5,"axis":"x","origin":[8,8,7.56551]},"faces":{"east":{"uv":[9.14286,1.71429,10.57143,2.71429],"texture":"#2","tintindex":0},"west":{"uv":[9.14286,3.14286,10.57143,4.14286],"texture":"#2","tintindex":0},"up":{"uv":[11.42857,3.14286,10.85714,1.71429],"texture":"#2","tintindex":0},"down":{"uv":[11.42857,3.42857,10.85714,4.85714],"texture":"#2","tintindex":0}}},{"from":[6.4975,10.29597,-2.73517],"to":[9.5025,12.79597,-0.73517],"rotation":{"angle":22.5,"axis":"x","origin":[8,8,7.56551]},"faces":{"north":{"uv":[6.28571,11.42857,7.14286,12.14286],"texture":"#2","tintindex":0},"east":{"uv":[12.57143,4.28571,13.14286,5],"texture":"#2","tintindex":0},"south":{"uv":[1.14286,11.71429,2,12.42857],"texture":"#2","tintindex":0},"west":{"uv":[6.28571,12.57143,6.85714,13.28571],"texture":"#2","tintindex":0},"up":{"uv":[11.42857,12.57143,10.57143,12],"texture":"#2","tintindex":0},"down":{"uv":[12.85714,10.57143,12,11.14286],"texture":"#2","tintindex":0}}},{"from":[12.0203,2.41473,4.20575],"to":[14.5203,4.41473,9.20575],"rotation":{"angle":-22.5,"axis":"y","origin":[8,8,7.56551]},"faces":{"north":{"uv":[12.57143,7.14286,13.28571,7.71429],"texture":"#2","tintindex":0},"east":{"uv":[3.14286,5.71429,4.57143,6.28571],"texture":"#2","tintindex":0},"south":{"uv":[12.57143,8,13.28571,8.57143],"texture":"#2","tintindex":0},"west":{"uv":[10.85714,5.14286,12.28571,5.71429],"texture":"#2","tintindex":0},"up":{"uv":[9.28571,10.85714,8.57143,9.42857],"texture":"#2","tintindex":0},"down":{"uv":[10.42857,8.85714,9.71429,10.28571],"texture":"#2","tintindex":0}}},{"from":[12.0203,4.41473,4.70575],"to":[13.5203,5.41473,8.20575],"rotation":{"angle":-22.5,"axis":"y","origin":[8,8,7.56551]},"faces":{"north":{"uv":[13.14286,13.42857,13.57143,13.71429],"texture":"#2","tintindex":0},"east":{"uv":[12.57143,5.42857,13.57143,5.71429],"texture":"#2","tintindex":0},"south":{"uv":[0,13.71429,0.42857,14],"texture":"#2","tintindex":0},"west":{"uv":[13.14286,10.57143,14.14286,10.85714],"texture":"#2","tintindex":0},"up":{"uv":[13,3.85714,12.57143,2.85714],"texture":"#2","tintindex":0}}},{"from":[13.5203,2.91473,5.20575],"to":[15.0203,4.91473,6.20575],"rotation":{"angle":-22.5,"axis":"y","origin":[8,8,7.56551]},"faces":{"north":{"uv":[13.42857,0.85714,13.85714,1.42857],"texture":"#2","tintindex":0},"east":{"uv":[5.42857,13.42857,5.71429,14],"texture":"#2","tintindex":0},"south":{"uv":[13.42857,2.85714,13.85714,3.42857],"texture":"#2","tintindex":0},"up":{"uv":[3.28571,14,2.85714,13.71429],"texture":"#2","tintindex":0},"down":{"uv":[4.14286,13.71429,3.71429,14],"texture":"#2","tintindex":0}}},{"from":[13.5203,2.91473,7.20575],"to":[15.0203,4.91473,8.20575],"rotation":{"angle":-22.5,"axis":"y","origin":[8,8,7.56551]},"faces":{"north":{"uv":[13.42857,3.71429,13.85714,4.28571],"texture":"#2","tintindex":0},"east":{"uv":[7.14286,13.42857,7.42857,14],"texture":"#2","tintindex":0},"south":{"uv":[4.57143,13.42857,5,14],"texture":"#2","tintindex":0},"up":{"uv":[6.42857,14,6,13.71429],"texture":"#2","tintindex":0},"down":{"uv":[14.14286,6,13.71429,6.28571],"texture":"#2","tintindex":0}}},{"from":[4.5,10.90718,2.90533],"to":[11.5,12.90718,4.90533],"rotation":{"angle":-22.5,"axis":"x","origin":[8,8,7.56551]},"faces":{"north":{"uv":[6.28571,9.42857,8.28571,10],"texture":"#2","tintindex":0},"east":{"uv":[12.57143,9.71429,13.14286,10.28571],"texture":"#2","tintindex":0},"west":{"uv":[10.57143,12.85714,11.14286,13.42857],"texture":"#2","tintindex":0},"up":{"uv":[11.42857,7.71429,9.42857,7.14286],"texture":"#2","tintindex":0},"down":{"uv":[11.42857,8,9.42857,8.57143],"texture":"#2","tintindex":0}}},{"from":[4,10.52868,3.93322],"to":[12,13.52868,8.93322],"rotation":{"angle":22.5,"axis":"x","origin":[8,8,7.56551]},"faces":{"north":{"uv":[2.57143,8.28571,4.85714,9.14286],"texture":"#2","tintindex":0},"east":{"uv":[1.14286,9.42857,2.57143,10.28571],"texture":"#2","tintindex":0},"south":{"uv":[8.28571,4.85714,10.57143,5.71429],"texture":"#2","tintindex":0},"west":{"uv":[2.85714,9.42857,4.28571,10.28571],"texture":"#2","tintindex":0},"up":{"uv":[8.85714,3.14286,6.57143,1.71429],"texture":"#2","tintindex":0},"down":{"uv":[5.42857,6.57143,3.14286,8],"texture":"#2","tintindex":0}}},{"from":[10.5,11.96423,2.99057],"to":[10.51,16.46423,14.49057],"rotation":{"angle":-22.5,"axis":"z","origin":[10.505,14.21423,8.74057]},"faces":{"east":{"uv":[5.14286,0,8.42857,1.28571],"texture":"#2","tintindex":0},"west":{"uv":[8.42857,0,5.14286,1.28571],"texture":"#2","tintindex":0}}},{"from":[7.995,6.29597,-2.73517],"to":[8.005,16.79597,1.26483],"rotation":{"angle":22.5,"axis":"x","origin":[8,8,7.56551]},"faces":{"east":{"uv":[5.14286,1.71429,6.28571,4.71429],"texture":"#2","tintindex":0},"west":{"uv":[6.28571,1.71429,5.14286,4.71429],"texture":"#2","tintindex":0}}},{"from":[10,0.41473,3.5],"to":[13,1.91473,3.51],"rotation":{"angle":0,"axis":"y","origin":[8,8,7.56551]},"faces":{"north":{"uv":[8.57143,12.57143,9.42857,13],"texture":"#2","tintindex":0},"south":{"uv":[9.42857,12.57143,8.57143,13],"texture":"#2","tintindex":0}}},{"from":[3.5,5.41473,3.5],"to":[12.5,7.91473,3.5],"rotation":{"angle":0,"axis":"y","origin":[8,8,7.56551]},"faces":{"north":{"uv":[8.28571,6,10.85714,6.71429],"texture":"#2","tintindex":0}}},{"from":[12.499,5.41473,3.5],"to":[12.499,7.91473,5],"rotation":{"angle":0,"axis":"y","origin":[8,8,7.56551]},"faces":{"east":{"uv":[2,13.14286,2.42857,13.85714],"texture":"#2","tintindex":0}}},{"from":[5.49,11.96423,2.99057],"to":[5.5,16.46423,14.49057],"rotation":{"angle":22.5,"axis":"z","origin":[5.495,14.21423,8.74057]},"faces":{"east":{"uv":[5.14286,0,8.42857,1.28571],"texture":"#2","tintindex":0},"west":{"uv":[8.42857,0,5.14286,1.28571],"texture":"#2","tintindex":0}}},{"from":[1.75,16.15516,7.66974],"to":[3.25,17.15516,8.66974],"rotation":{"angle":45,"axis":"x","origin":[8,8,7.56551]},"faces":{"north":{"uv":[8.14286,13.42857,7.71429,13.71429],"texture":"#2","tintindex":0},"east":{"uv":[14,7.71429,13.71429,8],"texture":"#2","tintindex":0},"west":{"uv":[14,7.14286,13.71429,7.42857],"texture":"#2","tintindex":0},"up":{"uv":[8.57143,13.71429,9,13.42857],"texture":"#2","tintindex":0},"down":{"uv":[13.42857,8.85714,13.85714,9.14286],"texture":"#2","tintindex":0}}},{"from":[1.75,13.15516,8.66974],"to":[3.25,17.15516,11.16974],"rotation":{"angle":45,"axis":"x","origin":[8,8,7.56551]},"faces":{"north":{"uv":[12.42857,0,12,1.14286],"texture":"#2","tintindex":0},"east":{"uv":[0.71429,10.85714,0,12],"texture":"#2","tintindex":0},"south":{"uv":[10.14286,12,9.71429,13.14286],"texture":"#2","tintindex":0},"west":{"uv":[10.42857,10.57143,9.71429,11.71429],"texture":"#2","tintindex":0},"up":{"uv":[11.42857,13.57143,11.85714,12.85714],"texture":"#2","tintindex":0}}},{"from":[1.7485,11.38347,8.36818],"to":[3.2515,13.88347,12.86818],"rotation":{"angle":22.5,"axis":"x","origin":[8,8,7.56551]},"faces":{"north":{"uv":[13.28571,11.42857,12.85714,12.14286],"texture":"#2","tintindex":0},"east":{"uv":[2.42857,10.57143,1.14286,11.28571],"texture":"#2","tintindex":0},"south":{"uv":[12.71429,12.85714,12.28571,13.57143],"texture":"#2","tintindex":0},"west":{"uv":[7.57143,10.28571,6.28571,11],"texture":"#2","tintindex":0},"up":{"uv":[11.71429,4.14286,12.14286,2.85714],"texture":"#2","tintindex":0},"down":{"uv":[4.57143,11.71429,5,13],"texture":"#2","tintindex":0}}},{"from":[1.75,10.24278,6.05558],"to":[3.25,13.74278,8.55558],"rotation":{"angle":45,"axis":"x","origin":[8,8,7.56551]},"faces":{"north":{"uv":[12.42857,11.42857,12,12.42857],"texture":"#2","tintindex":0},"east":{"uv":[9.28571,11.14286,8.57143,12.14286],"texture":"#2","tintindex":0},"south":{"uv":[0.42857,12.28571,0,13.28571],"texture":"#2","tintindex":0},"west":{"uv":[11.57143,10.57143,10.85714,11.57143],"texture":"#2","tintindex":0}}},{"from":[1.75,10.24278,9.55558],"to":[3.25,11.24278,10.55558],"rotation":{"angle":45,"axis":"x","origin":[8,8,7.56551]},"faces":{"north":{"uv":[9.85714,13.42857,9.42857,13.71429],"texture":"#2","tintindex":0},"east":{"uv":[10.57143,13.71429,10.28571,14],"texture":"#2","tintindex":0},"south":{"uv":[13.85714,9.42857,13.42857,9.71429],"texture":"#2","tintindex":0},"west":{"uv":[14,8.28571,13.71429,8.57143],"texture":"#2","tintindex":0},"up":{"uv":[13.42857,10.28571,13.85714,10],"texture":"#2","tintindex":0}}},{"from":[1.75,8.24278,6.05558],"to":[3.25,10.24278,10.55558],"rotation":{"angle":45,"axis":"x","origin":[8,8,7.56551]},"faces":{"north":{"uv":[13.57143,12.57143,13.14286,13.14286],"texture":"#2","tintindex":0},"east":{"uv":[12.14286,9.71429,10.85714,10.28571],"texture":"#2","tintindex":0},"south":{"uv":[13.85714,0,13.42857,0.57143],"texture":"#2","tintindex":0},"west":{"uv":[12.14286,8.85714,10.85714,9.42857],"texture":"#2","tintindex":0},"up":{"uv":[5.42857,13,5.85714,11.71429],"texture":"#2","tintindex":0},"down":{"uv":[11.71429,7.14286,12.14286,8.42857],"texture":"#2","tintindex":0}}},{"from":[3,7.91473,3],"to":[4,11.91473,13],"rotation":{"angle":0,"axis":"y","origin":[8,8,7.56551]},"faces":{"north":{"uv":[1.14286,12.85714,0.85714,14],"texture":"#2","tintindex":0},"east":{"uv":[2.85714,5.71429,0,6.85714],"texture":"#2","tintindex":0},"south":{"uv":[1.71429,12.85714,1.42857,14],"texture":"#2","tintindex":0},"west":{"uv":[8,5.14286,5.14286,6.28571],"texture":"#2","tintindex":0},"up":{"uv":[3.42857,13.42857,3.71429,10.57143],"texture":"#2","tintindex":0},"down":{"uv":[4,10.57143,4.28571,13.42857],"texture":"#2","tintindex":0}}},{"from":[3.501,5.41473,3.5],"to":[3.501,7.91473,5],"rotation":{"angle":0,"axis":"y","origin":[8,8,7.56551]},"faces":{"west":{"uv":[2.42857,13.14286,2,13.85714],"texture":"#2","tintindex":0}}},{"from":[3,3.91473,5],"to":[4,7.91473,13],"rotation":{"angle":0,"axis":"y","origin":[8,8,7.56551]},"faces":{"north":{"uv":[2.57143,11.71429,2.28571,12.85714],"texture":"#2","tintindex":0},"east":{"uv":[8,6.57143,5.71429,7.71429],"texture":"#2","tintindex":0},"south":{"uv":[13.14286,0,12.85714,1.14286],"texture":"#2","tintindex":0},"west":{"uv":[8.85714,3.42857,6.57143,4.57143],"texture":"#2","tintindex":0}}},{"from":[0.9797,2.91473,7.20575],"to":[2.4797,4.91473,8.20575],"rotation":{"angle":22.5,"axis":"y","origin":[8,8,7.56551]},"faces":{"north":{"uv":[13.85714,3.71429,13.42857,4.28571],"texture":"#2","tintindex":0},"south":{"uv":[5,13.42857,4.57143,14],"texture":"#2","tintindex":0},"west":{"uv":[7.42857,13.42857,7.14286,14],"texture":"#2","tintindex":0},"up":{"uv":[6,14,6.42857,13.71429],"texture":"#2","tintindex":0},"down":{"uv":[13.71429,6,14.14286,6.28571],"texture":"#2","tintindex":0}}},{"from":[0.9797,2.91473,5.20575],"to":[2.4797,4.91473,6.20575],"rotation":{"angle":22.5,"axis":"y","origin":[8,8,7.56551]},"faces":{"north":{"uv":[13.85714,0.85714,13.42857,1.42857],"texture":"#2","tintindex":0},"south":{"uv":[13.85714,2.85714,13.42857,3.42857],"texture":"#2","tintindex":0},"west":{"uv":[5.71429,13.42857,5.42857,14],"texture":"#2","tintindex":0},"up":{"uv":[2.85714,14,3.28571,13.71429],"texture":"#2","tintindex":0},"down":{"uv":[3.71429,13.71429,4.14286,14],"texture":"#2","tintindex":0}}},{"from":[2.4797,4.41473,4.70575],"to":[3.9797,5.41473,8.20575],"rotation":{"angle":22.5,"axis":"y","origin":[8,8,7.56551]},"faces":{"north":{"uv":[13.57143,13.42857,13.14286,13.71429],"texture":"#2","tintindex":0},"east":{"uv":[14.14286,10.57143,13.14286,10.85714],"texture":"#2","tintindex":0},"south":{"uv":[0.42857,13.71429,0,14],"texture":"#2","tintindex":0},"west":{"uv":[13.57143,5.42857,12.57143,5.71429],"texture":"#2","tintindex":0},"up":{"uv":[12.57143,3.85714,13,2.85714],"texture":"#2","tintindex":0}}},{"from":[1.4797,2.41473,4.20575],"to":[3.9797,4.41473,9.20575],"rotation":{"angle":22.5,"axis":"y","origin":[8,8,7.56551]},"faces":{"north":{"uv":[13.28571,7.14286,12.57143,7.71429],"texture":"#2","tintindex":0},"east":{"uv":[12.28571,5.14286,10.85714,5.71429],"texture":"#2","tintindex":0},"south":{"uv":[13.28571,8,12.57143,8.57143],"texture":"#2","tintindex":0},"west":{"uv":[4.57143,5.71429,3.14286,6.28571],"texture":"#2","tintindex":0},"up":{"uv":[8.57143,10.85714,9.28571,9.42857],"texture":"#2","tintindex":0},"down":{"uv":[9.71429,8.85714,10.42857,10.28571],"texture":"#2","tintindex":0}}},{"from":[4,1.91473,3],"to":[6,3.91473,4],"rotation":{"angle":0,"axis":"y","origin":[8,8,7.56551]},"faces":{"north":{"uv":[7.71429,12.57143,7.14286,13.14286],"texture":"#2","tintindex":0},"east":{"uv":[7.71429,11.42857,7.42857,12],"texture":"#2","tintindex":0},"south":{"uv":[13.14286,8.85714,12.57143,9.42857],"texture":"#2","tintindex":0},"up":{"uv":[11.71429,4.85714,12.28571,4.57143],"texture":"#2","tintindex":0},"down":{"uv":[13.42857,4.57143,14,4.85714],"texture":"#2","tintindex":0}}},{"from":[3,1.91473,3],"to":[4,3.91473,13],"rotation":{"angle":0,"axis":"y","origin":[8,8,7.56551]},"faces":{"north":{"uv":[2.85714,7.14286,2.57143,7.71429],"texture":"#2","tintindex":0},"east":{"uv":[11.71429,0.85714,8.85714,1.42857],"texture":"#2","tintindex":0},"south":{"uv":[5.42857,8.28571,5.14286,8.85714],"texture":"#2","tintindex":0},"west":{"uv":[11.71429,0,8.85714,0.57143],"texture":"#2","tintindex":0},"up":{"uv":[8,13.14286,8.28571,10.28571],"texture":"#2","tintindex":0},"down":{"uv":[2.85714,10.57143,3.14286,13.42857],"texture":"#2","tintindex":0}}},{"from":[3,0.41473,3.5],"to":[6,1.91473,3.51],"rotation":{"angle":0,"axis":"y","origin":[8,8,7.56551]},"faces":{"north":{"uv":[9.42857,12.57143,8.57143,13],"texture":"#2","tintindex":0},"south":{"uv":[8.57143,12.57143,9.42857,13],"texture":"#2","tintindex":0}}},{"from":[13.5,9.24278,8.05558],"to":[13.5,20.74278,13.55558],"light_emission":15,"rotation":{"angle":45,"axis":"x","origin":[8,8,7.56551]},"faces":{"east":{"uv":[0,0,5.5,11.5],"texture":"#1","tintindex":0},"west":{"uv":[5.5,0,0,11.5],"texture":"#1","tintindex":0}}},{"from":[10,5.40357,3.30123],"to":[13.5,9.40357,3.31123],"light_emission":15,"rotation":{"angle":0,"axis":"y","origin":[8,8,7.56551]},"faces":{"north":{"uv":[10.5,0,14,4],"texture":"#1","tintindex":0},"south":{"uv":[14,0,10.5,4],"texture":"#1","tintindex":0}}},{"from":[8.87378,5.40357,0.66112],"to":[12.37378,9.40357,0.67112],"light_emission":15,"rotation":{"angle":-45,"axis":"y","origin":[8,8,7.56551]},"faces":{"north":{"uv":[7,0,10.5,4],"texture":"#1","tintindex":0},"south":{"uv":[10.5,0,7,4],"texture":"#1","tintindex":0}}},{"from":[3.62622,5.40357,0.66112],"to":[7.12622,9.40357,0.67112],"light_emission":15,"rotation":{"angle":45,"axis":"y","origin":[8,8,7.56551]},"faces":{"north":{"uv":[10.5,0,7,4],"texture":"#1","tintindex":0},"south":{"uv":[7,0,10.5,4],"texture":"#1","tintindex":0}}},{"from":[2.5,5.40357,3.30123],"to":[6,9.40357,3.31123],"light_emission":15,"rotation":{"angle":0,"axis":"y","origin":[8,8,7.56551]},"faces":{"north":{"uv":[14,0,10.5,4],"texture":"#1","tintindex":0},"south":{"uv":[10.5,0,14,4],"texture":"#1","tintindex":0}}},{"from":[2.5,9.24278,8.05558],"to":[2.5,20.74278,13.55558],"light_emission":15,"rotation":{"angle":45,"axis":"x","origin":[8,8,7.56551]},"faces":{"east":{"uv":[0,0,5.5,11.5],"texture":"#1","tintindex":0},"west":{"uv":[5.5,0,0,11.5],"texture":"#1","tintindex":0}}}],"display":{"thirdperson_righthand":{"rotation":[49,0,0],"translation":[0,3.25,0],"scale":[0.7,0.7,0.7]},"thirdperson_lefthand":{"rotation":[49,0,0],"translation":[0,3.25,0],"scale":[0.7,0.7,0.7]},"firstperson_righthand":{"rotation":[-39.25,0,0],"translation":[1,1.75,0],"scale":[0.7,0.7,0.7]},"firstperson_lefthand":{"rotation":[-39.25,0,0],"translation":[1,1.75,0],"scale":[0.7,0.7,0.7]},"ground":{"rotation":[45,0,0],"translation":[0,5,0],"scale":[0.7,0.7,0.7]},"gui":{"rotation":[45,45,0],"translation":[0,0.25,0]},"head":{"translation":[0,1.75,0],"scale":[1.6,1.6,1.6]},"fixed":{"rotation":[-90,0,0],"translation":[0,0,-6.5],"scale":[2,2,2]}},"gui_light":"front"}