{"format_version":"1.9.0","credit":"Pologony Creation Co.,Ltd.","texture_size":[36,36],"textures":{"1":"plny_luminite_set:animated/animated_1","2":"plny_luminite_set:animated/animated_5","4":"plny_luminite_set:key","particle":"plny_luminite_set:animated/animated_5"},"elements":[{"from":[7,0.04188,7],"to":[9,2.04188,9],"rotation":{"angle":-45,"axis":"x","origin":[8,1.04188,8]},"faces":{"north":{"uv":[7.11111,0,8,0.88889],"texture":"#4"},"east":{"uv":[7.11111,1.33333,8,2.22222],"texture":"#4"},"south":{"uv":[7.11111,2.66667,8,3.55556],"texture":"#4"},"west":{"uv":[7.11111,4,8,4.88889],"texture":"#4"},"up":{"uv":[5.33333,8,4.44444,7.11111],"texture":"#4"},"down":{"uv":[6.66667,7.11111,5.77778,8],"texture":"#4"}}},{"from":[7,1.79188,7],"to":[9,2.79188,9],"rotation":{"angle":45,"axis":"y","origin":[8,0.29188,8]},"faces":{"north":{"uv":[11.11111,2.66667,12,3.11111],"texture":"#4"},"east":{"uv":[11.11111,9.33333,12,9.77778],"texture":"#4"},"south":{"uv":[9.77778,11.11111,10.66667,11.55556],"texture":"#4"},"west":{"uv":[11.11111,10.22222,12,10.66667],"texture":"#4"},"up":{"uv":[8,8,7.11111,7.11111],"texture":"#4"},"down":{"uv":[8.44444,5.33333,7.55556,6.22222],"texture":"#4"}}},{"from":[7.25,2.79188,7.25],"to":[8.75,4.29188,8.75],"rotation":{"angle":45,"axis":"y","origin":[8,0.29188,8]},"faces":{"north":{"uv":[8.44444,10.66667,9.11111,11.33333],"texture":"#4"},"east":{"uv":[0,11.11111,0.66667,11.77778],"texture":"#4"},"south":{"uv":[11.11111,0,11.77778,0.66667],"texture":"#4"},"west":{"uv":[11.11111,1.33333,11.77778,2],"texture":"#4"},"up":{"uv":[2.88889,11.77778,2.22222,11.11111],"texture":"#4"}}},{"from":[7.5,4.29188,7.5],"to":[8.5,9.04188,8.5],"rotation":{"angle":45,"axis":"y","origin":[8,0.29188,8]},"faces":{"north":{"uv":[6.22222,0,6.66667,2.11111],"texture":"#4"},"east":{"uv":[1.33333,6.22222,1.77778,8.33333],"texture":"#4"},"south":{"uv":[2.22222,6.22222,2.66667,8.33333],"texture":"#4"},"west":{"uv":[6.22222,2.66667,6.66667,4.77778],"texture":"#4"}}},{"from":[7.32322,9.04188,7.5],"to":[8.57322,10.54188,8.75],"rotation":{"angle":45,"axis":"y","origin":[7.82322,2.54188,8]},"faces":{"north":{"uv":[12.44444,7.11111,13,7.77778],"texture":"#4"},"east":{"uv":[12.44444,8.44444,13,9.11111],"texture":"#4"},"south":{"uv":[12.44444,9.77778,13,10.44444],"texture":"#4"},"west":{"uv":[12.88889,3.55556,13.44444,4.22222],"texture":"#4"},"up":{"uv":[4.55556,13.44444,4,12.88889],"texture":"#4"},"down":{"uv":[5.88889,12.88889,5.33333,13.44444],"texture":"#4"}}},{"from":[6.68934,10.54188,7.75],"to":[8.68934,11.54188,9.75],"rotation":{"angle":45,"axis":"y","origin":[6.93934,10.04188,8]},"faces":{"north":{"uv":[11.11111,11.11111,12,11.55556],"texture":"#4"},"east":{"uv":[3.55556,11.55556,4.44444,12],"texture":"#4"},"south":{"uv":[11.55556,3.55556,12.44444,4],"texture":"#4"},"west":{"uv":[11.55556,4.44444,12.44444,4.88889],"texture":"#4"},"down":{"uv":[4,8,3.11111,8.88889],"texture":"#4"}}},{"from":[6.43934,11.54188,7.5],"to":[8.93934,12.04188,10],"rotation":{"angle":45,"axis":"y","origin":[6.93934,10.04188,8]},"faces":{"north":{"uv":[13.33333,12,14.44444,12.22222],"texture":"#4"},"east":{"uv":[13.33333,12.88889,14.44444,13.11111],"texture":"#4"},"south":{"uv":[13.77778,0,14.88889,0.22222],"texture":"#4"},"west":{"uv":[13.77778,0.88889,14.88889,1.11111],"texture":"#4"},"up":{"uv":[5.55556,2.88889,4.44444,1.77778],"texture":"#4"},"down":{"uv":[4.22222,4.44444,3.11111,5.55556],"texture":"#4"}}},{"from":[7.995,-4.20812,2.58579],"to":[8.005,5.04188,6.08579],"light_emission":15,"rotation":{"angle":0,"axis":"y","origin":[7.9955,0.91688,4.83579]},"faces":{"east":{"uv":[10.83333,6.66667,8.5,12.83333],"texture":"#1"},"west":{"uv":[8.5,6.66667,10.83333,12.83333],"texture":"#1"}}},{"from":[7.995,-4.20812,9.91421],"to":[8.005,5.04188,13.41421],"light_emission":15,"rotation":{"angle":0,"axis":"y","origin":[7.9955,0.91688,11.16421]},"faces":{"east":{"uv":[8.5,6.66667,10.83333,12.83333],"texture":"#1"},"west":{"uv":[10.83333,6.66667,8.5,12.83333],"texture":"#1"}}},{"from":[7.5,-0.20812,7],"to":[8.5,1.79188,8.5],"rotation":{"angle":-45,"axis":"x","origin":[7.5,0.04188,7]},"faces":{"north":{"uv":[4.88889,11.55556,5.33333,12.44444],"texture":"#4"},"east":{"uv":[0,9.77778,0.66667,10.66667],"texture":"#4"},"south":{"uv":[11.55556,5.33333,12,6.22222],"texture":"#4"},"west":{"uv":[9.77778,0,10.44444,0.88889],"texture":"#4"},"up":{"uv":[7.11111,13.55556,6.66667,12.88889],"texture":"#4"},"down":{"uv":[8,12.88889,7.55556,13.55556],"texture":"#4"}}},{"from":[7.5,0.79188,5.5],"to":[8.5,1.79188,7],"rotation":{"angle":-45,"axis":"x","origin":[7.5,0.04188,7]},"faces":{"north":{"uv":[2.66667,13.33333,3.11111,13.77778],"texture":"#4"},"east":{"uv":[12.44444,11.11111,13.11111,11.55556],"texture":"#4"},"west":{"uv":[9.33333,12.88889,10,13.33333],"texture":"#4"},"up":{"uv":[11.11111,13.55556,10.66667,12.88889],"texture":"#4"},"down":{"uv":[12,12.88889,11.55556,13.55556],"texture":"#4"}}},{"from":[7.5,0.54188,6],"to":[8.5,0.79188,6.25],"rotation":{"angle":-45,"axis":"x","origin":[7.5,0.04188,7]},"faces":{"east":{"uv":[8,14.66667,8.11111,14.77778],"texture":"#4"},"west":{"uv":[14.66667,8.44444,14.77778,8.55556],"texture":"#4"}}},{"from":[7.4985,-0.6605,5.52397],"to":[8.5015,0.1395,6.27397],"rotation":{"angle":22.5,"axis":"x","origin":[7.9985,-0.2855,5.89897]},"faces":{"north":{"uv":[13.77778,11.11111,14.22222,11.44444],"texture":"#4"},"east":{"uv":[0,14.66667,0.33333,15],"texture":"#4"},"south":{"uv":[4.44444,14.22222,4.88889,14.55556],"texture":"#4"},"west":{"uv":[0.88889,14.66667,1.22222,15],"texture":"#4"},"up":{"uv":[5.77778,14.55556,5.33333,14.22222],"texture":"#4"},"down":{"uv":[6.66667,14.22222,6.22222,14.55556],"texture":"#4"}}},{"from":[7.5,-0.20812,7.5],"to":[8.5,1.79188,9],"rotation":{"angle":45,"axis":"x","origin":[7.5,0.04188,9]},"faces":{"north":{"uv":[12,5.33333,11.55556,6.22222],"texture":"#4"},"east":{"uv":[0.66667,9.77778,0,10.66667],"texture":"#4"},"south":{"uv":[5.33333,11.55556,4.88889,12.44444],"texture":"#4"},"west":{"uv":[10.44444,0,9.77778,0.88889],"texture":"#4"},"up":{"uv":[7.11111,12.88889,6.66667,13.55556],"texture":"#4"},"down":{"uv":[8,13.55556,7.55556,12.88889],"texture":"#4"}}},{"from":[7.5,0.79188,9],"to":[8.5,1.79188,10.5],"rotation":{"angle":45,"axis":"x","origin":[7.5,0.04188,9]},"faces":{"east":{"uv":[13.11111,11.11111,12.44444,11.55556],"texture":"#4"},"south":{"uv":[3.11111,13.33333,2.66667,13.77778],"texture":"#4"},"west":{"uv":[10,12.88889,9.33333,13.33333],"texture":"#4"},"up":{"uv":[11.11111,12.88889,10.66667,13.55556],"texture":"#4"},"down":{"uv":[12,13.55556,11.55556,12.88889],"texture":"#4"}}},{"from":[7.5,0.54188,9.75],"to":[8.5,0.79188,10],"rotation":{"angle":45,"axis":"x","origin":[7.5,0.04188,9]},"faces":{"east":{"uv":[8.11111,14.66667,8,14.77778],"texture":"#4"},"west":{"uv":[14.77778,8.44444,14.66667,8.55556],"texture":"#4"}}},{"from":[7.4985,-0.6605,9.72603],"to":[8.5015,0.1395,10.47603],"rotation":{"angle":-22.5,"axis":"x","origin":[7.9985,-0.2855,10.10103]},"faces":{"north":{"uv":[4.88889,14.22222,4.44444,14.55556],"texture":"#4"},"east":{"uv":[0.33333,14.66667,0,15],"texture":"#4"},"south":{"uv":[14.22222,11.11111,13.77778,11.44444],"texture":"#4"},"west":{"uv":[1.22222,14.66667,0.88889,15],"texture":"#4"},"up":{"uv":[5.77778,14.22222,5.33333,14.55556],"texture":"#4"},"down":{"uv":[6.66667,14.55556,6.22222,14.22222],"texture":"#4"}}},{"from":[7.75,12.2687,4.82624],"to":[8.25,14.2687,6.32624],"rotation":{"angle":22.5,"axis":"x","origin":[8,12.5187,6.01374]},"faces":{"north":{"uv":[8.44444,13.33333,8.66667,14.22222],"texture":"#4"},"east":{"uv":[9.77778,1.33333,10.44444,2.22222],"texture":"#4"},"west":{"uv":[9.77778,2.66667,10.44444,3.55556],"texture":"#4"},"up":{"uv":[7.33333,14.88889,7.11111,14.22222],"texture":"#4"},"down":{"uv":[10.44444,14.22222,10.22222,14.88889],"texture":"#4"}}},{"from":[7.5,12.0187,5.57624],"to":[8.5,14.5187,7.57624],"rotation":{"angle":22.5,"axis":"x","origin":[8,12.5187,6.01374]},"faces":{"north":{"uv":[5.77778,9.77778,6.22222,10.88889],"texture":"#4"},"east":{"uv":[4.88889,3.55556,5.77778,4.66667],"texture":"#4"},"south":{"uv":[6.66667,9.77778,7.11111,10.88889],"texture":"#4"},"west":{"uv":[4.88889,5.33333,5.77778,6.44444],"texture":"#4"},"up":{"uv":[6.22222,12.44444,5.77778,11.55556],"texture":"#4"},"down":{"uv":[7.11111,11.55556,6.66667,12.44444],"texture":"#4"}}},{"from":[7.5,13.66965,4.41488],"to":[8.5,16.16965,5.91488],"rotation":{"angle":22.5,"axis":"x","origin":[8,15.70567,4.29337]},"faces":{"north":{"uv":[9.77778,6.66667,10.22222,7.77778],"texture":"#4"},"east":{"uv":[1.33333,8.88889,2,10],"texture":"#4"},"south":{"uv":[7.55556,9.77778,8,10.88889],"texture":"#4"},"west":{"uv":[2.66667,9.33333,3.33333,10.44444],"texture":"#4"}}},{"from":[7.5,15.38369,2.60936],"to":[8.5,18.38369,4.10936],"rotation":{"angle":22.5,"axis":"x","origin":[8,15.70567,4.29337]},"faces":{"north":{"uv":[4,9.77778,4.44444,11.11111],"texture":"#4"},"east":{"uv":[3.11111,6.22222,3.77778,7.55556],"texture":"#4"},"south":{"uv":[4.88889,9.77778,5.33333,11.11111],"texture":"#4"},"west":{"uv":[6.22222,5.33333,6.88889,6.66667],"texture":"#4"},"up":{"uv":[12.88889,13.55556,12.44444,12.88889],"texture":"#4"},"down":{"uv":[0.44444,13.33333,0,14],"texture":"#4"}}},{"from":[7.5,17.63369,4.10935],"to":[8.5,18.38369,4.85935],"rotation":{"angle":22.5,"axis":"x","origin":[8,15.70567,4.29337]},"faces":{"east":{"uv":[1.77778,14.66667,2.11111,15],"texture":"#4"},"south":{"uv":[11.11111,14.22222,11.55556,14.55556],"texture":"#4"},"west":{"uv":[14.66667,1.77778,15,2.11111],"texture":"#4"},"up":{"uv":[12.44444,14.55556,12,14.22222],"texture":"#4"},"down":{"uv":[14.66667,13.77778,14.22222,14.11111],"texture":"#4"}}},{"from":[7.5,12.66965,3.41488],"to":[8.5,13.66965,5.91488],"rotation":{"angle":22.5,"axis":"x","origin":[8,15.70567,4.29337]},"faces":{"north":{"uv":[13.77778,1.77778,14.22222,2.22222],"texture":"#4"},"east":{"uv":[9.77778,4,10.88889,4.44444],"texture":"#4"},"south":{"uv":[13.77778,2.66667,14.22222,3.11111],"texture":"#4"},"west":{"uv":[9.77778,8.44444,10.88889,8.88889],"texture":"#4"},"up":{"uv":[10.66667,10.44444,10.22222,9.33333],"texture":"#4"},"down":{"uv":[1.77778,10.66667,1.33333,11.77778],"texture":"#4"}}},{"from":[7.5,13.66965,3.41488],"to":[8.5,14.16965,3.91488],"rotation":{"angle":22.5,"axis":"x","origin":[8,15.70567,4.29337]},"faces":{"north":{"uv":[14.66667,2.66667,15.11111,2.88889],"texture":"#4"},"east":{"uv":[14.66667,6.66667,14.88889,6.88889],"texture":"#4"},"south":{"uv":[14.66667,4.88889,15.11111,5.11111],"texture":"#4"},"west":{"uv":[14.66667,7.55556,14.88889,7.77778],"texture":"#4"},"up":{"uv":[15.11111,6,14.66667,5.77778],"texture":"#4"}}},{"from":[7.4985,15.25486,3.11389],"to":[8.5015,16.75486,5.61389],"rotation":{"angle":45,"axis":"x","origin":[8,15.70567,4.29337]},"faces":{"north":{"uv":[0.88889,13.33333,1.33333,14],"texture":"#4"},"east":{"uv":[8.88889,5.33333,10,6],"texture":"#4"},"south":{"uv":[1.77778,13.33333,2.22222,14],"texture":"#4"},"west":{"uv":[8.44444,9.33333,9.55556,10],"texture":"#4"},"up":{"uv":[11.11111,6,10.66667,4.88889],"texture":"#4"},"down":{"uv":[11.11111,6.66667,10.66667,7.77778],"texture":"#4"}}},{"from":[7,13.29188,6],"to":[9,15.29188,7],"rotation":{"angle":-45,"axis":"x","origin":[8,14.29188,8]},"faces":{"north":{"uv":[0,8.44444,0.88889,9.33333],"texture":"#4"},"east":{"uv":[11.55556,6.66667,12,7.55556],"texture":"#4"},"south":{"uv":[8.44444,0,9.33333,0.88889],"texture":"#4"},"west":{"uv":[7.55556,11.55556,8,12.44444],"texture":"#4"}}},{"from":[7,13.29188,9],"to":[9,15.29188,10],"rotation":{"angle":-45,"axis":"x","origin":[8,14.29188,8]},"faces":{"north":{"uv":[8.44444,1.33333,9.33333,2.22222],"texture":"#4"},"east":{"uv":[11.55556,8,12,8.88889],"texture":"#4"},"south":{"uv":[8.44444,2.66667,9.33333,3.55556],"texture":"#4"},"west":{"uv":[8.44444,12,8.88889,12.88889],"texture":"#4"}}},{"from":[7,15.29188,6],"to":[9,16.29188,7],"rotation":{"angle":-45,"axis":"x","origin":[8,14.29188,8]},"faces":{"north":{"uv":[9.33333,12,10.22222,12.44444],"texture":"#4"},"east":{"uv":[13.77778,4.88889,14.22222,5.33333],"texture":"#4"},"west":{"uv":[13.77778,5.77778,14.22222,6.22222],"texture":"#4"},"up":{"uv":[11.55556,12.44444,10.66667,12],"texture":"#4"}}},{"from":[7,12.29188,6],"to":[9,13.29188,7],"rotation":{"angle":-45,"axis":"x","origin":[8,14.29188,8]},"faces":{"north":{"uv":[12,12,12.88889,12.44444],"texture":"#4"},"east":{"uv":[13.77778,6.66667,14.22222,7.11111],"texture":"#4"},"west":{"uv":[13.77778,7.55556,14.22222,8],"texture":"#4"},"down":{"uv":[0.88889,12.44444,0,12.88889],"texture":"#4"}}},{"from":[7,15.29188,9],"to":[9,16.29188,10],"rotation":{"angle":-45,"axis":"x","origin":[8,14.29188,8]},"faces":{"east":{"uv":[13.77778,8.44444,14.22222,8.88889],"texture":"#4"},"south":{"uv":[12.44444,0,13.33333,0.44444],"texture":"#4"},"west":{"uv":[9.33333,13.77778,9.77778,14.22222],"texture":"#4"},"up":{"uv":[13.33333,1.33333,12.44444,0.88889],"texture":"#4"}}},{"from":[7,15.29188,7],"to":[9,16.29188,9],"rotation":{"angle":-45,"axis":"x","origin":[8,14.29188,8]},"faces":{"east":{"uv":[1.33333,12.44444,2.22222,12.88889],"texture":"#4"},"west":{"uv":[12.44444,1.77778,13.33333,2.22222],"texture":"#4"},"up":{"uv":[9.33333,4.88889,8.44444,4],"texture":"#4"},"down":{"uv":[5.33333,8.44444,4.44444,9.33333],"texture":"#4"}}},{"from":[7.25,12.79188,6.5],"to":[8.75,15.79188,9.5],"rotation":{"angle":-45,"axis":"x","origin":[8,14.29188,8]},"faces":{"east":{"uv":[4.44444,0,5.77778,1.33333],"texture":"#4"},"west":{"uv":[1.33333,4.44444,2.66667,5.77778],"texture":"#4"}}},{"from":[7,12.29188,7],"to":[9,13.29188,9],"rotation":{"angle":-45,"axis":"x","origin":[8,14.29188,8]},"faces":{"east":{"uv":[2.66667,12.44444,3.55556,12.88889],"texture":"#4"},"west":{"uv":[12.44444,2.66667,13.33333,3.11111],"texture":"#4"},"up":{"uv":[6.66667,9.33333,5.77778,8.44444],"texture":"#4"},"down":{"uv":[9.33333,6.66667,8.44444,7.55556],"texture":"#4"}}},{"from":[7,12.29188,9],"to":[9,13.29188,10],"rotation":{"angle":-45,"axis":"x","origin":[8,14.29188,8]},"faces":{"east":{"uv":[13.77778,9.33333,14.22222,9.77778],"texture":"#4"},"south":{"uv":[12.44444,5.33333,13.33333,5.77778],"texture":"#4"},"west":{"uv":[13.77778,10.22222,14.22222,10.66667],"texture":"#4"},"down":{"uv":[13.33333,6.22222,12.44444,6.66667],"texture":"#4"}}},{"from":[7.6,10.79188,4.25],"to":[7.61,19.79188,5.5],"rotation":{"angle":-45,"axis":"y","origin":[7.6,13.79188,4.25]},"faces":{"east":{"uv":[0.55556,4,0,8],"texture":"#4"},"west":{"uv":[0,4,0.55556,8],"texture":"#4"}}},{"from":[7.6,10.79188,10.5],"to":[7.61,19.79188,11.75],"rotation":{"angle":45,"axis":"y","origin":[7.6,13.79188,11.75]},"faces":{"east":{"uv":[0,4,0.55556,8],"texture":"#4"},"west":{"uv":[0.55556,4,0,8],"texture":"#4"}}},{"from":[6.71612,10.79188,5.13388],"to":[6.72612,19.79188,7.88388],"rotation":{"angle":0,"axis":"y","origin":[6.71612,13.79188,5.13388]},"faces":{"east":{"uv":[3.88889,0,2.66667,4],"texture":"#4"},"west":{"uv":[2.66667,0,3.88889,4],"texture":"#4"}}},{"from":[6.71612,10.79188,8.11612],"to":[6.72612,19.79188,10.86612],"rotation":{"angle":0,"axis":"y","origin":[6.71612,13.79188,10.86612]},"faces":{"east":{"uv":[2.66667,0,3.88889,4],"texture":"#4"},"west":{"uv":[3.88889,0,2.66667,4],"texture":"#4"}}},{"from":[8.39,10.79188,10.5],"to":[8.4,19.79188,11.75],"rotation":{"angle":-45,"axis":"y","origin":[8.4,13.79188,11.75]},"faces":{"east":{"uv":[0,4,0.55556,8],"texture":"#4"},"west":{"uv":[0.55556,4,0,8],"texture":"#4"}}},{"from":[9.27388,10.79188,8.11612],"to":[9.28388,19.79188,10.86612],"rotation":{"angle":0,"axis":"y","origin":[9.28388,13.79188,10.86612]},"faces":{"east":{"uv":[2.66667,0,3.88889,4],"texture":"#4"},"west":{"uv":[3.88889,0,2.66667,4],"texture":"#4"}}},{"from":[9.27388,10.79188,5.13388],"to":[9.28388,19.79188,7.88388],"rotation":{"angle":0,"axis":"y","origin":[9.28388,13.79188,5.13388]},"faces":{"east":{"uv":[3.88889,0,2.66667,4],"texture":"#4"},"west":{"uv":[2.66667,0,3.88889,4],"texture":"#4"}}},{"from":[8.39,10.79188,4.25],"to":[8.4,19.79188,5.5],"rotation":{"angle":45,"axis":"y","origin":[8.4,13.79188,4.25]},"faces":{"east":{"uv":[0.55556,4,0,8],"texture":"#4"},"west":{"uv":[0,4,0.55556,8],"texture":"#4"}}},{"from":[7.5,12.0187,8.42376],"to":[8.5,14.5187,10.42376],"rotation":{"angle":-22.5,"axis":"x","origin":[8,12.5187,9.98626]},"faces":{"north":{"uv":[7.11111,9.77778,6.66667,10.88889],"texture":"#4"},"east":{"uv":[5.77778,3.55556,4.88889,4.66667],"texture":"#4"},"south":{"uv":[6.22222,9.77778,5.77778,10.88889],"texture":"#4"},"west":{"uv":[5.77778,5.33333,4.88889,6.44444],"texture":"#4"},"up":{"uv":[6.22222,11.55556,5.77778,12.44444],"texture":"#4"},"down":{"uv":[7.11111,12.44444,6.66667,11.55556],"texture":"#4"}}},{"from":[7.75,12.2687,9.67376],"to":[8.25,14.2687,11.17376],"rotation":{"angle":-22.5,"axis":"x","origin":[8,12.5187,9.98626]},"faces":{"east":{"uv":[10.44444,1.33333,9.77778,2.22222],"texture":"#4"},"south":{"uv":[8.66667,13.33333,8.44444,14.22222],"texture":"#4"},"west":{"uv":[10.44444,2.66667,9.77778,3.55556],"texture":"#4"},"up":{"uv":[7.33333,14.22222,7.11111,14.88889],"texture":"#4"},"down":{"uv":[10.44444,14.88889,10.22222,14.22222],"texture":"#4"}}},{"from":[7.5,13.66965,10.08512],"to":[8.5,16.16965,11.58512],"rotation":{"angle":-22.5,"axis":"x","origin":[8,15.70567,11.70663]},"faces":{"north":{"uv":[8,9.77778,7.55556,10.88889],"texture":"#4"},"east":{"uv":[2,8.88889,1.33333,10],"texture":"#4"},"south":{"uv":[10.22222,6.66667,9.77778,7.77778],"texture":"#4"},"west":{"uv":[3.33333,9.33333,2.66667,10.44444],"texture":"#4"}}},{"from":[7.5,12.66965,10.08512],"to":[8.5,13.66965,12.58512],"rotation":{"angle":-22.5,"axis":"x","origin":[8,15.70567,11.70663]},"faces":{"north":{"uv":[14.22222,2.66667,13.77778,3.11111],"texture":"#4"},"east":{"uv":[10.88889,4,9.77778,4.44444],"texture":"#4"},"south":{"uv":[14.22222,1.77778,13.77778,2.22222],"texture":"#4"},"west":{"uv":[10.88889,8.44444,9.77778,8.88889],"texture":"#4"},"up":{"uv":[10.66667,9.33333,10.22222,10.44444],"texture":"#4"},"down":{"uv":[1.77778,11.77778,1.33333,10.66667],"texture":"#4"}}},{"from":[7.5,13.66965,12.08512],"to":[8.5,14.16965,12.58512],"rotation":{"angle":-22.5,"axis":"x","origin":[8,15.70567,11.70663]},"faces":{"north":{"uv":[15.11111,4.88889,14.66667,5.11111],"texture":"#4"},"east":{"uv":[14.88889,6.66667,14.66667,6.88889],"texture":"#4"},"south":{"uv":[15.11111,2.66667,14.66667,2.88889],"texture":"#4"},"west":{"uv":[14.88889,7.55556,14.66667,7.77778],"texture":"#4"},"up":{"uv":[15.11111,5.77778,14.66667,6],"texture":"#4"}}},{"from":[7.4985,15.25486,10.38611],"to":[8.5015,16.75486,12.88611],"rotation":{"angle":-45,"axis":"x","origin":[8,15.70567,11.70663]},"faces":{"north":{"uv":[2.22222,13.33333,1.77778,14],"texture":"#4"},"east":{"uv":[10,5.33333,8.88889,6],"texture":"#4"},"south":{"uv":[1.33333,13.33333,0.88889,14],"texture":"#4"},"west":{"uv":[9.55556,9.33333,8.44444,10],"texture":"#4"},"up":{"uv":[11.11111,4.88889,10.66667,6],"texture":"#4"},"down":{"uv":[11.11111,7.77778,10.66667,6.66667],"texture":"#4"}}},{"from":[7.5,15.38369,11.89064],"to":[8.5,18.38369,13.39064],"rotation":{"angle":-22.5,"axis":"x","origin":[8,15.70567,11.70663]},"faces":{"north":{"uv":[5.33333,9.77778,4.88889,11.11111],"texture":"#4"},"east":{"uv":[3.77778,6.22222,3.11111,7.55556],"texture":"#4"},"south":{"uv":[4.44444,9.77778,4,11.11111],"texture":"#4"},"west":{"uv":[6.88889,5.33333,6.22222,6.66667],"texture":"#4"},"up":{"uv":[12.88889,12.88889,12.44444,13.55556],"texture":"#4"},"down":{"uv":[0.44444,14,0,13.33333],"texture":"#4"}}},{"from":[7.5,17.63369,11.14065],"to":[8.5,18.38369,11.89065],"rotation":{"angle":-22.5,"axis":"x","origin":[8,15.70567,11.70663]},"faces":{"north":{"uv":[11.55556,14.22222,11.11111,14.55556],"texture":"#4"},"east":{"uv":[2.11111,14.66667,1.77778,15],"texture":"#4"},"west":{"uv":[15,1.77778,14.66667,2.11111],"texture":"#4"},"up":{"uv":[12.44444,14.22222,12,14.55556],"texture":"#4"},"down":{"uv":[14.66667,14.11111,14.22222,13.77778],"texture":"#4"}}},{"from":[7.37,-6.5103,3.5],"to":[8.63,2.9897,12.5],"light_emission":15,"rotation":{"angle":0,"axis":"y","origin":[7.875,-0.7603,-8.5]},"faces":{"east":{"uv":[9.25,9.5,0.25,0],"texture":"#2"},"west":{"uv":[0.25,9.5,9.25,0],"texture":"#2"}}},{"from":[7.75,-1.70812,7],"to":[8.25,0.29188,9],"rotation":{"angle":-45,"axis":"x","origin":[8,-0.70812,8]},"faces":{"north":{"uv":[13.33333,13.77778,13.55556,14.66667],"texture":"#4"},"east":{"uv":[7.11111,8.44444,8,9.33333],"texture":"#4"},"south":{"uv":[2.66667,14.22222,2.88889,15.11111],"texture":"#4"},"west":{"uv":[8.44444,8,9.33333,8.88889],"texture":"#4"},"up":{"uv":[3.77778,15.11111,3.55556,14.22222],"texture":"#4"},"down":{"uv":[14.44444,3.55556,14.22222,4.44444],"texture":"#4"}}},{"from":[7.99,-3.70812,5.5],"to":[8.01,3.54188,10.5],"rotation":{"angle":0,"axis":"x","origin":[7.99,-0.70812,8]},"faces":{"east":{"uv":[2.22222,0,0,3.22222],"texture":"#4"},"west":{"uv":[0,0,2.22222,3.22222],"texture":"#4"}}}],"gui_light":"front","display":{"thirdperson_righthand":{"rotation":[-180,0,0],"translation":[0,-1.25,1]},"thirdperson_lefthand":{"rotation":[180,0,0],"translation":[0,-1.25,1]},"firstperson_righthand":{"rotation":[168,-15,0],"translation":[2.25,3.75,1],"scale":[0.65,0.65,0.65]},"firstperson_lefthand":{"rotation":[168,-15,0],"translation":[2.25,3.75,1],"scale":[0.65,0.65,0.65]},"ground":{"rotation":[-45,0,0],"translation":[0,5,0],"scale":[0.6,0.6,0.6]},"gui":{"rotation":[-90,-45,90],"scale":[0.81,0.81,0.81]},"head":{"rotation":[0,-90,0]},"fixed":{"rotation":[0,-90,0],"translation":[0,0,-2],"scale":[2,2,2]}}}