{"format_version":"1.9.0","credit":"Pologony Creation Co.,Ltd.","texture_size":[40,40],"textures":{"1":"plny_luminite_set:animated/animated_1","4":"plny_luminite_set:mace"},"elements":[{"from":[7,-4.25,7],"to":[9,-2.25,9],"rotation":{"angle":-45,"axis":"x","origin":[8,-3.25,8]},"faces":{"north":{"uv":[8,6.4,8.8,7.2],"texture":"#4"},"east":{"uv":[8.4,0,9.2,0.8],"texture":"#4"},"south":{"uv":[8.4,1.2,9.2,2],"texture":"#4"},"west":{"uv":[6,8.4,6.8,9.2],"texture":"#4"},"up":{"uv":[9.6,8.4,8.8,7.6],"texture":"#4"},"down":{"uv":[9.6,8.8,8.8,9.6],"texture":"#4"}}},{"from":[7,-2.5,7],"to":[9,-1.5,9],"rotation":{"angle":45,"axis":"y","origin":[8,-4,8]},"faces":{"north":{"uv":[10.8,1.6,11.6,2],"texture":"#4"},"east":{"uv":[11.2,8,12,8.4],"texture":"#4"},"south":{"uv":[10.8,11.2,11.6,11.6],"texture":"#4"},"west":{"uv":[11.6,0,12.4,0.4],"texture":"#4"},"up":{"uv":[10,3.2,9.2,2.4],"texture":"#4"},"down":{"uv":[10,3.6,9.2,4.4],"texture":"#4"}}},{"from":[7.25,-1.5,7.25],"to":[8.75,0,8.75],"rotation":{"angle":45,"axis":"y","origin":[8,-4,8]},"faces":{"north":{"uv":[5.6,11.2,6.2,11.8],"texture":"#4"},"east":{"uv":[11.2,6.8,11.8,7.4],"texture":"#4"},"south":{"uv":[8.4,11.2,9,11.8],"texture":"#4"},"west":{"uv":[9.6,11.2,10.2,11.8],"texture":"#4"},"up":{"uv":[11.8,10.6,11.2,10],"texture":"#4"}}},{"from":[7.5,0,7.5],"to":[8.5,7,8.5],"rotation":{"angle":45,"axis":"y","origin":[8,-4,8]},"faces":{"north":{"uv":[5.2,6.4,5.6,9.2],"texture":"#4"},"east":{"uv":[7.2,4.4,7.6,7.2],"texture":"#4"},"south":{"uv":[0,7.6,0.4,10.4],"texture":"#4"},"west":{"uv":[7.6,0,8,2.8],"texture":"#4"}}},{"from":[7.32322,7,7.5],"to":[8.57322,8.5,8.75],"rotation":{"angle":45,"axis":"y","origin":[7.82322,0.5,8]},"faces":{"north":{"uv":[9.6,12.4,10.1,13],"texture":"#4"},"east":{"uv":[12.4,10,12.9,10.6],"texture":"#4"},"south":{"uv":[11.6,12.4,12.1,13],"texture":"#4"},"west":{"uv":[12.8,0,13.3,0.6],"texture":"#4"},"up":{"uv":[13.3,2.9,12.8,2.4],"texture":"#4"},"down":{"uv":[13.3,3.6,12.8,4.1],"texture":"#4"}}},{"from":[6.68934,8.5,7.75],"to":[8.68934,9.5,9.75],"rotation":{"angle":45,"axis":"y","origin":[6.93934,8,8]},"faces":{"north":{"uv":[11.6,0.8,12.4,1.2],"texture":"#4"},"east":{"uv":[11.6,2.4,12.4,2.8],"texture":"#4"},"south":{"uv":[11.6,3.2,12.4,3.6],"texture":"#4"},"west":{"uv":[11.6,4,12.4,4.4],"texture":"#4"},"down":{"uv":[10,4.8,9.2,5.6],"texture":"#4"}}},{"from":[6.43934,9.5,7.5],"to":[8.93934,10,10],"rotation":{"angle":45,"axis":"y","origin":[6.93934,8,8]},"faces":{"north":{"uv":[13.6,7.6,14.6,7.8],"texture":"#4"},"east":{"uv":[8.4,13.6,9.4,13.8],"texture":"#4"},"south":{"uv":[13.6,8.4,14.6,8.6],"texture":"#4"},"west":{"uv":[13.6,9.2,14.6,9.4],"texture":"#4"},"up":{"uv":[8.2,8.6,7.2,7.6],"texture":"#4"},"down":{"uv":[1.8,8,0.8,9],"texture":"#4"}}},{"from":[7.985,-8.75,4.08579],"to":[8.015,-1.5,7.58579],"rotation":{"angle":0,"axis":"y","origin":[7.9855,-4.625,6.33579]},"faces":{"east":{"uv":[1.4,0,0,2.9],"texture":"#4"},"west":{"uv":[0,0,1.4,2.9],"texture":"#4"}}},{"from":[7.995,-8.5,2.58579],"to":[8.005,0.75,6.08579],"light_emission":15,"rotation":{"angle":0,"axis":"y","origin":[7.9955,-3.375,4.83579]},"faces":{"east":{"uv":[10.83333,6.66667,8.5,12.83333],"texture":"#1"},"west":{"uv":[8.5,6.66667,10.83333,12.83333],"texture":"#1"}}},{"from":[6.745,12.5,3.58579],"to":[6.755,21.75,7.08579],"light_emission":15,"rotation":{"angle":-22.5,"axis":"y","origin":[6.75,17.125,5.33579]},"faces":{"east":{"uv":[10.83333,6.66667,8.5,12.83333],"texture":"#1"},"west":{"uv":[8.5,6.66667,10.83333,12.83333],"texture":"#1"}}},{"from":[9.245,12.5,3.58579],"to":[9.255,21.75,7.08579],"light_emission":15,"rotation":{"angle":22.5,"axis":"y","origin":[9.25,17.125,5.33579]},"faces":{"east":{"uv":[10.83333,6.66667,8.5,12.83333],"texture":"#1"},"west":{"uv":[8.5,6.66667,10.83333,12.83333],"texture":"#1"}}},{"from":[9.245,12.5,8.91421],"to":[9.255,21.75,12.41421],"light_emission":15,"rotation":{"angle":-22.5,"axis":"y","origin":[9.25,17.125,10.66421]},"faces":{"east":{"uv":[8.5,6.66667,10.83333,12.83333],"texture":"#1"},"west":{"uv":[10.83333,6.66667,8.5,12.83333],"texture":"#1"}}},{"from":[6.745,12.5,8.91421],"to":[6.755,21.75,12.41421],"light_emission":15,"rotation":{"angle":22.5,"axis":"y","origin":[6.75,17.125,10.66421]},"faces":{"east":{"uv":[8.5,6.66667,10.83333,12.83333],"texture":"#1"},"west":{"uv":[10.83333,6.66667,8.5,12.83333],"texture":"#1"}}},{"from":[7.995,-8.5,9.91421],"to":[8.005,0.75,13.41421],"light_emission":15,"rotation":{"angle":0,"axis":"y","origin":[7.9955,-3.375,11.16421]},"faces":{"east":{"uv":[8.5,6.66667,10.83333,12.83333],"texture":"#1"},"west":{"uv":[10.83333,6.66667,8.5,12.83333],"texture":"#1"}}},{"from":[7.5,-4.5,7],"to":[8.5,-2.5,8.5],"rotation":{"angle":-45,"axis":"x","origin":[7.5,-4.25,7]},"faces":{"north":{"uv":[11.6,4.8,12,5.6],"texture":"#4"},"east":{"uv":[10,10,10.6,10.8],"texture":"#4"},"south":{"uv":[11.6,8.8,12,9.6],"texture":"#4"},"west":{"uv":[10.4,2.4,11,3.2],"texture":"#4"},"up":{"uv":[13.2,11.8,12.8,11.2],"texture":"#4"},"down":{"uv":[13.2,12.4,12.8,13],"texture":"#4"}}},{"from":[7.5,-3.5,5.5],"to":[8.5,-2.5,7],"rotation":{"angle":-45,"axis":"x","origin":[7.5,-4.25,7]},"faces":{"north":{"uv":[8.4,2.4,8.8,2.8],"texture":"#4"},"east":{"uv":[13.2,1.2,13.8,1.6],"texture":"#4"},"west":{"uv":[1.6,13.2,2.2,13.6],"texture":"#4"},"up":{"uv":[3.2,13.8,2.8,13.2],"texture":"#4"},"down":{"uv":[4,13.2,3.6,13.8],"texture":"#4"}}},{"from":[7.5,-3.75,6],"to":[8.5,-3.5,6.25],"rotation":{"angle":-45,"axis":"x","origin":[7.5,-4.25,7]},"faces":{"east":{"uv":[10,14.4,10.1,14.5],"texture":"#4"},"west":{"uv":[14.4,10,14.5,10.1],"texture":"#4"}}},{"from":[7.4985,-4.95238,5.52397],"to":[8.5015,-4.15238,6.27397],"rotation":{"angle":22.5,"axis":"x","origin":[7.9985,-4.57738,5.89897]},"faces":{"north":{"uv":[14,2,14.4,2.3],"texture":"#4"},"east":{"uv":[0.8,14.4,1.1,14.7],"texture":"#4"},"south":{"uv":[14,2.8,14.4,3.1],"texture":"#4"},"west":{"uv":[14.4,0.8,14.7,1.1],"texture":"#4"},"up":{"uv":[14.4,3.9,14,3.6],"texture":"#4"},"down":{"uv":[14.4,5.6,14,5.9],"texture":"#4"}}},{"from":[7.985,-8.75,8.41421],"to":[8.015,-1.5,11.91421],"rotation":{"angle":0,"axis":"y","origin":[7.9855,-4.625,9.66421]},"faces":{"east":{"uv":[0,0,1.4,2.9],"texture":"#4"},"west":{"uv":[1.4,0,0,2.9],"texture":"#4"}}},{"from":[7.5,-4.5,7.5],"to":[8.5,-2.5,9],"rotation":{"angle":45,"axis":"x","origin":[7.5,-4.25,9]},"faces":{"north":{"uv":[12,8.8,11.6,9.6],"texture":"#4"},"east":{"uv":[10.6,10,10,10.8],"texture":"#4"},"south":{"uv":[12,4.8,11.6,5.6],"texture":"#4"},"west":{"uv":[11,2.4,10.4,3.2],"texture":"#4"},"up":{"uv":[13.2,11.2,12.8,11.8],"texture":"#4"},"down":{"uv":[13.2,13,12.8,12.4],"texture":"#4"}}},{"from":[7.5,-3.5,9],"to":[8.5,-2.5,10.5],"rotation":{"angle":45,"axis":"x","origin":[7.5,-4.25,9]},"faces":{"east":{"uv":[13.8,1.2,13.2,1.6],"texture":"#4"},"south":{"uv":[8.8,2.4,8.4,2.8],"texture":"#4"},"west":{"uv":[2.2,13.2,1.6,13.6],"texture":"#4"},"up":{"uv":[3.2,13.2,2.8,13.8],"texture":"#4"},"down":{"uv":[4,13.8,3.6,13.2],"texture":"#4"}}},{"from":[7.5,-3.75,9.75],"to":[8.5,-3.5,10],"rotation":{"angle":45,"axis":"x","origin":[7.5,-4.25,9]},"faces":{"east":{"uv":[10.1,14.4,10,14.5],"texture":"#4"},"west":{"uv":[14.5,10,14.4,10.1],"texture":"#4"}}},{"from":[7.4985,-4.95238,9.72603],"to":[8.5015,-4.15238,10.47603],"rotation":{"angle":-22.5,"axis":"x","origin":[7.9985,-4.57738,10.10103]},"faces":{"north":{"uv":[14.4,2.8,14,3.1],"texture":"#4"},"east":{"uv":[1.1,14.4,0.8,14.7],"texture":"#4"},"south":{"uv":[14.4,2,14,2.3],"texture":"#4"},"west":{"uv":[14.7,0.8,14.4,1.1],"texture":"#4"},"up":{"uv":[14.4,3.6,14,3.9],"texture":"#4"},"down":{"uv":[14.4,5.9,14,5.6],"texture":"#4"}}},{"from":[7.75,10.22682,4.82624],"to":[8.25,12.22682,6.32624],"rotation":{"angle":22.5,"axis":"x","origin":[8,10.47682,6.01374]},"faces":{"north":{"uv":[10.8,13.2,11,14],"texture":"#4"},"east":{"uv":[10.4,3.6,11,4.4],"texture":"#4"},"west":{"uv":[10.4,4.8,11,5.6],"texture":"#4"},"up":{"uv":[7,14.6,6.8,14],"texture":"#4"},"down":{"uv":[7.8,14,7.6,14.6],"texture":"#4"}}},{"from":[7.5,9.97682,5.57624],"to":[8.5,12.47682,7.57624],"rotation":{"angle":22.5,"axis":"x","origin":[8,10.47682,6.01374]},"faces":{"north":{"uv":[0,10.8,0.4,11.8],"texture":"#4"},"east":{"uv":[2.4,8,3.2,9],"texture":"#4"},"south":{"uv":[10.8,0,11.2,1],"texture":"#4"},"west":{"uv":[8,3.2,8.8,4.2],"texture":"#4"},"up":{"uv":[7.2,12.8,6.8,12],"texture":"#4"},"down":{"uv":[8,12,7.6,12.8],"texture":"#4"}}},{"from":[7.5,11.62777,4.41488],"to":[8.5,14.12777,5.91488],"rotation":{"angle":22.5,"axis":"x","origin":[8,13.66379,4.29337]},"faces":{"north":{"uv":[0.8,10.8,1.2,11.8],"texture":"#4"},"east":{"uv":[5.6,9.6,6.2,10.6],"texture":"#4"},"south":{"uv":[1.6,10.8,2,11.8],"texture":"#4"},"west":{"uv":[10,7.2,10.6,8.2],"texture":"#4"}}},{"from":[7.5,13.34181,2.60936],"to":[8.5,16.34181,4.10936],"rotation":{"angle":22.5,"axis":"x","origin":[8,13.66379,4.29337]},"faces":{"north":{"uv":[6.8,10.4,7.2,11.6],"texture":"#4"},"east":{"uv":[3.6,8,4.2,9.2],"texture":"#4"},"south":{"uv":[7.6,10.4,8,11.6],"texture":"#4"},"west":{"uv":[8,4.8,8.6,6],"texture":"#4"},"up":{"uv":[4.8,13.8,4.4,13.2],"texture":"#4"},"down":{"uv":[5.6,13.2,5.2,13.8],"texture":"#4"}}},{"from":[7.5,15.59181,4.10935],"to":[8.5,16.34181,4.85935],"rotation":{"angle":22.5,"axis":"x","origin":[8,13.66379,4.29337]},"faces":{"east":{"uv":[2.4,14.4,2.7,14.7],"texture":"#4"},"south":{"uv":[14,13.2,14.4,13.5],"texture":"#4"},"west":{"uv":[3.2,14.4,3.5,14.7],"texture":"#4"},"up":{"uv":[14.4,14.3,14,14],"texture":"#4"},"down":{"uv":[0.4,14.4,0,14.7],"texture":"#4"}}},{"from":[7.5,10.62777,3.41488],"to":[8.5,11.62777,5.91488],"rotation":{"angle":22.5,"axis":"x","origin":[8,13.66379,4.29337]},"faces":{"north":{"uv":[10,13.6,10.4,14],"texture":"#4"},"east":{"uv":[6,1.6,7,2],"texture":"#4"},"south":{"uv":[13.6,10,14,10.4],"texture":"#4"},"west":{"uv":[10.4,6,11.4,6.4],"texture":"#4"},"up":{"uv":[2.8,11.8,2.4,10.8],"texture":"#4"},"down":{"uv":[3.6,10.8,3.2,11.8],"texture":"#4"}}},{"from":[7.5,11.62777,3.41488],"to":[8.5,12.12777,3.91488],"rotation":{"angle":22.5,"axis":"x","origin":[8,13.66379,4.29337]},"faces":{"north":{"uv":[4,14.4,4.4,14.6],"texture":"#4"},"east":{"uv":[8.4,14.4,8.6,14.6],"texture":"#4"},"south":{"uv":[4.8,14.4,5.2,14.6],"texture":"#4"},"west":{"uv":[9.2,14.4,9.4,14.6],"texture":"#4"},"up":{"uv":[6,14.6,5.6,14.4],"texture":"#4"}}},{"from":[7.4985,13.21298,3.11389],"to":[8.5015,14.71298,5.61389],"rotation":{"angle":45,"axis":"x","origin":[8,13.66379,4.29337]},"faces":{"north":{"uv":[13.2,5.6,13.6,6.2],"texture":"#4"},"east":{"uv":[8.4,10,9.4,10.6],"texture":"#4"},"south":{"uv":[6,13.2,6.4,13.8],"texture":"#4"},"west":{"uv":[10,8.8,11,9.4],"texture":"#4"},"up":{"uv":[4.4,11.8,4,10.8],"texture":"#4"},"down":{"uv":[5.2,10.8,4.8,11.8],"texture":"#4"}}},{"from":[7,11.25,6],"to":[9,13.25,7],"rotation":{"angle":-45,"axis":"x","origin":[8,12.25,8]},"faces":{"north":{"uv":[9.2,6,10,6.8],"texture":"#4"},"east":{"uv":[10.8,12,11.2,12.8],"texture":"#4"},"south":{"uv":[7.2,9.2,8,10],"texture":"#4"},"west":{"uv":[12,11.2,12.4,12],"texture":"#4"}}},{"from":[7,11.25,9],"to":[9,13.25,10],"rotation":{"angle":-45,"axis":"x","origin":[8,12.25,8]},"faces":{"north":{"uv":[9.6,0,10.4,0.8],"texture":"#4"},"east":{"uv":[0,12.4,0.4,13.2],"texture":"#4"},"south":{"uv":[0.8,9.6,1.6,10.4],"texture":"#4"},"west":{"uv":[0.8,12.4,1.2,13.2],"texture":"#4"}}},{"from":[7,13.25,6],"to":[9,14.25,7],"rotation":{"angle":-45,"axis":"x","origin":[8,12.25,8]},"faces":{"north":{"uv":[12,1.6,12.8,2],"texture":"#4"},"east":{"uv":[13.6,10.8,14,11.2],"texture":"#4"},"west":{"uv":[11.6,13.6,12,14],"texture":"#4"},"up":{"uv":[12.8,6.4,12,6],"texture":"#4"}}},{"from":[7,10.25,6],"to":[9,11.25,7],"rotation":{"angle":-45,"axis":"x","origin":[8,12.25,8]},"faces":{"north":{"uv":[1.6,12.4,2.4,12.8],"texture":"#4"},"east":{"uv":[13.6,11.6,14,12],"texture":"#4"},"west":{"uv":[12.4,13.6,12.8,14],"texture":"#4"},"down":{"uv":[3.6,12.4,2.8,12.8],"texture":"#4"}}},{"from":[7,13.25,9],"to":[9,14.25,10],"rotation":{"angle":-45,"axis":"x","origin":[8,12.25,8]},"faces":{"east":{"uv":[13.6,12.4,14,12.8],"texture":"#4"},"south":{"uv":[4,12.4,4.8,12.8],"texture":"#4"},"west":{"uv":[13.2,13.6,13.6,14],"texture":"#4"},"up":{"uv":[13.2,5.2,12.4,4.8],"texture":"#4"}}},{"from":[7,13.25,7],"to":[9,14.25,9],"rotation":{"angle":-45,"axis":"x","origin":[8,12.25,8]},"faces":{"east":{"uv":[5.2,12.4,6,12.8],"texture":"#4"},"west":{"uv":[12.4,6.8,13.2,7.2],"texture":"#4"},"up":{"uv":[10.4,2,9.6,1.2],"texture":"#4"},"down":{"uv":[2.8,9.6,2,10.4],"texture":"#4"}}},{"from":[7.25,10.75,6.5],"to":[8.75,13.75,9.5],"rotation":{"angle":-45,"axis":"x","origin":[8,12.25,8]},"faces":{"east":{"uv":[6,0,7.2,1.2],"texture":"#4"},"west":{"uv":[2,6.4,3.2,7.6],"texture":"#4"}}},{"from":[7,10.25,7],"to":[9,11.25,9],"rotation":{"angle":-45,"axis":"x","origin":[8,12.25,8]},"faces":{"east":{"uv":[12.4,7.6,13.2,8],"texture":"#4"},"west":{"uv":[8.4,12.4,9.2,12.8],"texture":"#4"},"up":{"uv":[4,10.4,3.2,9.6],"texture":"#4"},"down":{"uv":[5.2,9.6,4.4,10.4],"texture":"#4"}}},{"from":[7,10.25,9],"to":[9,11.25,10],"rotation":{"angle":-45,"axis":"x","origin":[8,12.25,8]},"faces":{"east":{"uv":[14,0,14.4,0.4],"texture":"#4"},"south":{"uv":[12.4,8.4,13.2,8.8],"texture":"#4"},"west":{"uv":[1.6,14,2,14.4],"texture":"#4"},"down":{"uv":[13.2,9.2,12.4,9.6],"texture":"#4"}}},{"from":[6.61322,10.25,5.36177],"to":[7.86322,19.25,5.37177],"rotation":{"angle":0,"axis":"y","origin":[6.44136,14.75,5.85218]},"faces":{"north":{"uv":[6,4.4,6.5,8],"texture":"#4"},"south":{"uv":[6.5,4.4,6,8],"texture":"#4"}}},{"from":[6.21612,10.25,5.38388],"to":[6.22612,19.25,8.13388],"rotation":{"angle":-45,"axis":"y","origin":[6.44136,14.75,5.85218]},"faces":{"east":{"uv":[3.1,0,2,3.6],"texture":"#4"},"west":{"uv":[2,0,3.1,3.6],"texture":"#4"}}},{"from":[8.13678,10.25,5.36177],"to":[9.38678,19.25,5.37177],"rotation":{"angle":0,"axis":"y","origin":[9.55864,14.75,5.85218]},"faces":{"north":{"uv":[6.5,4.4,6,8],"texture":"#4"},"south":{"uv":[6,4.4,6.5,8],"texture":"#4"}}},{"from":[9.77388,10.25,5.38388],"to":[9.78388,19.25,8.13388],"rotation":{"angle":45,"axis":"y","origin":[9.55864,14.75,5.85218]},"faces":{"east":{"uv":[3.1,0,2,3.6],"texture":"#4"},"west":{"uv":[2,0,3.1,3.6],"texture":"#4"}}},{"from":[8.13678,10.25,10.62823],"to":[9.38678,19.25,10.63823],"rotation":{"angle":0,"axis":"y","origin":[9.55864,14.75,10.14782]},"faces":{"north":{"uv":[6.5,4.4,6,8],"texture":"#4"},"south":{"uv":[6,4.4,6.5,8],"texture":"#4"}}},{"from":[9.77388,10.25,7.86612],"to":[9.78388,19.25,10.61612],"rotation":{"angle":-45,"axis":"y","origin":[9.55864,14.75,10.14782]},"faces":{"east":{"uv":[2,0,3.1,3.6],"texture":"#4"},"west":{"uv":[3.1,0,2,3.6],"texture":"#4"}}},{"from":[6.61322,10.25,10.62823],"to":[7.86322,19.25,10.63823],"rotation":{"angle":0,"axis":"y","origin":[6.44136,14.75,10.14782]},"faces":{"north":{"uv":[6,4.4,6.5,8],"texture":"#4"},"south":{"uv":[6.5,4.4,6,8],"texture":"#4"}}},{"from":[6.21612,10.25,7.86612],"to":[6.22612,19.25,10.61612],"rotation":{"angle":45,"axis":"y","origin":[6.44136,14.75,10.14782]},"faces":{"east":{"uv":[2,0,3.1,3.6],"texture":"#4"},"west":{"uv":[3.1,0,2,3.6],"texture":"#4"}}},{"from":[7.5,15.59181,11.14065],"to":[8.5,16.34181,11.89065],"rotation":{"angle":-22.5,"axis":"x","origin":[8,13.66379,11.70663]},"faces":{"north":{"uv":[14.4,13.2,14,13.5],"texture":"#4"},"east":{"uv":[2.7,14.4,2.4,14.7],"texture":"#4"},"west":{"uv":[3.5,14.4,3.2,14.7],"texture":"#4"},"up":{"uv":[14.4,14,14,14.3],"texture":"#4"},"down":{"uv":[0.4,14.7,0,14.4],"texture":"#4"}}},{"from":[7.5,13.34181,11.89064],"to":[8.5,16.34181,13.39064],"rotation":{"angle":-22.5,"axis":"x","origin":[8,13.66379,11.70663]},"faces":{"north":{"uv":[8,10.4,7.6,11.6],"texture":"#4"},"east":{"uv":[4.2,8,3.6,9.2],"texture":"#4"},"south":{"uv":[7.2,10.4,6.8,11.6],"texture":"#4"},"west":{"uv":[8.6,4.8,8,6],"texture":"#4"},"up":{"uv":[4.8,13.2,4.4,13.8],"texture":"#4"},"down":{"uv":[5.6,13.8,5.2,13.2],"texture":"#4"}}},{"from":[7.4985,13.21298,10.38611],"to":[8.5015,14.71298,12.88611],"rotation":{"angle":-45,"axis":"x","origin":[8,13.66379,11.70663]},"faces":{"north":{"uv":[6.4,13.2,6,13.8],"texture":"#4"},"east":{"uv":[9.4,10,8.4,10.6],"texture":"#4"},"south":{"uv":[13.6,5.6,13.2,6.2],"texture":"#4"},"west":{"uv":[11,8.8,10,9.4],"texture":"#4"},"up":{"uv":[4.4,10.8,4,11.8],"texture":"#4"},"down":{"uv":[5.2,11.8,4.8,10.8],"texture":"#4"}}},{"from":[7.5,11.62777,10.08512],"to":[8.5,14.12777,11.58512],"rotation":{"angle":-22.5,"axis":"x","origin":[8,13.66379,11.70663]},"faces":{"north":{"uv":[2,10.8,1.6,11.8],"texture":"#4"},"east":{"uv":[6.2,9.6,5.6,10.6],"texture":"#4"},"south":{"uv":[1.2,10.8,0.8,11.8],"texture":"#4"},"west":{"uv":[10.6,7.2,10,8.2],"texture":"#4"}}},{"from":[7.5,10.62777,10.08512],"to":[8.5,11.62777,12.58512],"rotation":{"angle":-22.5,"axis":"x","origin":[8,13.66379,11.70663]},"faces":{"north":{"uv":[14,10,13.6,10.4],"texture":"#4"},"east":{"uv":[7,1.6,6,2],"texture":"#4"},"south":{"uv":[10.4,13.6,10,14],"texture":"#4"},"west":{"uv":[11.4,6,10.4,6.4],"texture":"#4"},"up":{"uv":[2.8,10.8,2.4,11.8],"texture":"#4"},"down":{"uv":[3.6,11.8,3.2,10.8],"texture":"#4"}}},{"from":[7.5,11.62777,12.08512],"to":[8.5,12.12777,12.58512],"rotation":{"angle":-22.5,"axis":"x","origin":[8,13.66379,11.70663]},"faces":{"north":{"uv":[5.2,14.4,4.8,14.6],"texture":"#4"},"east":{"uv":[8.6,14.4,8.4,14.6],"texture":"#4"},"south":{"uv":[4.4,14.4,4,14.6],"texture":"#4"},"west":{"uv":[9.4,14.4,9.2,14.6],"texture":"#4"},"up":{"uv":[6,14.4,5.6,14.6],"texture":"#4"}}},{"from":[7.75,10.22682,9.67376],"to":[8.25,12.22682,11.17376],"rotation":{"angle":-22.5,"axis":"x","origin":[8,10.47682,9.98626]},"faces":{"east":{"uv":[11,3.6,10.4,4.4],"texture":"#4"},"south":{"uv":[11,13.2,10.8,14],"texture":"#4"},"west":{"uv":[11,4.8,10.4,5.6],"texture":"#4"},"up":{"uv":[7,14,6.8,14.6],"texture":"#4"},"down":{"uv":[7.8,14.6,7.6,14],"texture":"#4"}}},{"from":[7.5,9.97682,8.42376],"to":[8.5,12.47682,10.42376],"rotation":{"angle":-22.5,"axis":"x","origin":[8,10.47682,9.98626]},"faces":{"north":{"uv":[11.2,0,10.8,1],"texture":"#4"},"east":{"uv":[3.2,8,2.4,9],"texture":"#4"},"south":{"uv":[0.4,10.8,0,11.8],"texture":"#4"},"west":{"uv":[8.8,3.2,8,4.2],"texture":"#4"},"up":{"uv":[7.2,12,6.8,12.8],"texture":"#4"},"down":{"uv":[8,12.8,7.6,12],"texture":"#4"}}},{"from":[5.17157,14,8],"to":[9.17157,18,12],"rotation":{"angle":45,"axis":"y","origin":[5.17157,14,8]},"faces":{"north":{"uv":[0,3.6,1.6,5.2],"texture":"#4"},"east":{"uv":[3.6,2.4,5.2,4],"texture":"#4"},"south":{"uv":[2,4.4,3.6,6],"texture":"#4"},"west":{"uv":[4,4.4,5.6,6],"texture":"#4"},"up":{"uv":[1.6,7.2,0,5.6],"texture":"#4"},"down":{"uv":[7.2,2.4,5.6,4],"texture":"#4"}}},{"from":[5.67157,18,8.5],"to":[8.67157,18.5,11.5],"rotation":{"angle":45,"axis":"y","origin":[5.17157,18,8]},"faces":{"north":{"uv":[6.8,13.2,8,13.4],"texture":"#4"},"east":{"uv":[0,13.6,1.2,13.8],"texture":"#4"},"south":{"uv":[13.6,4.8,14.8,5],"texture":"#4"},"west":{"uv":[13.6,6.8,14.8,7],"texture":"#4"},"up":{"uv":[4.8,7.6,3.6,6.4],"texture":"#4"}}},{"from":[7.995,18.5,5.875],"to":[8.005,23.5,10.125],"rotation":{"angle":0,"axis":"y","origin":[6.995,18.5,5.875]},"faces":{"east":{"uv":[5.3,0,3.6,2],"texture":"#4"},"west":{"uv":[3.6,0,5.3,2],"texture":"#4"}}},{"from":[5.875,18.5,7.995],"to":[10.125,23.5,8.005],"rotation":{"angle":0,"axis":"y","origin":[8,21,8]},"faces":{"north":{"uv":[5.3,0,3.6,2],"texture":"#4"},"south":{"uv":[3.6,0,5.3,2],"texture":"#4"}}}],"gui_light":"front","display":{"thirdperson_righthand":{"translation":[0,3.75,1]},"thirdperson_lefthand":{"translation":[0,3.75,1]},"firstperson_righthand":{"rotation":[-5.75,0,0],"translation":[0.5,3.75,1],"scale":[0.65,0.65,0.65]},"firstperson_lefthand":{"rotation":[-5.75,0,0],"translation":[0.5,3.75,1],"scale":[0.65,0.65,0.65]},"ground":{"rotation":[-45,0,0],"translation":[0,5,0],"scale":[0.6,0.6,0.6]},"gui":{"rotation":[-90,135,90],"translation":[1.5,1.5,0],"scale":[0.7,0.7,0.7]},"head":{"rotation":[0,-90,0]},"fixed":{"rotation":[0,-90,0],"translation":[0,5.75,-2],"scale":[2,2,2]}}}