{"format_version":"1.9.0","credit":"Pologony Creation Co.,Ltd.","texture_size":[44,44],"textures":{"1":"plny_luminite_set:animated/animated_1","2":"plny_luminite_set:animated/animated_3","5":"plny_luminite_set:scythe","particle":"plny_luminite_set:animated/animated_5"},"elements":[{"from":[7.995,14.5,15.66421],"to":[8.005,23.75,19.16421],"light_emission":15,"rotation":{"angle":0,"axis":"y","origin":[7.9955,19.625,16.91421]},"faces":{"east":{"uv":[8.5,6.66667,10.83333,12.83333],"texture":"#1"},"west":{"uv":[10.83333,6.66667,8.5,12.83333],"texture":"#1"}}},{"from":[7.995,12.05218,-8.00603],"to":[8.005,19.05218,3.99397],"rotation":{"angle":-22.5,"axis":"x","origin":[8,16.05218,-0.00603]},"faces":{"east":{"uv":[4.36364,0,0,2.54545],"texture":"#5"},"west":{"uv":[0,0,4.36364,2.54545],"texture":"#5"}}},{"from":[7.745,10.55218,-9.00603],"to":[8.255,19.55218,3.99397],"light_emission":15,"rotation":{"angle":-22.5,"axis":"x","origin":[8,16.05218,-0.00603]},"faces":{"east":{"uv":[13,0.25,0,9.25],"texture":"#2"},"west":{"uv":[0,0.25,13,9.25],"texture":"#2"}}},{"from":[7.985,15,11],"to":[8.015,21,17],"rotation":{"angle":0,"axis":"y","origin":[7.985,12,11]},"faces":{"east":{"uv":[2.18182,2.90909,0,5.09091],"texture":"#5"},"west":{"uv":[0,2.90909,2.18182,5.09091],"texture":"#5"}}},{"from":[7.5,20.78806,11.00866],"to":[8.5,21.53806,11.75866],"rotation":{"angle":22.5,"axis":"x","origin":[7.5,14.78806,9.25866]},"faces":{"north":{"uv":[3.63636,14.18182,4,14.45455],"texture":"#5"},"east":{"uv":[14.54545,4.36364,14.81818,4.63636],"texture":"#5"},"west":{"uv":[14.54545,5.09091,14.81818,5.36364],"texture":"#5"},"up":{"uv":[4.72727,14.45455,4.36364,14.18182],"texture":"#5"},"down":{"uv":[5.45455,14.18182,5.09091,14.45455],"texture":"#5"}}},{"from":[7.5,18.5,11.95],"to":[8.5,21.5,13.45],"rotation":{"angle":22.5,"axis":"x","origin":[7.5,15.25,9.45]},"faces":{"north":{"uv":[7.27273,9.81818,7.63636,10.90909],"texture":"#5"},"east":{"uv":[3.63636,6.54545,4.18182,7.63636],"texture":"#5"},"south":{"uv":[8,9.81818,8.36364,10.90909],"texture":"#5"},"west":{"uv":[4.72727,6.54545,5.27273,7.63636],"texture":"#5"},"up":{"uv":[13.45455,6.36364,13.09091,5.81818],"texture":"#5"},"down":{"uv":[13.45455,6.90909,13.09091,7.45455],"texture":"#5"}}},{"from":[7.4985,17.21298,11.63611],"to":[8.5015,18.71298,14.13611],"rotation":{"angle":0,"axis":"y","origin":[7.9985,17.96298,13.38611]},"faces":{"north":{"uv":[2.18182,13.09091,2.54545,13.63636],"texture":"#5"},"east":{"uv":[9.09091,4.36364,10,4.90909],"texture":"#5"},"south":{"uv":[13.09091,4.72727,13.45455,5.27273],"texture":"#5"},"west":{"uv":[9.09091,5.45455,10,6],"texture":"#5"},"up":{"uv":[11.27273,10.72727,10.90909,9.81818],"texture":"#5"},"down":{"uv":[11.63636,0,11.27273,0.90909],"texture":"#5"}}},{"from":[7.5,16.25,10.45],"to":[8.5,18.75,11.95],"rotation":{"angle":22.5,"axis":"x","origin":[7.5,15.75,10.95]},"faces":{"north":{"uv":[5.45455,10.90909,5.81818,11.81818],"texture":"#5"},"east":{"uv":[9.09091,2.90909,9.63636,3.81818],"texture":"#5"},"south":{"uv":[6.18182,10.90909,6.54545,11.81818],"texture":"#5"},"west":{"uv":[3.27273,9.09091,3.81818,10],"texture":"#5"}}},{"from":[7.5,15.25,10.45],"to":[8.5,16.25,12.95],"rotation":{"angle":22.5,"axis":"x","origin":[7.5,15.75,10.95]},"faces":{"north":{"uv":[13.81818,11.63636,14.18182,12],"texture":"#5"},"east":{"uv":[10.54545,5.81818,11.45455,6.18182],"texture":"#5"},"south":{"uv":[12.36364,13.81818,12.72727,14.18182],"texture":"#5"},"west":{"uv":[10.54545,9.09091,11.45455,9.45455],"texture":"#5"},"up":{"uv":[2.54545,11.81818,2.18182,10.90909],"texture":"#5"},"down":{"uv":[5.09091,10.90909,4.72727,11.81818],"texture":"#5"}}},{"from":[7.5,16.25,12.45],"to":[8.5,16.75,12.95],"rotation":{"angle":22.5,"axis":"x","origin":[7.5,15.75,10.95]},"faces":{"north":{"uv":[7.27273,14.54545,7.63636,14.72727],"texture":"#5"},"east":{"uv":[9.45455,14.54545,9.63636,14.72727],"texture":"#5"},"south":{"uv":[14.54545,7.27273,14.90909,7.45455],"texture":"#5"},"west":{"uv":[10.18182,14.54545,10.36364,14.72727],"texture":"#5"},"up":{"uv":[8.36364,14.72727,8,14.54545],"texture":"#5"}}},{"from":[7.75,15.75,9],"to":[8.25,17.75,10.5],"rotation":{"angle":22.5,"axis":"x","origin":[7.5,15.75,11.5]},"faces":{"east":{"uv":[6.18182,9.81818,6.72727,10.54545],"texture":"#5"},"south":{"uv":[11.63636,13.81818,11.81818,14.54545],"texture":"#5"},"west":{"uv":[9.81818,6.54545,10.36364,7.27273],"texture":"#5"},"up":{"uv":[3.09091,14.72727,2.90909,14.18182],"texture":"#5"},"down":{"uv":[14.36364,3.27273,14.18182,3.81818],"texture":"#5"}}},{"from":[7.5,14.75,8.25],"to":[8.5,16.25,10],"rotation":{"angle":22.5,"axis":"x","origin":[7.5,15.75,11.5]},"faces":{"north":{"uv":[0.72727,13.09091,1.09091,13.63636],"texture":"#5"},"east":{"uv":[10.18182,2.18182,10.81818,2.72727],"texture":"#5"},"south":{"uv":[1.45455,13.09091,1.81818,13.63636],"texture":"#5"},"west":{"uv":[10.18182,3.27273,10.81818,3.81818],"texture":"#5"},"up":{"uv":[6.18182,13,5.81818,12.36364],"texture":"#5"},"down":{"uv":[12.72727,7.27273,12.36364,7.90909],"texture":"#5"}}},{"from":[7.5,17,9],"to":[8.5,18,10],"rotation":{"angle":22.5,"axis":"x","origin":[7.5,15.75,11.5]},"faces":{"north":{"uv":[13.81818,7.27273,14.18182,7.63636],"texture":"#5"},"east":{"uv":[8,13.81818,8.36364,14.18182],"texture":"#5"},"south":{"uv":[8.72727,13.81818,9.09091,14.18182],"texture":"#5"},"west":{"uv":[9.45455,13.81818,9.81818,14.18182],"texture":"#5"},"up":{"uv":[10.54545,14.18182,10.18182,13.81818],"texture":"#5"},"down":{"uv":[11.27273,13.81818,10.90909,14.18182],"texture":"#5"}}},{"from":[8.39,14,4.25],"to":[8.4,23,5.5],"rotation":{"angle":45,"axis":"y","origin":[8.4,17,4.25]},"faces":{"east":{"uv":[6.27273,5.09091,5.81818,8.36364],"texture":"#5"},"west":{"uv":[5.81818,5.09091,6.27273,8.36364],"texture":"#5"}}},{"from":[9.27388,14,5.13388],"to":[9.28388,23,7.88388],"rotation":{"angle":0,"axis":"y","origin":[9.28388,17,5.13388]},"faces":{"east":{"uv":[5.36364,2.90909,4.36364,6.18182],"texture":"#5"},"west":{"uv":[4.36364,2.90909,5.36364,6.18182],"texture":"#5"}}},{"from":[8.39,14,10.5],"to":[8.4,23,11.75],"rotation":{"angle":-45,"axis":"y","origin":[8.4,17,11.75]},"faces":{"east":{"uv":[5.81818,5.09091,6.27273,8.36364],"texture":"#5"},"west":{"uv":[6.27273,5.09091,5.81818,8.36364],"texture":"#5"}}},{"from":[9.27388,14,8.11612],"to":[9.28388,23,10.86612],"rotation":{"angle":0,"axis":"y","origin":[9.28388,17,10.86612]},"faces":{"east":{"uv":[4.36364,2.90909,5.36364,6.18182],"texture":"#5"},"west":{"uv":[5.36364,2.90909,4.36364,6.18182],"texture":"#5"}}},{"from":[7.6,14,10.5],"to":[7.61,23,11.75],"rotation":{"angle":45,"axis":"y","origin":[7.6,17,11.75]},"faces":{"east":{"uv":[5.81818,5.09091,6.27273,8.36364],"texture":"#5"},"west":{"uv":[6.27273,5.09091,5.81818,8.36364],"texture":"#5"}}},{"from":[6.71612,14,8.11612],"to":[6.72612,23,10.86612],"rotation":{"angle":0,"axis":"y","origin":[6.71612,17,10.86612]},"faces":{"east":{"uv":[4.36364,2.90909,5.36364,6.18182],"texture":"#5"},"west":{"uv":[5.36364,2.90909,4.36364,6.18182],"texture":"#5"}}},{"from":[6.71612,14,5.13388],"to":[6.72612,23,7.88388],"rotation":{"angle":0,"axis":"y","origin":[6.71612,17,5.13388]},"faces":{"east":{"uv":[5.36364,2.90909,4.36364,6.18182],"texture":"#5"},"west":{"uv":[4.36364,2.90909,5.36364,6.18182],"texture":"#5"}}},{"from":[7.6,14,4.25],"to":[7.61,23,5.5],"rotation":{"angle":-45,"axis":"y","origin":[7.6,17,4.25]},"faces":{"east":{"uv":[6.27273,5.09091,5.81818,8.36364],"texture":"#5"},"west":{"uv":[5.81818,5.09091,6.27273,8.36364],"texture":"#5"}}},{"from":[7,16.25,9],"to":[9,17.25,10],"rotation":{"angle":-45,"axis":"x","origin":[8,18.25,8]},"faces":{"east":{"uv":[13.81818,6.54545,14.18182,6.90909],"texture":"#5"},"south":{"uv":[1.81818,12.36364,2.54545,12.72727],"texture":"#5"},"west":{"uv":[7.27273,13.81818,7.63636,14.18182],"texture":"#5"},"down":{"uv":[13.09091,1.81818,12.36364,2.18182],"texture":"#5"}}},{"from":[7,16.25,7],"to":[9,17.25,9],"rotation":{"angle":-45,"axis":"x","origin":[8,18.25,8]},"faces":{"east":{"uv":[0.72727,12.36364,1.45455,12.72727],"texture":"#5"},"west":{"uv":[12.36364,1.09091,13.09091,1.45455],"texture":"#5"},"up":{"uv":[2.90909,9.45455,2.18182,8.72727],"texture":"#5"},"down":{"uv":[6.18182,8.72727,5.45455,9.45455],"texture":"#5"}}},{"from":[7.25,16.75,6.5],"to":[8.75,19.75,9.5],"rotation":{"angle":-45,"axis":"x","origin":[8,18.25,8]},"faces":{"east":{"uv":[2.18182,6.18182,3.27273,7.27273],"texture":"#5"},"west":{"uv":[6.54545,0,7.63636,1.09091],"texture":"#5"}}},{"from":[7,19.25,7],"to":[9,20.25,9],"rotation":{"angle":-45,"axis":"x","origin":[8,18.25,8]},"faces":{"east":{"uv":[12,10.90909,12.72727,11.27273],"texture":"#5"},"west":{"uv":[11.63636,12,12.36364,12.36364],"texture":"#5"},"up":{"uv":[8.72727,7.27273,8,6.54545],"texture":"#5"},"down":{"uv":[8.72727,7.63636,8,8.36364],"texture":"#5"}}},{"from":[7,19.25,9],"to":[9,20.25,10],"rotation":{"angle":-45,"axis":"x","origin":[8,18.25,8]},"faces":{"east":{"uv":[13.81818,5.81818,14.18182,6.18182],"texture":"#5"},"south":{"uv":[12,9.09091,12.72727,9.45455],"texture":"#5"},"west":{"uv":[6.54545,13.81818,6.90909,14.18182],"texture":"#5"},"up":{"uv":[11.27273,12.36364,10.54545,12],"texture":"#5"}}},{"from":[7,16.25,6],"to":[9,17.25,7],"rotation":{"angle":-45,"axis":"x","origin":[8,18.25,8]},"faces":{"north":{"uv":[6.90909,12,7.63636,12.36364],"texture":"#5"},"east":{"uv":[13.81818,4.36364,14.18182,4.72727],"texture":"#5"},"west":{"uv":[13.81818,5.09091,14.18182,5.45455],"texture":"#5"},"down":{"uv":[8.72727,12,8,12.36364],"texture":"#5"}}},{"from":[7,19.25,6],"to":[9,20.25,7],"rotation":{"angle":-45,"axis":"x","origin":[8,18.25,8]},"faces":{"north":{"uv":[12,5.81818,12.72727,6.18182],"texture":"#5"},"east":{"uv":[13.45455,9.81818,13.81818,10.18182],"texture":"#5"},"west":{"uv":[13.81818,0,14.18182,0.36364],"texture":"#5"},"up":{"uv":[12.72727,6.90909,12,6.54545],"texture":"#5"}}},{"from":[7,17.25,9],"to":[9,19.25,10],"rotation":{"angle":-45,"axis":"x","origin":[8,18.25,8]},"faces":{"north":{"uv":[8,4.36364,8.72727,5.09091],"texture":"#5"},"east":{"uv":[0,12,0.36364,12.72727],"texture":"#5"},"south":{"uv":[8,5.45455,8.72727,6.18182],"texture":"#5"},"west":{"uv":[12,0,12.36364,0.72727],"texture":"#5"}}},{"from":[7,17.25,6],"to":[9,19.25,7],"rotation":{"angle":-45,"axis":"x","origin":[8,18.25,8]},"faces":{"north":{"uv":[8,3.27273,8.72727,4],"texture":"#5"},"east":{"uv":[9.81818,11.63636,10.18182,12.36364],"texture":"#5"},"south":{"uv":[4.36364,8,5.09091,8.72727],"texture":"#5"},"west":{"uv":[11.63636,9.81818,12,10.54545],"texture":"#5"}}},{"from":[7.4985,-4.95238,9.72603],"to":[8.5015,-4.15238,10.47603],"rotation":{"angle":-22.5,"axis":"x","origin":[7.9985,-4.57738,10.10103]},"faces":{"north":{"uv":[14.54545,1.81818,14.18182,2.09091],"texture":"#5"},"east":{"uv":[14.45455,9.81818,14.18182,10.09091],"texture":"#5"},"south":{"uv":[1.81818,14.18182,1.45455,14.45455],"texture":"#5"},"west":{"uv":[14.81818,0,14.54545,0.27273],"texture":"#5"},"up":{"uv":[2.54545,14.18182,2.18182,14.45455],"texture":"#5"},"down":{"uv":[14.54545,2.81818,14.18182,2.54545],"texture":"#5"}}},{"from":[7.5,-3.75,9.75],"to":[8.5,-3.5,10],"rotation":{"angle":45,"axis":"x","origin":[7.5,-4.25,9]},"faces":{"east":{"uv":[14.63636,10.54545,14.54545,10.63636],"texture":"#5"},"west":{"uv":[11,14.54545,10.90909,14.63636],"texture":"#5"}}},{"from":[7.5,-3.5,9],"to":[8.5,-2.5,10.5],"rotation":{"angle":45,"axis":"x","origin":[7.5,-4.25,9]},"faces":{"east":{"uv":[12.90909,8.36364,12.36364,8.72727],"texture":"#5"},"south":{"uv":[13.81818,8,13.45455,8.36364],"texture":"#5"},"west":{"uv":[13.27273,11.63636,12.72727,12],"texture":"#5"},"up":{"uv":[12.72727,12.72727,12.36364,13.27273],"texture":"#5"},"down":{"uv":[0.36364,13.63636,0,13.09091],"texture":"#5"}}},{"from":[7.5,-4.5,7.5],"to":[8.5,-2.5,9],"rotation":{"angle":45,"axis":"x","origin":[7.5,-4.25,9]},"faces":{"north":{"uv":[9.45455,11.63636,9.09091,12.36364],"texture":"#5"},"east":{"uv":[2.72727,9.81818,2.18182,10.54545],"texture":"#5"},"south":{"uv":[4.36364,11.27273,4,12],"texture":"#5"},"west":{"uv":[5.63636,9.81818,5.09091,10.54545],"texture":"#5"},"up":{"uv":[11.27273,12.72727,10.90909,13.27273],"texture":"#5"},"down":{"uv":[12,13.27273,11.63636,12.72727],"texture":"#5"}}},{"from":[7.985,-8.75,8.41421],"to":[8.015,-1.5,11.91421],"rotation":{"angle":0,"axis":"y","origin":[7.9855,-4.625,9.66421]},"faces":{"east":{"uv":[2.54545,2.90909,3.81818,5.54545],"texture":"#5"},"west":{"uv":[3.81818,2.90909,2.54545,5.54545],"texture":"#5"}}},{"from":[7.4985,-4.95238,5.52397],"to":[8.5015,-4.15238,6.27397],"rotation":{"angle":22.5,"axis":"x","origin":[7.9985,-4.57738,5.89897]},"faces":{"north":{"uv":[1.45455,14.18182,1.81818,14.45455],"texture":"#5"},"east":{"uv":[14.18182,9.81818,14.45455,10.09091],"texture":"#5"},"south":{"uv":[14.18182,1.81818,14.54545,2.09091],"texture":"#5"},"west":{"uv":[14.54545,0,14.81818,0.27273],"texture":"#5"},"up":{"uv":[2.54545,14.45455,2.18182,14.18182],"texture":"#5"},"down":{"uv":[14.54545,2.54545,14.18182,2.81818],"texture":"#5"}}},{"from":[7.5,-3.75,6],"to":[8.5,-3.5,6.25],"rotation":{"angle":-45,"axis":"x","origin":[7.5,-4.25,7]},"faces":{"east":{"uv":[14.54545,10.54545,14.63636,10.63636],"texture":"#5"},"west":{"uv":[10.90909,14.54545,11,14.63636],"texture":"#5"}}},{"from":[7.5,-3.5,5.5],"to":[8.5,-2.5,7],"rotation":{"angle":-45,"axis":"x","origin":[7.5,-4.25,7]},"faces":{"north":{"uv":[13.45455,8,13.81818,8.36364],"texture":"#5"},"east":{"uv":[12.36364,8.36364,12.90909,8.72727],"texture":"#5"},"west":{"uv":[12.72727,11.63636,13.27273,12],"texture":"#5"},"up":{"uv":[12.72727,13.27273,12.36364,12.72727],"texture":"#5"},"down":{"uv":[0.36364,13.09091,0,13.63636],"texture":"#5"}}},{"from":[7.5,-4.5,7],"to":[8.5,-2.5,8.5],"rotation":{"angle":-45,"axis":"x","origin":[7.5,-4.25,7]},"faces":{"north":{"uv":[4,11.27273,4.36364,12],"texture":"#5"},"east":{"uv":[2.18182,9.81818,2.72727,10.54545],"texture":"#5"},"south":{"uv":[9.09091,11.63636,9.45455,12.36364],"texture":"#5"},"west":{"uv":[5.09091,9.81818,5.63636,10.54545],"texture":"#5"},"up":{"uv":[11.27273,13.27273,10.90909,12.72727],"texture":"#5"},"down":{"uv":[12,12.72727,11.63636,13.27273],"texture":"#5"}}},{"from":[7.995,-8.5,2.58579],"to":[8.005,0.75,6.08579],"light_emission":15,"rotation":{"angle":0,"axis":"y","origin":[7.9955,-3.375,4.83579]},"faces":{"east":{"uv":[10.83333,6.66667,8.5,12.83333],"texture":"#1"},"west":{"uv":[8.5,6.66667,10.83333,12.83333],"texture":"#1"}}},{"from":[7.995,-8.5,9.91421],"to":[8.005,0.75,13.41421],"light_emission":15,"rotation":{"angle":0,"axis":"y","origin":[7.9955,-3.375,11.16421]},"faces":{"east":{"uv":[8.5,6.66667,10.83333,12.83333],"texture":"#1"},"west":{"uv":[10.83333,6.66667,8.5,12.83333],"texture":"#1"}}},{"from":[7.985,-8.75,4.08579],"to":[8.015,-1.5,7.58579],"rotation":{"angle":0,"axis":"y","origin":[7.9855,-4.625,6.33579]},"faces":{"east":{"uv":[3.81818,2.90909,2.54545,5.54545],"texture":"#5"},"west":{"uv":[2.54545,2.90909,3.81818,5.54545],"texture":"#5"}}},{"from":[6.43934,15.5,7.5],"to":[8.93934,16,10],"rotation":{"angle":45,"axis":"y","origin":[6.93934,14,8]},"faces":{"north":{"uv":[13.09091,9.09091,14,9.27273],"texture":"#5"},"east":{"uv":[13.09091,10.90909,14,11.09091],"texture":"#5"},"south":{"uv":[13.09091,12.36364,14,12.54545],"texture":"#5"},"west":{"uv":[13.09091,13.09091,14,13.27273],"texture":"#5"},"up":{"uv":[7.45455,2.36364,6.54545,1.45455],"texture":"#5"},"down":{"uv":[7.45455,2.90909,6.54545,3.81818],"texture":"#5"}}},{"from":[6.68934,14.5,7.75],"to":[8.68934,15.5,9.75],"rotation":{"angle":45,"axis":"y","origin":[6.93934,14,8]},"faces":{"north":{"uv":[11.27273,7.63636,12,8],"texture":"#5"},"east":{"uv":[8,11.27273,8.72727,11.63636],"texture":"#5"},"south":{"uv":[11.27273,8.36364,12,8.72727],"texture":"#5"},"west":{"uv":[10.90909,11.27273,11.63636,11.63636],"texture":"#5"},"down":{"uv":[4,8,3.27273,8.72727],"texture":"#5"}}},{"from":[7.32322,13,7.5],"to":[8.57322,14.5,8.75],"rotation":{"angle":45,"axis":"y","origin":[7.82322,6.5,8]},"faces":{"north":{"uv":[12.36364,2.54545,12.81818,3.09091],"texture":"#5"},"east":{"uv":[2.90909,12.36364,3.36364,12.90909],"texture":"#5"},"south":{"uv":[12.36364,3.63636,12.81818,4.18182],"texture":"#5"},"west":{"uv":[4,12.36364,4.45455,12.90909],"texture":"#5"},"up":{"uv":[12.81818,10.27273,12.36364,9.81818],"texture":"#5"},"down":{"uv":[13.18182,0,12.72727,0.45455],"texture":"#5"}}},{"from":[7.5,0,7.5],"to":[8.5,13,8.5],"rotation":{"angle":45,"axis":"y","origin":[8,-4,8]},"faces":{"north":{"uv":[0,5.45455,0.36364,10.18182],"texture":"#5"},"east":{"uv":[0.72727,5.45455,1.09091,10.18182],"texture":"#5"},"south":{"uv":[1.45455,5.45455,1.81818,10.18182],"texture":"#5"},"west":{"uv":[5.81818,0,6.18182,4.72727],"texture":"#5"}}},{"from":[7.25,-1.5,7.25],"to":[8.75,0,8.75],"rotation":{"angle":45,"axis":"y","origin":[8,-4,8]},"faces":{"north":{"uv":[10.90909,6.54545,11.45455,7.09091],"texture":"#5"},"east":{"uv":[0.72727,11.27273,1.27273,11.81818],"texture":"#5"},"south":{"uv":[11.27273,1.45455,11.81818,2],"texture":"#5"},"west":{"uv":[11.27273,2.54545,11.81818,3.09091],"texture":"#5"},"up":{"uv":[3.45455,11.81818,2.90909,11.27273],"texture":"#5"}}},{"from":[7,-2.5,7],"to":[9,-1.5,9],"rotation":{"angle":45,"axis":"y","origin":[8,-4,8]},"faces":{"north":{"uv":[11.27273,3.63636,12,4],"texture":"#5"},"east":{"uv":[11.27273,4.36364,12,4.72727],"texture":"#5"},"south":{"uv":[11.27273,5.09091,12,5.45455],"texture":"#5"},"west":{"uv":[6.90909,11.27273,7.63636,11.63636],"texture":"#5"},"up":{"uv":[8.72727,1.81818,8,1.09091],"texture":"#5"},"down":{"uv":[8.72727,2.18182,8,2.90909],"texture":"#5"}}},{"from":[7.5,17,6],"to":[8.5,18,7],"rotation":{"angle":-22.5,"axis":"x","origin":[7.5,15.75,4.5]},"faces":{"north":{"uv":[2.90909,13.45455,3.27273,13.81818],"texture":"#5"},"east":{"uv":[3.63636,13.45455,4,13.81818],"texture":"#5"},"south":{"uv":[13.45455,3.63636,13.81818,4],"texture":"#5"},"west":{"uv":[4.36364,13.45455,4.72727,13.81818],"texture":"#5"},"up":{"uv":[5.45455,13.81818,5.09091,13.45455],"texture":"#5"},"down":{"uv":[6.18182,13.45455,5.81818,13.81818],"texture":"#5"}}},{"from":[7.5,14.75,6],"to":[8.5,16.25,7.75],"rotation":{"angle":-22.5,"axis":"x","origin":[7.5,15.75,4.5]},"faces":{"north":{"uv":[9.45455,12.72727,9.81818,13.27273],"texture":"#5"},"east":{"uv":[10.18182,0,10.81818,0.54545],"texture":"#5"},"south":{"uv":[10.18182,12.72727,10.54545,13.27273],"texture":"#5"},"west":{"uv":[10.18182,1.09091,10.81818,1.63636],"texture":"#5"},"up":{"uv":[12.72727,5.36364,12.36364,4.72727],"texture":"#5"},"down":{"uv":[5.45455,12.36364,5.09091,13],"texture":"#5"}}},{"from":[7.75,15.75,5.5],"to":[8.25,17.75,7],"rotation":{"angle":-22.5,"axis":"x","origin":[7.5,15.75,4.5]},"faces":{"north":{"uv":[13.45455,2.54545,13.63636,3.27273],"texture":"#5"},"east":{"uv":[9.45455,8,10,8.72727],"texture":"#5"},"west":{"uv":[9.45455,9.09091,10,9.81818],"texture":"#5"},"up":{"uv":[0.90909,14.72727,0.72727,14.18182],"texture":"#5"},"down":{"uv":[14.36364,0.72727,14.18182,1.27273],"texture":"#5"}}},{"from":[7.5,16.25,3.05],"to":[8.5,16.75,3.55],"rotation":{"angle":-22.5,"axis":"x","origin":[7.5,15.75,5.05]},"faces":{"north":{"uv":[14.54545,5.81818,14.90909,6],"texture":"#5"},"east":{"uv":[8.72727,14.54545,8.90909,14.72727],"texture":"#5"},"south":{"uv":[6.54545,14.54545,6.90909,14.72727],"texture":"#5"},"west":{"uv":[14.54545,8.72727,14.72727,8.90909],"texture":"#5"},"up":{"uv":[14.90909,6.72727,14.54545,6.54545],"texture":"#5"}}},{"from":[7.5,15.25,3.05],"to":[8.5,16.25,5.55],"rotation":{"angle":-22.5,"axis":"x","origin":[7.5,15.75,5.05]},"faces":{"north":{"uv":[13.45455,1.09091,13.81818,1.45455],"texture":"#5"},"east":{"uv":[0.72727,10.54545,1.63636,10.90909],"texture":"#5"},"south":{"uv":[13.45455,1.81818,13.81818,2.18182],"texture":"#5"},"west":{"uv":[3.27273,10.54545,4.18182,10.90909],"texture":"#5"},"up":{"uv":[10.90909,5.27273,10.54545,4.36364],"texture":"#5"},"down":{"uv":[10.90909,7.63636,10.54545,8.54545],"texture":"#5"}}},{"from":[7.5,16.25,4.05],"to":[8.5,18.75,5.55],"rotation":{"angle":-22.5,"axis":"x","origin":[7.5,15.75,5.05]},"faces":{"north":{"uv":[10.18182,10.18182,10.54545,11.09091],"texture":"#5"},"east":{"uv":[9.09091,0,9.63636,0.90909],"texture":"#5"},"south":{"uv":[0,10.54545,0.36364,11.45455],"texture":"#5"},"west":{"uv":[9.09091,1.45455,9.63636,2.36364],"texture":"#5"}}},{"from":[7.4985,17.21298,1.86389],"to":[8.5015,18.71298,4.36389],"rotation":{"angle":0,"axis":"y","origin":[7.9985,17.96298,2.61389]},"faces":{"north":{"uv":[8,12.72727,8.36364,13.27273],"texture":"#5"},"east":{"uv":[6.54545,8.72727,7.45455,9.27273],"texture":"#5"},"south":{"uv":[8.72727,12.72727,9.09091,13.27273],"texture":"#5"},"west":{"uv":[8,8.72727,8.90909,9.27273],"texture":"#5"},"up":{"uv":[9.09091,10.72727,8.72727,9.81818],"texture":"#5"},"down":{"uv":[9.81818,10.18182,9.45455,11.09091],"texture":"#5"}}},{"from":[7.5,18.5,2.55],"to":[8.5,21.5,4.05],"rotation":{"angle":-22.5,"axis":"x","origin":[7.5,15.25,6.55]},"faces":{"north":{"uv":[4.36364,9.09091,4.72727,10.18182],"texture":"#5"},"east":{"uv":[4.72727,0,5.27273,1.09091],"texture":"#5"},"south":{"uv":[9.09091,6.54545,9.45455,7.63636],"texture":"#5"},"west":{"uv":[4.72727,1.45455,5.27273,2.54545],"texture":"#5"},"up":{"uv":[6.90909,13.27273,6.54545,12.72727],"texture":"#5"},"down":{"uv":[7.63636,12.72727,7.27273,13.27273],"texture":"#5"}}},{"from":[7.5,20.78806,4.24134],"to":[8.5,21.53806,4.99134],"rotation":{"angle":-22.5,"axis":"x","origin":[7.5,14.78806,6.74134]},"faces":{"east":{"uv":[5.81818,14.18182,6.09091,14.45455],"texture":"#5"},"south":{"uv":[13.09091,13.81818,13.45455,14.09091],"texture":"#5"},"west":{"uv":[14.18182,8,14.45455,8.27273],"texture":"#5"},"up":{"uv":[14.18182,14.09091,13.81818,13.81818],"texture":"#5"},"down":{"uv":[0.36364,14.18182,0,14.45455],"texture":"#5"}}},{"from":[7,-4.25,7],"to":[9,-2.25,9],"rotation":{"angle":-45,"axis":"x","origin":[8,-3.25,8]},"faces":{"north":{"uv":[6.90909,4.36364,7.63636,5.09091],"texture":"#5"},"east":{"uv":[6.90909,5.45455,7.63636,6.18182],"texture":"#5"},"south":{"uv":[6.90909,6.54545,7.63636,7.27273],"texture":"#5"},"west":{"uv":[2.18182,7.63636,2.90909,8.36364],"texture":"#5"},"up":{"uv":[7.63636,8.36364,6.90909,7.63636],"texture":"#5"},"down":{"uv":[8.72727,0,8,0.72727],"texture":"#5"}}}],"gui_light":"front","display":{"thirdperson_righthand":{"translation":[0,1.25,1]},"thirdperson_lefthand":{"translation":[0,1.25,1]},"firstperson_righthand":{"rotation":[-5.75,0,0],"translation":[1.75,2.75,1.25],"scale":[0.65,0.65,0.65]},"firstperson_lefthand":{"rotation":[-5.75,0,0],"translation":[1.75,2.75,1.25],"scale":[0.65,0.65,0.65]},"ground":{"rotation":[-45,0,0],"translation":[0,5,0],"scale":[0.6,0.6,0.6]},"gui":{"rotation":[-90,135,90],"translation":[-0.75,-0.75,0],"scale":[0.58,0.58,0.58]},"head":{"rotation":[0,-90,0]},"fixed":{"rotation":[0,-90,0],"translation":[0,0,-2],"scale":[2,2,2]}}}