{"format_version":"1.9.0","credit":"Pologony Creation Co.,Ltd.","texture_size":[40,40],"textures":{"1":"plny_luminite_set:animated/animated_1","2":"plny_luminite_set:shield","particle":"plny_luminite_set:shield"},"elements":[{"from":[10.7994,3.2006,10.13944],"to":[12.7994,5.2006,12.13944],"rotation":{"angle":-45,"axis":"z","origin":[8,8,8]},"faces":{"north":{"uv":[3.33333,10,4,10.66667],"texture":"#2"},"east":{"uv":[5.33333,9.66667,6,10.33333],"texture":"#2"},"south":{"uv":[6.33333,9.66667,7,10.33333],"texture":"#2"},"west":{"uv":[2.33333,10,3,10.66667],"texture":"#2"},"up":{"uv":[10.66667,4,10,3.33333],"rotation":90,"texture":"#2"},"down":{"uv":[5,10,4.33333,10.66667],"rotation":270,"texture":"#2"}}},{"from":[10.09489,10.09489,10.13944],"to":[12.09489,12.09489,12.13944],"rotation":{"angle":45,"axis":"z","origin":[8,8,8]},"faces":{"north":{"uv":[2.33333,11,3,11.66667],"texture":"#2"},"east":{"uv":[11,0,11.66667,0.66667],"texture":"#2"},"south":{"uv":[11,1,11.66667,1.66667],"texture":"#2"},"west":{"uv":[1.33333,11,2,11.66667],"texture":"#2"},"up":{"uv":[11.66667,3.66667,11,3],"rotation":90,"texture":"#2"},"down":{"uv":[4,11,3.33333,11.66667],"rotation":270,"texture":"#2"}}},{"from":[10.34489,10.34489,6.38944],"to":[11.84489,11.84489,10.13944],"rotation":{"angle":45,"axis":"z","origin":[8,8,8]},"faces":{"east":{"uv":[8.66667,8,9.91667,8.5],"texture":"#2"},"west":{"uv":[8.66667,9,9.91667,9.5],"texture":"#2"},"up":{"uv":[10.58333,0.5,9.33333,0],"rotation":90,"texture":"#2"},"down":{"uv":[10.58333,1,9.33333,1.5],"rotation":270,"texture":"#2"}}},{"from":[11.0494,3.4506,6.38944],"to":[12.5494,4.9506,10.13944],"rotation":{"angle":-45,"axis":"z","origin":[8,8,8]},"faces":{"east":{"uv":[8.66667,8.5,9.91667,8],"texture":"#2"},"west":{"uv":[8.66667,9.5,9.91667,9],"texture":"#2"},"up":{"uv":[10.58333,1.5,9.33333,1],"rotation":90,"texture":"#2"},"down":{"uv":[10.58333,0,9.33333,0.5],"rotation":270,"texture":"#2"}}},{"from":[4.78008,3.37684,9.21992],"to":[6.78008,4.37684,11.21992],"rotation":{"angle":45,"axis":"y","origin":[8,8,8]},"faces":{"north":{"uv":[12.33333,5.66667,13,6],"texture":"#2"},"east":{"uv":[12,1.33333,12.66667,1.66667],"texture":"#2"},"south":{"uv":[12.33333,2,13,2.33333],"texture":"#2"},"west":{"uv":[12.33333,5,13,5.33333],"texture":"#2"},"up":{"uv":[10.66667,5,10,4.33333],"rotation":90,"texture":"#2"},"down":{"uv":[10.66667,5.33333,10,6],"rotation":270,"texture":"#2"}}},{"from":[5.03008,4.37684,9.46992],"to":[6.53008,5.87684,10.96992],"rotation":{"angle":45,"axis":"y","origin":[8,8,8]},"faces":{"north":{"uv":[12,7.33333,12.5,7.83333],"texture":"#2"},"east":{"uv":[12,3,12.5,3.5],"texture":"#2"},"south":{"uv":[3.33333,12,3.83333,12.5],"texture":"#2"},"west":{"uv":[12,4,12.5,4.5],"texture":"#2"},"up":{"uv":[8.5,12.5,8,12],"rotation":90,"texture":"#2"}}},{"from":[5.28008,5.87684,9.71992],"to":[6.28008,8.37684,10.71992],"rotation":{"angle":45,"axis":"y","origin":[8,8,8]},"faces":{"north":{"uv":[6.66667,11.66667,7,12.5],"texture":"#2"},"east":{"uv":[11.33333,11.33333,11.66667,12.16667],"texture":"#2"},"south":{"uv":[5.33333,11.66667,5.66667,12.5],"texture":"#2"},"west":{"uv":[6,11.66667,6.33333,12.5],"texture":"#2"}}},{"from":[5.15508,8.37684,9.59492],"to":[6.40508,9.87684,10.84492],"rotation":{"angle":45,"axis":"y","origin":[8,8,8]},"faces":{"north":{"uv":[13.33333,5,13.75,5.5],"texture":"#2"},"east":{"uv":[13.33333,0,13.75,0.5],"texture":"#2"},"south":{"uv":[1.33333,13.33333,1.75,13.83333],"texture":"#2"},"west":{"uv":[2.33333,13.33333,2.75,13.83333],"texture":"#2"},"up":{"uv":[13.75,11.41667,13.33333,11],"rotation":90,"texture":"#2"},"down":{"uv":[12.41667,13.33333,12,13.75],"rotation":270,"texture":"#2"}}},{"from":[4.78008,9.87684,9.21992],"to":[6.78008,10.87684,11.21992],"rotation":{"angle":45,"axis":"y","origin":[8,8,8]},"faces":{"north":{"uv":[10.33333,12.33333,11,12.66667],"texture":"#2"},"east":{"uv":[12.33333,6.33333,13,6.66667],"texture":"#2"},"south":{"uv":[12.33333,8.33333,13,8.66667],"texture":"#2"},"west":{"uv":[12.33333,9,13,9.33333],"texture":"#2"},"down":{"uv":[10.66667,6.33333,10,7],"rotation":270,"texture":"#2"}}},{"from":[4.53008,10.87684,8.96992],"to":[7.03008,11.37684,11.46992],"rotation":{"angle":45,"axis":"y","origin":[8,8,8]},"faces":{"north":{"uv":[14,3.66667,14.83333,3.83333],"texture":"#2"},"east":{"uv":[10.33333,13.66667,11.16667,13.83333],"texture":"#2"},"south":{"uv":[13.66667,13,14.5,13.16667],"texture":"#2"},"west":{"uv":[13.66667,13.66667,14.5,13.83333],"texture":"#2"},"up":{"uv":[9.5,6.16667,8.66667,5.33333],"rotation":90,"texture":"#2"},"down":{"uv":[9.5,6.66667,8.66667,7.5],"rotation":270,"texture":"#2"}}},{"from":[8.41421,-2.87316,11.12444],"to":[11.91421,4.37684,11.15444],"rotation":{"angle":0,"axis":"y","origin":[8,8,8]},"faces":{"north":{"uv":[1.33333,6.66667,2.5,9.08333],"texture":"#2"},"south":{"uv":[2.5,6.66667,1.33333,9.08333],"texture":"#2"}}},{"from":[9.91421,-2.62316,11.13444],"to":[13.41421,6.62684,11.14444],"light_emission":15,"rotation":{"angle":0,"axis":"y","origin":[8,8,8]},"faces":{"north":{"uv":[8.5,6.66667,10.83333,12.83333],"texture":"#1"},"south":{"uv":[10.83333,6.66667,8.5,12.83333],"texture":"#1"}}},{"from":[2.58579,-2.62316,11.13444],"to":[6.08579,6.62684,11.14444],"light_emission":15,"rotation":{"angle":0,"axis":"y","origin":[8,8,8]},"faces":{"north":{"uv":[10.83333,6.66667,8.5,12.83333],"texture":"#1"},"south":{"uv":[8.5,6.66667,10.83333,12.83333],"texture":"#1"}}},{"from":[11.91421,12.06434,6.13444],"to":[16.41421,21.31434,6.14444],"light_emission":15,"rotation":{"angle":0,"axis":"y","origin":[8,8,8]},"faces":{"north":{"uv":[8.5,0,11.5,6.16667],"texture":"#1"},"south":{"uv":[11.5,0,8.5,6.16667],"texture":"#1"}}},{"from":[-0.41421,12.06434,6.13444],"to":[4.08579,21.31434,6.14444],"light_emission":15,"rotation":{"angle":0,"axis":"y","origin":[8,8,8]},"faces":{"north":{"uv":[11.5,0,8.5,6.16667],"texture":"#1"},"south":{"uv":[8.5,0,11.5,6.16667],"texture":"#1"}}},{"from":[11.71361,3.9506,10.63944],"to":[13.21361,5.9506,11.63944],"rotation":{"angle":-45,"axis":"z","origin":[8,8,8]},"faces":{"north":{"uv":[9.33333,11,9.83333,11.66667],"texture":"#2"},"east":{"uv":[12.66667,0,13,0.66667],"texture":"#2"},"south":{"uv":[8.33333,11,8.83333,11.66667],"texture":"#2"},"west":{"uv":[11.33333,12.66667,11.66667,13.33333],"texture":"#2"},"up":{"uv":[13.66667,12.5,13.33333,12],"rotation":90,"texture":"#2"},"down":{"uv":[13.33333,13.33333,13,13.83333],"rotation":270,"texture":"#2"}}},{"from":[13.21361,4.9506,10.63944],"to":[14.71361,5.9506,11.63944],"rotation":{"angle":-45,"axis":"z","origin":[8,8,8]},"faces":{"north":{"uv":[13.66667,1,14.16667,1.33333],"texture":"#2"},"east":{"uv":[9.33333,3.33333,9.66667,3.66667],"texture":"#2"},"south":{"uv":[13.33333,2,13.83333,2.33333],"texture":"#2"},"up":{"uv":[14,3.16667,13.66667,2.66667],"rotation":90,"texture":"#2"},"down":{"uv":[3.66667,13.66667,3.33333,14.16667],"rotation":270,"texture":"#2"}}},{"from":[13.96361,4.7006,10.63944],"to":[14.21361,4.9506,11.63944],"rotation":{"angle":-45,"axis":"z","origin":[8,8,8]},"faces":{"north":{"uv":[14.66667,7,14.75,7.08333],"texture":"#2"},"south":{"uv":[6.66667,14.66667,6.75,14.75],"texture":"#2"}}},{"from":[7.00191,0.63048,10.63794],"to":[7.75191,1.43048,11.64094],"rotation":{"angle":22.5,"axis":"z","origin":[8,8,8]},"faces":{"north":{"uv":[14.66667,0.66667,14.91667,0.91667],"texture":"#2"},"east":{"uv":[10.33333,14.33333,10.66667,14.58333],"texture":"#2"},"south":{"uv":[14.33333,14.33333,14.58333,14.58333],"texture":"#2"},"west":{"uv":[11,14.33333,11.33333,14.58333],"texture":"#2"},"up":{"uv":[14.66667,11.25,14.33333,11],"rotation":90,"texture":"#2"},"down":{"uv":[12,14.33333,11.66667,14.58333],"rotation":270,"texture":"#2"}}},{"from":[4.08579,-2.87316,11.12444],"to":[7.58579,4.37684,11.15444],"rotation":{"angle":0,"axis":"y","origin":[8,8,8]},"faces":{"north":{"uv":[2.5,6.66667,1.33333,9.08333],"texture":"#2"},"south":{"uv":[1.33333,6.66667,2.5,9.08333],"texture":"#2"}}},{"from":[2.78639,3.9506,10.63944],"to":[4.28639,5.9506,11.63944],"rotation":{"angle":45,"axis":"z","origin":[8,8,8]},"faces":{"north":{"uv":[9.83333,11,9.33333,11.66667],"texture":"#2"},"east":{"uv":[11.66667,12.66667,11.33333,13.33333],"texture":"#2"},"south":{"uv":[8.83333,11,8.33333,11.66667],"texture":"#2"},"west":{"uv":[13,0,12.66667,0.66667],"texture":"#2"},"up":{"uv":[13.66667,12,13.33333,12.5],"rotation":90,"texture":"#2"},"down":{"uv":[13.33333,13.83333,13,13.33333],"rotation":270,"texture":"#2"}}},{"from":[1.28639,4.9506,10.63944],"to":[2.78639,5.9506,11.63944],"rotation":{"angle":45,"axis":"z","origin":[8,8,8]},"faces":{"north":{"uv":[14.16667,1,13.66667,1.33333],"texture":"#2"},"south":{"uv":[13.83333,2,13.33333,2.33333],"texture":"#2"},"west":{"uv":[9.66667,3.33333,9.33333,3.66667],"texture":"#2"},"up":{"uv":[14,2.66667,13.66667,3.16667],"rotation":90,"texture":"#2"},"down":{"uv":[3.66667,14.16667,3.33333,13.66667],"rotation":270,"texture":"#2"}}},{"from":[1.78639,4.7006,10.63944],"to":[2.03639,4.9506,11.63944],"rotation":{"angle":45,"axis":"z","origin":[8,8,8]},"faces":{"north":{"uv":[14.75,7,14.66667,7.08333],"texture":"#2"},"south":{"uv":[6.75,14.66667,6.66667,14.75],"texture":"#2"}}},{"from":[8.24809,0.63048,10.63794],"to":[8.99809,1.43048,11.64094],"rotation":{"angle":-22.5,"axis":"z","origin":[8,8,8]},"faces":{"north":{"uv":[14.91667,0.66667,14.66667,0.91667],"texture":"#2"},"east":{"uv":[11.33333,14.33333,11,14.58333],"texture":"#2"},"south":{"uv":[14.58333,14.33333,14.33333,14.58333],"texture":"#2"},"west":{"uv":[10.66667,14.33333,10.33333,14.58333],"texture":"#2"},"up":{"uv":[14.66667,11,14.33333,11.25],"rotation":90,"texture":"#2"},"down":{"uv":[12,14.58333,11.66667,14.33333],"rotation":270,"texture":"#2"}}},{"from":[6.12584,15.63502,5.88944],"to":[8.12584,17.63502,6.38944],"rotation":{"angle":-22.5,"axis":"z","origin":[8,8,8]},"faces":{"north":{"uv":[9.66667,10,10.33333,10.66667],"texture":"#2"},"east":{"uv":[14,6,14.16667,6.66667],"texture":"#2"},"south":{"uv":[8.66667,10,9.33333,10.66667],"texture":"#2"},"up":{"uv":[14.16667,7.66667,14,7],"rotation":90,"texture":"#2"},"down":{"uv":[14.16667,8,14,8.66667],"rotation":270,"texture":"#2"}}},{"from":[5.37584,14.63502,5.63944],"to":[7.12584,16.13502,6.63944],"rotation":{"angle":-22.5,"axis":"z","origin":[8,8,8]},"faces":{"north":{"uv":[10.33333,11.33333,10.91667,11.83333],"texture":"#2"},"east":{"uv":[5,13.66667,5.33333,14.16667],"texture":"#2"},"south":{"uv":[11.33333,2,11.91667,2.5],"texture":"#2"},"west":{"uv":[5.66667,13.66667,6,14.16667],"texture":"#2"},"up":{"uv":[13.66667,6.58333,13.33333,6],"rotation":90,"texture":"#2"},"down":{"uv":[13.66667,8.33333,13.33333,8.91667],"rotation":270,"texture":"#2"}}},{"from":[6.12584,16.88502,5.63944],"to":[7.12584,17.88502,6.63944],"rotation":{"angle":-22.5,"axis":"z","origin":[8,8,8]},"faces":{"north":{"uv":[9.66667,14,10,14.33333],"texture":"#2"},"east":{"uv":[14,4.33333,14.33333,4.66667],"texture":"#2"},"south":{"uv":[9,14,9.33333,14.33333],"texture":"#2"},"west":{"uv":[14,9,14.33333,9.33333],"texture":"#2"},"up":{"uv":[14.33333,10,14,9.66667],"rotation":90,"texture":"#2"},"down":{"uv":[14.33333,10.33333,14,10.66667],"rotation":270,"texture":"#2"}}},{"from":[8.12584,16.13502,5.63944],"to":[9.62584,18.63502,6.63944],"rotation":{"angle":-22.5,"axis":"z","origin":[8,8,8]},"faces":{"north":{"uv":[4.33333,11,4.83333,11.83333],"texture":"#2"},"east":{"uv":[7.33333,11.66667,7.66667,12.5],"texture":"#2"},"south":{"uv":[11,4,11.5,4.83333],"texture":"#2"},"west":{"uv":[11.66667,8.66667,12,9.5],"texture":"#2"}}},{"from":[9.93137,17.84906,5.63944],"to":[11.43137,20.84906,6.63944],"rotation":{"angle":-22.5,"axis":"z","origin":[8,8,8]},"faces":{"north":{"uv":[1.33333,9.66667,1.83333,10.66667],"texture":"#2"},"east":{"uv":[6.66667,8.33333,7,9.33333],"texture":"#2"},"south":{"uv":[9.33333,2,9.83333,3],"texture":"#2"},"west":{"uv":[11.33333,7.33333,11.66667,8.33333],"texture":"#2"},"up":{"uv":[6.66667,14.16667,6.33333,13.66667],"rotation":90,"texture":"#2"},"down":{"uv":[7.33333,13.66667,7,14.16667],"rotation":270,"texture":"#2"}}},{"from":[9.18137,20.09906,5.63944],"to":[9.93137,20.84906,6.63944],"rotation":{"angle":-22.5,"axis":"z","origin":[8,8,8]},"faces":{"north":{"uv":[14.66667,4.33333,14.91667,4.58333],"texture":"#2"},"south":{"uv":[3.33333,14.66667,3.58333,14.91667],"texture":"#2"},"west":{"uv":[12.33333,14.33333,12.66667,14.58333],"texture":"#2"},"up":{"uv":[13.33333,14.58333,13,14.33333],"rotation":90,"texture":"#2"},"down":{"uv":[14,14.33333,13.66667,14.58333],"rotation":270,"texture":"#2"}}},{"from":[8.12584,15.13502,5.63944],"to":[10.62584,16.13502,6.63944],"rotation":{"angle":-22.5,"axis":"z","origin":[8,8,8]},"faces":{"north":{"uv":[11.66667,10.66667,12.5,11],"texture":"#2"},"east":{"uv":[14,12,14.33333,12.33333],"texture":"#2"},"south":{"uv":[11.66667,10,12.5,10.33333],"texture":"#2"},"west":{"uv":[14.33333,0,14.66667,0.33333],"texture":"#2"},"up":{"uv":[12.33333,0.83333,12,0],"rotation":90,"texture":"#2"},"down":{"uv":[1.66667,12,1.33333,12.83333],"rotation":270,"texture":"#2"}}},{"from":[10.12584,16.13502,5.63944],"to":[10.62584,16.63502,6.63944],"rotation":{"angle":-22.5,"axis":"z","origin":[8,8,8]},"faces":{"north":{"uv":[14.66667,6.33333,14.83333,6.5],"texture":"#2"},"east":{"uv":[4.66667,14.66667,5,14.83333],"texture":"#2"},"south":{"uv":[6,14.66667,6.16667,14.83333],"texture":"#2"},"west":{"uv":[5.33333,14.66667,5.66667,14.83333],"texture":"#2"},"up":{"uv":[15,5.83333,14.66667,5.66667],"rotation":90,"texture":"#2"}}},{"from":[12.18611,16.27732,5.63794],"to":[14.68611,17.77732,6.64094],"rotation":{"angle":0,"axis":"y","origin":[8,8,8]},"faces":{"north":{"uv":[11,6.33333,11.83333,6.83333],"texture":"#2"},"east":{"uv":[7.66667,13.66667,8,14.16667],"texture":"#2"},"south":{"uv":[11,5.33333,11.83333,5.83333],"texture":"#2"},"west":{"uv":[8.33333,13.66667,8.66667,14.16667],"texture":"#2"},"up":{"uv":[2.33333,12.83333,2,12],"rotation":90,"texture":"#2"},"down":{"uv":[3,12,2.66667,12.83333],"rotation":270,"texture":"#2"}}},{"from":[2.41377,13.58623,5.13944],"to":[3.41377,15.58623,7.13944],"rotation":{"angle":-45,"axis":"z","origin":[8,8,8]},"faces":{"north":{"uv":[12.66667,12.33333,13,13],"texture":"#2"},"east":{"uv":[10.33333,2,11,2.66667],"texture":"#2"},"south":{"uv":[12.66667,11.33333,13,12],"texture":"#2"},"west":{"uv":[10.33333,7.33333,11,8],"texture":"#2"}}},{"from":[-0.58623,13.58623,5.13944],"to":[0.41377,15.58623,7.13944],"rotation":{"angle":-45,"axis":"z","origin":[8,8,8]},"faces":{"north":{"uv":[13,2.66667,13.33333,3.33333],"texture":"#2"},"east":{"uv":[10.33333,8.33333,11,9],"texture":"#2"},"south":{"uv":[13,1,13.33333,1.66667],"texture":"#2"},"west":{"uv":[5.33333,10.66667,6,11.33333],"texture":"#2"}}},{"from":[2.41377,15.58623,5.13944],"to":[3.41377,16.58623,7.13944],"rotation":{"angle":-45,"axis":"z","origin":[8,8,8]},"faces":{"north":{"uv":[14.33333,1.66667,14.66667,2],"texture":"#2"},"east":{"uv":[3.33333,13,4,13.33333],"texture":"#2"},"south":{"uv":[1.33333,14.33333,1.66667,14.66667],"texture":"#2"},"up":{"uv":[13.66667,4,13,3.66667],"rotation":90,"texture":"#2"}}},{"from":[2.41377,12.58623,5.13944],"to":[3.41377,13.58623,7.13944],"rotation":{"angle":-45,"axis":"z","origin":[8,8,8]},"faces":{"north":{"uv":[14.33333,2.33333,14.66667,2.66667],"texture":"#2"},"east":{"uv":[13,4.33333,13.66667,4.66667],"texture":"#2"},"south":{"uv":[2,14.33333,2.33333,14.66667],"texture":"#2"},"down":{"uv":[5.66667,13,5,13.33333],"rotation":270,"texture":"#2"}}},{"from":[-0.58623,15.58623,5.13944],"to":[0.41377,16.58623,7.13944],"rotation":{"angle":-45,"axis":"z","origin":[8,8,8]},"faces":{"north":{"uv":[14.33333,3,14.66667,3.33333],"texture":"#2"},"south":{"uv":[2.66667,14.33333,3,14.66667],"texture":"#2"},"west":{"uv":[6,13,6.66667,13.33333],"texture":"#2"},"up":{"uv":[7.66667,13.33333,7,13],"rotation":90,"texture":"#2"}}},{"from":[0.41377,15.58623,5.13944],"to":[2.41377,16.58623,7.13944],"rotation":{"angle":-45,"axis":"z","origin":[8,8,8]},"faces":{"north":{"uv":[13,7.66667,13.66667,8],"texture":"#2"},"south":{"uv":[13,7,13.66667,7.33333],"texture":"#2"},"up":{"uv":[7,11.33333,6.33333,10.66667],"rotation":90,"texture":"#2"},"down":{"uv":[8,10.66667,7.33333,11.33333],"rotation":270,"texture":"#2"}}},{"from":[-0.08623,13.08623,5.38944],"to":[2.91377,16.08623,6.88944],"rotation":{"angle":-45,"axis":"z","origin":[8,8,8]},"faces":{"north":{"uv":[8.66667,4,9.66667,5],"texture":"#2"},"south":{"uv":[5.33333,8.33333,6.33333,9.33333],"texture":"#2"}}},{"from":[0.41377,12.58623,5.13944],"to":[2.41377,13.58623,7.13944],"rotation":{"angle":-45,"axis":"z","origin":[8,8,8]},"faces":{"north":{"uv":[13,9.66667,13.66667,10],"texture":"#2"},"south":{"uv":[8,13,8.66667,13.33333],"texture":"#2"},"up":{"uv":[11.33333,10,10.66667,9.33333],"rotation":90,"texture":"#2"},"down":{"uv":[11.33333,10.33333,10.66667,11],"rotation":270,"texture":"#2"}}},{"from":[-0.58623,12.58623,5.13944],"to":[0.41377,13.58623,7.13944],"rotation":{"angle":-45,"axis":"z","origin":[8,8,8]},"faces":{"north":{"uv":[14.33333,5,14.66667,5.33333],"texture":"#2"},"south":{"uv":[4,14.33333,4.33333,14.66667],"texture":"#2"},"west":{"uv":[10.33333,13,11,13.33333],"texture":"#2"},"down":{"uv":[13.66667,10.33333,13,10.66667],"rotation":270,"texture":"#2"}}},{"from":[7.97997,13.31434,3.57312],"to":[9.22997,22.31434,3.58312],"rotation":{"angle":-45,"axis":"y","origin":[8,8,8]},"faces":{"north":{"uv":[15.16667,0,15.58333,3],"texture":"#2"},"south":{"uv":[15.58333,0,15.16667,3],"texture":"#2"}}},{"from":[8.36612,13.31434,4.85556],"to":[11.11612,22.31434,4.86556],"rotation":{"angle":0,"axis":"y","origin":[8,8,8]},"faces":{"north":{"uv":[3,6.66667,3.91667,9.66667],"texture":"#2"},"south":{"uv":[3.91667,6.66667,3,9.66667],"texture":"#2"}}},{"from":[4.75,-3.43566,5.89294],"to":[11.25,15.56434,6.38594],"rotation":{"angle":0,"axis":"y","origin":[8,8,8]},"faces":{"north":{"uv":[2.25,0,4.41667,6.33333],"texture":"#2"},"east":{"uv":[7.33333,4,7.5,10.33333],"texture":"#2"},"south":{"uv":[0,0,2.16667,6.33333],"texture":"#2"},"west":{"uv":[8,4,8.16667,10.33333],"texture":"#2"}}},{"from":[9.25,-7.43566,6.13944],"to":[13.75,16.56434,6.14944],"rotation":{"angle":0,"axis":"y","origin":[8,8,8]},"faces":{"north":{"uv":[5.41667,0,6.91667,8],"texture":"#2"},"south":{"uv":[6.91667,0,5.41667,8],"texture":"#2"}}},{"from":[10.75025,-7.43566,2.61852],"to":[13.25025,16.56434,2.62852],"rotation":{"angle":-45,"axis":"y","origin":[8,8,8]},"faces":{"north":{"uv":[4.58333,0,5.41667,8],"texture":"#2"},"south":{"uv":[5.41667,0,4.58333,8],"texture":"#2"}}},{"from":[4.88388,13.31434,4.85556],"to":[7.63388,22.31434,4.86556],"rotation":{"angle":0,"axis":"y","origin":[8,8,8]},"faces":{"north":{"uv":[3.91667,6.66667,3,9.66667],"texture":"#2"},"south":{"uv":[3,6.66667,3.91667,9.66667],"texture":"#2"}}},{"from":[6.77003,13.31434,3.57312],"to":[8.02003,22.31434,3.58312],"rotation":{"angle":45,"axis":"y","origin":[8,8,8]},"faces":{"north":{"uv":[15.58333,0,15.16667,3],"texture":"#2"},"south":{"uv":[15.16667,0,15.58333,3],"texture":"#2"}}},{"from":[4.56863,17.84906,5.63944],"to":[6.06863,20.84906,6.63944],"rotation":{"angle":22.5,"axis":"z","origin":[8,8,8]},"faces":{"north":{"uv":[1.83333,9.66667,1.33333,10.66667],"texture":"#2"},"east":{"uv":[11.66667,7.33333,11.33333,8.33333],"texture":"#2"},"south":{"uv":[9.83333,2,9.33333,3],"texture":"#2"},"west":{"uv":[7,8.33333,6.66667,9.33333],"texture":"#2"},"up":{"uv":[6.66667,13.66667,6.33333,14.16667],"rotation":90,"texture":"#2"},"down":{"uv":[7.33333,14.16667,7,13.66667],"rotation":270,"texture":"#2"}}},{"from":[6.06863,20.09906,5.63944],"to":[6.81863,20.84906,6.63944],"rotation":{"angle":22.5,"axis":"z","origin":[8,8,8]},"faces":{"north":{"uv":[14.91667,4.33333,14.66667,4.58333],"texture":"#2"},"east":{"uv":[12.66667,14.33333,12.33333,14.58333],"texture":"#2"},"south":{"uv":[3.58333,14.66667,3.33333,14.91667],"texture":"#2"},"up":{"uv":[13.33333,14.33333,13,14.58333],"rotation":90,"texture":"#2"},"down":{"uv":[14,14.58333,13.66667,14.33333],"rotation":270,"texture":"#2"}}},{"from":[1.31389,16.27732,5.63794],"to":[3.81389,17.77732,6.64094],"rotation":{"angle":0,"axis":"y","origin":[8,8,8]},"faces":{"north":{"uv":[11.83333,6.33333,11,6.83333],"texture":"#2"},"east":{"uv":[8.66667,13.66667,8.33333,14.16667],"texture":"#2"},"south":{"uv":[11.83333,5.33333,11,5.83333],"texture":"#2"},"west":{"uv":[8,13.66667,7.66667,14.16667],"texture":"#2"},"up":{"uv":[2.33333,12,2,12.83333],"rotation":90,"texture":"#2"},"down":{"uv":[3,12.83333,2.66667,12],"rotation":270,"texture":"#2"}}},{"from":[6.37416,16.13502,5.63944],"to":[7.87416,18.63502,6.63944],"rotation":{"angle":22.5,"axis":"z","origin":[8,8,8]},"faces":{"north":{"uv":[4.83333,11,4.33333,11.83333],"texture":"#2"},"east":{"uv":[12,8.66667,11.66667,9.5],"texture":"#2"},"south":{"uv":[11.5,4,11,4.83333],"texture":"#2"},"west":{"uv":[7.66667,11.66667,7.33333,12.5],"texture":"#2"}}},{"from":[5.37416,15.13502,5.63944],"to":[7.87416,16.13502,6.63944],"rotation":{"angle":22.5,"axis":"z","origin":[8,8,8]},"faces":{"north":{"uv":[12.5,10.66667,11.66667,11],"texture":"#2"},"east":{"uv":[14.66667,0,14.33333,0.33333],"texture":"#2"},"south":{"uv":[12.5,10,11.66667,10.33333],"texture":"#2"},"west":{"uv":[14.33333,12,14,12.33333],"texture":"#2"},"up":{"uv":[12.33333,0,12,0.83333],"rotation":90,"texture":"#2"},"down":{"uv":[1.66667,12.83333,1.33333,12],"rotation":270,"texture":"#2"}}},{"from":[5.37416,16.13502,5.63944],"to":[5.87416,16.63502,6.63944],"rotation":{"angle":22.5,"axis":"z","origin":[8,8,8]},"faces":{"north":{"uv":[14.83333,6.33333,14.66667,6.5],"texture":"#2"},"east":{"uv":[5.66667,14.66667,5.33333,14.83333],"texture":"#2"},"south":{"uv":[6.16667,14.66667,6,14.83333],"texture":"#2"},"west":{"uv":[5,14.66667,4.66667,14.83333],"texture":"#2"},"up":{"uv":[15,5.66667,14.66667,5.83333],"rotation":90,"texture":"#2"}}},{"from":[8.87416,16.88502,5.63944],"to":[9.87416,17.88502,6.63944],"rotation":{"angle":22.5,"axis":"z","origin":[8,8,8]},"faces":{"north":{"uv":[10,14,9.66667,14.33333],"texture":"#2"},"east":{"uv":[14.33333,9,14,9.33333],"texture":"#2"},"south":{"uv":[9.33333,14,9,14.33333],"texture":"#2"},"west":{"uv":[14.33333,4.33333,14,4.66667],"texture":"#2"},"up":{"uv":[14.33333,9.66667,14,10],"rotation":90,"texture":"#2"},"down":{"uv":[14.33333,10.66667,14,10.33333],"rotation":270,"texture":"#2"}}},{"from":[7.87416,15.63502,5.88944],"to":[9.87416,17.63502,6.38944],"rotation":{"angle":22.5,"axis":"z","origin":[8,8,8]},"faces":{"north":{"uv":[10.33333,10,9.66667,10.66667],"texture":"#2"},"south":{"uv":[9.33333,10,8.66667,10.66667],"texture":"#2"},"west":{"uv":[14.16667,6,14,6.66667],"texture":"#2"},"up":{"uv":[14.16667,7,14,7.66667],"rotation":90,"texture":"#2"},"down":{"uv":[14.16667,8.66667,14,8],"rotation":270,"texture":"#2"}}},{"from":[8.87416,14.63502,5.63944],"to":[10.62416,16.13502,6.63944],"rotation":{"angle":22.5,"axis":"z","origin":[8,8,8]},"faces":{"north":{"uv":[10.91667,11.33333,10.33333,11.83333],"texture":"#2"},"east":{"uv":[6,13.66667,5.66667,14.16667],"texture":"#2"},"south":{"uv":[11.91667,2,11.33333,2.5],"texture":"#2"},"west":{"uv":[5.33333,13.66667,5,14.16667],"texture":"#2"},"up":{"uv":[13.66667,6,13.33333,6.58333],"rotation":90,"texture":"#2"},"down":{"uv":[13.66667,8.91667,13.33333,8.33333],"rotation":270,"texture":"#2"}}},{"from":[2.25,-7.43566,6.13944],"to":[6.75,16.56434,6.14944],"rotation":{"angle":0,"axis":"y","origin":[8,8,8]},"faces":{"north":{"uv":[6.91667,0,5.41667,8],"texture":"#2"},"south":{"uv":[5.41667,0,6.91667,8],"texture":"#2"}}},{"from":[2.74975,-7.43566,2.61852],"to":[5.24975,16.56434,2.62852],"rotation":{"angle":45,"axis":"y","origin":[8,8,8]},"faces":{"north":{"uv":[5.41667,0,4.58333,8],"texture":"#2"},"south":{"uv":[4.58333,0,5.41667,8],"texture":"#2"}}},{"from":[13.78623,-2.38623,5.88944],"to":[18.38623,2.21377,6.38944],"rotation":{"angle":-45,"axis":"z","origin":[8,8,8]},"faces":{"north":{"uv":[7.33333,2,8.83333,3.5],"texture":"#2"},"east":{"uv":[9,12,9.16667,13.5],"texture":"#2"},"south":{"uv":[7.33333,0,8.83333,1.5],"texture":"#2"},"west":{"uv":[9.66667,12,9.83333,13.5],"texture":"#2"},"up":{"uv":[12.16667,12.83333,12,11.33333],"rotation":90,"texture":"#2"},"down":{"uv":[4.5,12.33333,4.33333,13.83333],"rotation":270,"texture":"#2"}}},{"from":[4,-4.93566,5.63444],"to":[12,14.31434,5.64444],"light_emission":15,"rotation":{"angle":0,"axis":"y","origin":[8,8,8]},"faces":{"north":{"uv":[0,0,5.33333,12.83333],"texture":"#1"}}}],"gui_light":"front","display":{"thirdperson_righthand":{"rotation":[35,-35,0],"translation":[1.5,-0.75,-2]},"thirdperson_lefthand":{"rotation":[35,-35,0],"translation":[1.5,-0.75,-2]},"firstperson_righthand":{"translation":[-9,1.5,1],"scale":[0.65,0.65,0.65]},"firstperson_lefthand":{"translation":[-9,1.5,1],"scale":[0.65,0.65,0.65]},"ground":{"rotation":[45,0,0],"translation":[0,5,0],"scale":[0.6,0.6,0.6]},"gui":{"rotation":[0,-180,45],"translation":[0.5,0.5,0],"scale":[0.65,0.65,0.65]},"fixed":{"translation":[0,0,-2],"scale":[2,2,2]}},"groups":[{"name":"shield","origin":[6.13944,-3.43566,8],"color":0,"children":[0,1,2,3,4,5,6,7,8,9,10,11,12,13,14,15,16,17,18,19,20,21,22,23,24,25,26,27,28,29,30,31,32,33,34,35,36,37,38,39,40,41,42,43,44,45,46,47,48,49,50,51,52,53,54,55,56,57,58,59,60,61]}]}