{"format_version":"1.9.0","credit":"Pologony Creation Co.,Ltd.","textures":{"1":"plny_luminite_set:animated/animated_1","2":"plny_luminite_set:animated/animated_5","3":"plny_luminite_set:shovel","particle":"plny_luminite_set:animated/animated_5"},"elements":[{"from":[7,-4.25,7],"to":[9,-2.25,9],"rotation":{"angle":-45,"axis":"x","origin":[8,-3.25,8]},"faces":{"north":{"uv":[8,1.77778,8.88889,2.66667],"texture":"#3"},"east":{"uv":[8,5.33333,8.88889,6.22222],"texture":"#3"},"south":{"uv":[8.44444,0,9.33333,0.88889],"texture":"#3"},"west":{"uv":[3.11111,8.44444,4,9.33333],"texture":"#3"},"up":{"uv":[9.33333,4,8.44444,3.11111],"texture":"#3"},"down":{"uv":[0.88889,8.88889,0,9.77778],"texture":"#3"}}},{"from":[7,-2.5,7],"to":[9,-1.5,9],"rotation":{"angle":45,"axis":"y","origin":[8,-4,8]},"faces":{"north":{"uv":[12,3.55556,12.88889,4],"texture":"#3"},"east":{"uv":[4,12,4.88889,12.44444],"texture":"#3"},"south":{"uv":[12,4.44444,12.88889,4.88889],"texture":"#3"},"west":{"uv":[12,5.33333,12.88889,5.77778],"texture":"#3"},"up":{"uv":[9.77778,7.55556,8.88889,6.66667],"texture":"#3"},"down":{"uv":[9.77778,8,8.88889,8.88889],"texture":"#3"}}},{"from":[7.25,-1.5,7.25],"to":[8.75,0,8.75],"rotation":{"angle":45,"axis":"y","origin":[8,-4,8]},"faces":{"north":{"uv":[9.77778,11.11111,10.44444,11.77778],"texture":"#3"},"east":{"uv":[11.11111,11.11111,11.77778,11.77778],"texture":"#3"},"south":{"uv":[0,11.55556,0.66667,12.22222],"texture":"#3"},"west":{"uv":[12,0.88889,12.66667,1.55556],"texture":"#3"},"up":{"uv":[12.66667,2.88889,12,2.22222],"texture":"#3"}}},{"from":[7.5,0,7.5],"to":[8.5,7,8.5],"rotation":{"angle":45,"axis":"y","origin":[8,-4,8]},"faces":{"north":{"uv":[5.77778,0,6.22222,3.11111],"texture":"#3"},"east":{"uv":[5.33333,5.77778,5.77778,8.88889],"texture":"#3"},"south":{"uv":[1.33333,6.22222,1.77778,9.33333],"texture":"#3"},"west":{"uv":[2.22222,6.22222,2.66667,9.33333],"texture":"#3"}}},{"from":[7.32322,7,7.5],"to":[8.57322,8.5,8.75],"rotation":{"angle":45,"axis":"y","origin":[7.82322,0.5,8]},"faces":{"north":{"uv":[13.33333,2.66667,13.88889,3.33333],"texture":"#3"},"east":{"uv":[13.33333,4,13.88889,4.66667],"texture":"#3"},"south":{"uv":[13.33333,5.33333,13.88889,6],"texture":"#3"},"west":{"uv":[13.33333,6.66667,13.88889,7.33333],"texture":"#3"},"up":{"uv":[13.88889,8.55556,13.33333,8],"texture":"#3"},"down":{"uv":[12.11111,13.33333,11.55556,13.88889],"texture":"#3"}}},{"from":[6.68934,8.5,7.75],"to":[8.68934,9.5,9.75],"rotation":{"angle":45,"axis":"y","origin":[6.93934,8,8]},"faces":{"north":{"uv":[12,6.22222,12.88889,6.66667],"texture":"#3"},"east":{"uv":[12,7.11111,12.88889,7.55556],"texture":"#3"},"south":{"uv":[12,8,12.88889,8.44444],"texture":"#3"},"west":{"uv":[12,8.88889,12.88889,9.33333],"texture":"#3"},"down":{"uv":[10.22222,1.33333,9.33333,2.22222],"texture":"#3"}}},{"from":[6.43934,9.5,7.5],"to":[8.93934,10,10],"rotation":{"angle":45,"axis":"y","origin":[6.93934,8,8]},"faces":{"north":{"uv":[9.77778,13.77778,10.88889,14],"texture":"#3"},"east":{"uv":[13.77778,10.66667,14.88889,10.88889],"texture":"#3"},"south":{"uv":[12.88889,13.77778,14,14],"texture":"#3"},"west":{"uv":[14.22222,0,15.33333,0.22222],"texture":"#3"},"up":{"uv":[7.33333,6.88889,6.22222,5.77778],"texture":"#3"},"down":{"uv":[7.77778,0,6.66667,1.11111],"texture":"#3"}}},{"from":[7.985,-8.75,4.08579],"to":[8.015,-1.5,7.58579],"rotation":{"angle":0,"axis":"y","origin":[7.9855,-4.625,6.33579]},"faces":{"east":{"uv":[5.11111,0,3.55556,3.22222],"texture":"#3"},"west":{"uv":[3.55556,0,5.11111,3.22222],"texture":"#3"}}},{"from":[7.995,-8.5,2.58579],"to":[8.005,0.75,6.08579],"light_emission":15,"rotation":{"angle":0,"axis":"y","origin":[7.9955,-3.375,4.83579]},"faces":{"east":{"uv":[10.83333,6.66667,8.5,12.83333],"texture":"#1"},"west":{"uv":[8.5,6.66667,10.83333,12.83333],"texture":"#1"}}},{"from":[7.995,-8.5,9.91421],"to":[8.005,0.75,13.41421],"light_emission":15,"rotation":{"angle":0,"axis":"y","origin":[7.9955,-3.375,11.16421]},"faces":{"east":{"uv":[8.5,6.66667,10.83333,12.83333],"texture":"#1"},"west":{"uv":[10.83333,6.66667,8.5,12.83333],"texture":"#1"}}},{"from":[7.5,-4.5,7],"to":[8.5,-2.5,8.5],"rotation":{"angle":-45,"axis":"x","origin":[7.5,-4.25,7]},"faces":{"north":{"uv":[12,9.77778,12.44444,10.66667],"texture":"#3"},"east":{"uv":[0,10.22222,0.66667,11.11111],"texture":"#3"},"south":{"uv":[5.33333,12.44444,5.77778,13.33333],"texture":"#3"},"west":{"uv":[10.66667,1.33333,11.33333,2.22222],"texture":"#3"},"up":{"uv":[0.44444,14.44444,0,13.77778],"texture":"#3"},"down":{"uv":[1.33333,13.77778,0.88889,14.44444],"texture":"#3"}}},{"from":[7.5,-3.5,5.5],"to":[8.5,-2.5,7],"rotation":{"angle":-45,"axis":"x","origin":[7.5,-4.25,7]},"faces":{"north":{"uv":[8,6.66667,8.44444,7.11111],"texture":"#3"},"east":{"uv":[1.77778,13.77778,2.44444,14.22222],"texture":"#3"},"west":{"uv":[3.11111,13.77778,3.77778,14.22222],"texture":"#3"},"up":{"uv":[4.88889,14.44444,4.44444,13.77778],"texture":"#3"},"down":{"uv":[5.77778,13.77778,5.33333,14.44444],"texture":"#3"}}},{"from":[7.5,-3.75,6],"to":[8.5,-3.5,6.25],"rotation":{"angle":-45,"axis":"x","origin":[7.5,-4.25,7]},"faces":{"east":{"uv":[7.11111,15.11111,7.22222,15.22222],"texture":"#3"},"west":{"uv":[8,15.11111,8.11111,15.22222],"texture":"#3"}}},{"from":[7.4985,-4.95238,5.52397],"to":[8.5015,-4.15238,6.27397],"rotation":{"angle":22.5,"axis":"x","origin":[7.9985,-4.57738,5.89897]},"faces":{"north":{"uv":[3.55556,14.66667,4,15],"texture":"#3"},"east":{"uv":[12.44444,14.66667,12.77778,15],"texture":"#3"},"south":{"uv":[14.66667,3.55556,15.11111,3.88889],"texture":"#3"},"west":{"uv":[13.33333,14.66667,13.66667,15],"texture":"#3"},"up":{"uv":[15.11111,4.77778,14.66667,4.44444],"texture":"#3"},"down":{"uv":[15.11111,5.33333,14.66667,5.66667],"texture":"#3"}}},{"from":[7.985,-8.75,8.41421],"to":[8.015,-1.5,11.91421],"rotation":{"angle":0,"axis":"y","origin":[7.9855,-4.625,9.66421]},"faces":{"east":{"uv":[3.55556,0,5.11111,3.22222],"texture":"#3"},"west":{"uv":[5.11111,0,3.55556,3.22222],"texture":"#3"}}},{"from":[7.5,-4.5,7.5],"to":[8.5,-2.5,9],"rotation":{"angle":45,"axis":"x","origin":[7.5,-4.25,9]},"faces":{"north":{"uv":[5.77778,12.44444,5.33333,13.33333],"texture":"#3"},"east":{"uv":[0.66667,10.22222,0,11.11111],"texture":"#3"},"south":{"uv":[12.44444,9.77778,12,10.66667],"texture":"#3"},"west":{"uv":[11.33333,1.33333,10.66667,2.22222],"texture":"#3"},"up":{"uv":[0.44444,13.77778,0,14.44444],"texture":"#3"},"down":{"uv":[1.33333,14.44444,0.88889,13.77778],"texture":"#3"}}},{"from":[7.5,-3.5,9],"to":[8.5,-2.5,10.5],"rotation":{"angle":45,"axis":"x","origin":[7.5,-4.25,9]},"faces":{"east":{"uv":[2.44444,13.77778,1.77778,14.22222],"texture":"#3"},"south":{"uv":[8.44444,6.66667,8,7.11111],"texture":"#3"},"west":{"uv":[3.77778,13.77778,3.11111,14.22222],"texture":"#3"},"up":{"uv":[4.88889,13.77778,4.44444,14.44444],"texture":"#3"},"down":{"uv":[5.77778,14.44444,5.33333,13.77778],"texture":"#3"}}},{"from":[7.5,-3.75,9.75],"to":[8.5,-3.5,10],"rotation":{"angle":45,"axis":"x","origin":[7.5,-4.25,9]},"faces":{"east":{"uv":[7.22222,15.11111,7.11111,15.22222],"texture":"#3"},"west":{"uv":[8.11111,15.11111,8,15.22222],"texture":"#3"}}},{"from":[7.4985,-4.95238,9.72603],"to":[8.5015,-4.15238,10.47603],"rotation":{"angle":-22.5,"axis":"x","origin":[7.9985,-4.57738,10.10103]},"faces":{"north":{"uv":[15.11111,3.55556,14.66667,3.88889],"texture":"#3"},"east":{"uv":[12.77778,14.66667,12.44444,15],"texture":"#3"},"south":{"uv":[4,14.66667,3.55556,15],"texture":"#3"},"west":{"uv":[13.66667,14.66667,13.33333,15],"texture":"#3"},"up":{"uv":[15.11111,4.44444,14.66667,4.77778],"texture":"#3"},"down":{"uv":[15.11111,5.66667,14.66667,5.33333],"texture":"#3"}}},{"from":[7.75,10.22682,4.82624],"to":[8.25,12.22682,6.32624],"rotation":{"angle":22.5,"axis":"x","origin":[8,10.47682,6.01374]},"faces":{"north":{"uv":[14.22222,9.33333,14.44444,10.22222],"texture":"#3"},"east":{"uv":[4,10.66667,4.66667,11.55556],"texture":"#3"},"west":{"uv":[10.66667,4.44444,11.33333,5.33333],"texture":"#3"},"up":{"uv":[14.88889,6.88889,14.66667,6.22222],"texture":"#3"},"down":{"uv":[14.88889,7.55556,14.66667,8.22222],"texture":"#3"}}},{"from":[7.5,9.97682,5.57624],"to":[8.5,12.47682,7.57624],"rotation":{"angle":22.5,"axis":"x","origin":[8,10.47682,6.01374]},"faces":{"north":{"uv":[7.11111,10.66667,7.55556,11.77778],"texture":"#3"},"east":{"uv":[6.66667,1.77778,7.55556,2.88889],"texture":"#3"},"south":{"uv":[8,10.66667,8.44444,11.77778],"texture":"#3"},"west":{"uv":[7.11111,3.55556,8,4.66667],"texture":"#3"},"up":{"uv":[6.66667,13.33333,6.22222,12.44444],"texture":"#3"},"down":{"uv":[7.55556,12.44444,7.11111,13.33333],"texture":"#3"}}},{"from":[7.5,11.62777,4.41488],"to":[8.5,14.12777,5.91488],"rotation":{"angle":22.5,"axis":"x","origin":[8,13.66379,4.29337]},"faces":{"north":{"uv":[8.88889,10.66667,9.33333,11.77778],"texture":"#3"},"east":{"uv":[9.77778,2.66667,10.44444,3.77778],"texture":"#3"},"south":{"uv":[1.33333,11.11111,1.77778,12.22222],"texture":"#3"},"west":{"uv":[9.77778,9.33333,10.44444,10.44444],"texture":"#3"}}},{"from":[7.5,13.34181,2.60936],"to":[8.5,16.34181,4.10936],"rotation":{"angle":22.5,"axis":"x","origin":[8,13.66379,4.29337]},"faces":{"north":{"uv":[5.33333,10.66667,5.77778,12],"texture":"#3"},"east":{"uv":[6.22222,7.55556,6.88889,8.88889],"texture":"#3"},"south":{"uv":[6.22222,10.66667,6.66667,12],"texture":"#3"},"west":{"uv":[7.55556,7.55556,8.22222,8.88889],"texture":"#3"},"up":{"uv":[6.66667,14.44444,6.22222,13.77778],"texture":"#3"},"down":{"uv":[7.55556,13.77778,7.11111,14.44444],"texture":"#3"}}},{"from":[7.5,15.59181,4.10935],"to":[8.5,16.34181,4.85935],"rotation":{"angle":22.5,"axis":"x","origin":[8,13.66379,4.29337]},"faces":{"east":{"uv":[14.66667,13.33333,15,13.66667],"texture":"#3"},"south":{"uv":[9.77778,14.66667,10.22222,15],"texture":"#3"},"west":{"uv":[14.22222,14.66667,14.55556,15],"texture":"#3"},"up":{"uv":[11.11111,15,10.66667,14.66667],"texture":"#3"},"down":{"uv":[12,14.66667,11.55556,15],"texture":"#3"}}},{"from":[7.5,10.62777,3.41488],"to":[8.5,11.62777,5.91488],"rotation":{"angle":22.5,"axis":"x","origin":[8,13.66379,4.29337]},"faces":{"north":{"uv":[4.44444,8.44444,4.88889,8.88889],"texture":"#3"},"east":{"uv":[10.22222,8.44444,11.33333,8.88889],"texture":"#3"},"south":{"uv":[8.44444,4.44444,8.88889,4.88889],"texture":"#3"},"west":{"uv":[11.11111,0,12.22222,0.44444],"texture":"#3"},"up":{"uv":[2.66667,12.22222,2.22222,11.11111],"texture":"#3"},"down":{"uv":[11.55556,2.66667,11.11111,3.77778],"texture":"#3"}}},{"from":[7.5,11.62777,3.41488],"to":[8.5,12.12777,3.91488],"rotation":{"angle":22.5,"axis":"x","origin":[8,13.66379,4.29337]},"faces":{"north":{"uv":[0,15.11111,0.44444,15.33333],"texture":"#3"},"east":{"uv":[5.33333,15.11111,5.55556,15.33333],"texture":"#3"},"south":{"uv":[0.88889,15.11111,1.33333,15.33333],"texture":"#3"},"west":{"uv":[6.22222,15.11111,6.44444,15.33333],"texture":"#3"},"up":{"uv":[4.88889,15.33333,4.44444,15.11111],"texture":"#3"}}},{"from":[7.4985,13.21298,3.11389],"to":[8.5015,14.71298,5.61389],"rotation":{"angle":45,"axis":"x","origin":[8,13.66379,4.29337]},"faces":{"north":{"uv":[8,13.77778,8.44444,14.44444],"texture":"#3"},"east":{"uv":[10.22222,5.77778,11.33333,6.44444],"texture":"#3"},"south":{"uv":[8.88889,13.77778,9.33333,14.44444],"texture":"#3"},"west":{"uv":[10.22222,7.11111,11.33333,7.77778],"texture":"#3"},"up":{"uv":[3.55556,12.22222,3.11111,11.11111],"texture":"#3"},"down":{"uv":[11.55556,9.33333,11.11111,10.44444],"texture":"#3"}}},{"from":[7.5,9.97682,8.42376],"to":[8.5,12.47682,10.42376],"rotation":{"angle":-22.5,"axis":"x","origin":[8,10.47682,9.98626]},"faces":{"north":{"uv":[8.44444,10.66667,8,11.77778],"texture":"#3"},"east":{"uv":[7.55556,1.77778,6.66667,2.88889],"texture":"#3"},"south":{"uv":[7.55556,10.66667,7.11111,11.77778],"texture":"#3"},"west":{"uv":[8,3.55556,7.11111,4.66667],"texture":"#3"},"up":{"uv":[6.66667,12.44444,6.22222,13.33333],"texture":"#3"},"down":{"uv":[7.55556,13.33333,7.11111,12.44444],"texture":"#3"}}},{"from":[7.5,15.59181,11.14065],"to":[8.5,16.34181,11.89065],"rotation":{"angle":-22.5,"axis":"x","origin":[8,13.66379,11.70663]},"faces":{"north":{"uv":[10.22222,14.66667,9.77778,15],"texture":"#3"},"east":{"uv":[15,13.33333,14.66667,13.66667],"texture":"#3"},"west":{"uv":[14.55556,14.66667,14.22222,15],"texture":"#3"},"up":{"uv":[11.11111,14.66667,10.66667,15],"texture":"#3"},"down":{"uv":[12,15,11.55556,14.66667],"texture":"#3"}}},{"from":[7.5,13.34181,11.89064],"to":[8.5,16.34181,13.39064],"rotation":{"angle":-22.5,"axis":"x","origin":[8,13.66379,11.70663]},"faces":{"north":{"uv":[6.66667,10.66667,6.22222,12],"texture":"#3"},"east":{"uv":[6.88889,7.55556,6.22222,8.88889],"texture":"#3"},"south":{"uv":[5.77778,10.66667,5.33333,12],"texture":"#3"},"west":{"uv":[8.22222,7.55556,7.55556,8.88889],"texture":"#3"},"up":{"uv":[6.66667,13.77778,6.22222,14.44444],"texture":"#3"},"down":{"uv":[7.55556,14.44444,7.11111,13.77778],"texture":"#3"}}},{"from":[7.4985,13.21298,10.38611],"to":[8.5015,14.71298,12.88611],"rotation":{"angle":-45,"axis":"x","origin":[8,13.66379,11.70663]},"faces":{"north":{"uv":[9.33333,13.77778,8.88889,14.44444],"texture":"#3"},"east":{"uv":[11.33333,5.77778,10.22222,6.44444],"texture":"#3"},"south":{"uv":[8.44444,13.77778,8,14.44444],"texture":"#3"},"west":{"uv":[11.33333,7.11111,10.22222,7.77778],"texture":"#3"},"up":{"uv":[3.55556,11.11111,3.11111,12.22222],"texture":"#3"},"down":{"uv":[11.55556,10.44444,11.11111,9.33333],"texture":"#3"}}},{"from":[7.5,11.62777,10.08512],"to":[8.5,14.12777,11.58512],"rotation":{"angle":-22.5,"axis":"x","origin":[8,13.66379,11.70663]},"faces":{"north":{"uv":[1.77778,11.11111,1.33333,12.22222],"texture":"#3"},"east":{"uv":[10.44444,2.66667,9.77778,3.77778],"texture":"#3"},"south":{"uv":[9.33333,10.66667,8.88889,11.77778],"texture":"#3"},"west":{"uv":[10.44444,9.33333,9.77778,10.44444],"texture":"#3"}}},{"from":[7.5,10.62777,10.08512],"to":[8.5,11.62777,12.58512],"rotation":{"angle":-22.5,"axis":"x","origin":[8,13.66379,11.70663]},"faces":{"north":{"uv":[8.88889,4.44444,8.44444,4.88889],"texture":"#3"},"east":{"uv":[11.33333,8.44444,10.22222,8.88889],"texture":"#3"},"south":{"uv":[4.88889,8.44444,4.44444,8.88889],"texture":"#3"},"west":{"uv":[12.22222,0,11.11111,0.44444],"texture":"#3"},"up":{"uv":[2.66667,11.11111,2.22222,12.22222],"texture":"#3"},"down":{"uv":[11.55556,3.77778,11.11111,2.66667],"texture":"#3"}}},{"from":[7.5,11.62777,12.08512],"to":[8.5,12.12777,12.58512],"rotation":{"angle":-22.5,"axis":"x","origin":[8,13.66379,11.70663]},"faces":{"north":{"uv":[1.33333,15.11111,0.88889,15.33333],"texture":"#3"},"east":{"uv":[5.55556,15.11111,5.33333,15.33333],"texture":"#3"},"south":{"uv":[0.44444,15.11111,0,15.33333],"texture":"#3"},"west":{"uv":[6.44444,15.11111,6.22222,15.33333],"texture":"#3"},"up":{"uv":[4.88889,15.11111,4.44444,15.33333],"texture":"#3"}}},{"from":[7.75,10.22682,9.67376],"to":[8.25,12.22682,11.17376],"rotation":{"angle":-22.5,"axis":"x","origin":[8,10.47682,9.98626]},"faces":{"east":{"uv":[4.66667,10.66667,4,11.55556],"texture":"#3"},"south":{"uv":[14.44444,9.33333,14.22222,10.22222],"texture":"#3"},"west":{"uv":[11.33333,4.44444,10.66667,5.33333],"texture":"#3"},"up":{"uv":[14.88889,6.22222,14.66667,6.88889],"texture":"#3"},"down":{"uv":[14.88889,8.22222,14.66667,7.55556],"texture":"#3"}}},{"from":[7,11.25,6],"to":[9,13.25,7],"rotation":{"angle":-45,"axis":"x","origin":[8,12.25,8]},"faces":{"north":{"uv":[4.44444,9.33333,5.33333,10.22222],"texture":"#3"},"east":{"uv":[8,12.44444,8.44444,13.33333],"texture":"#3"},"south":{"uv":[9.33333,4.44444,10.22222,5.33333],"texture":"#3"},"west":{"uv":[8.88889,12.44444,9.33333,13.33333],"texture":"#3"}}},{"from":[7,11.25,9],"to":[9,13.25,10],"rotation":{"angle":-45,"axis":"x","origin":[8,12.25,8]},"faces":{"north":{"uv":[5.77778,9.33333,6.66667,10.22222],"texture":"#3"},"east":{"uv":[9.77778,12.44444,10.22222,13.33333],"texture":"#3"},"south":{"uv":[7.11111,9.33333,8,10.22222],"texture":"#3"},"west":{"uv":[10.66667,12.44444,11.11111,13.33333],"texture":"#3"}}},{"from":[7,13.25,6],"to":[9,14.25,7],"rotation":{"angle":-45,"axis":"x","origin":[8,12.25,8]},"faces":{"north":{"uv":[12.44444,11.11111,13.33333,11.55556],"texture":"#3"},"east":{"uv":[9.33333,5.77778,9.77778,6.22222],"texture":"#3"},"west":{"uv":[14.22222,11.55556,14.66667,12],"texture":"#3"},"up":{"uv":[12.44444,12.88889,11.55556,12.44444],"texture":"#3"}}},{"from":[7,10.25,6],"to":[9,11.25,7],"rotation":{"angle":-45,"axis":"x","origin":[8,12.25,8]},"faces":{"north":{"uv":[0,12.88889,0.88889,13.33333],"texture":"#3"},"east":{"uv":[14.22222,12.44444,14.66667,12.88889],"texture":"#3"},"west":{"uv":[14.66667,0.88889,15.11111,1.33333],"texture":"#3"},"down":{"uv":[13.77778,0,12.88889,0.44444],"texture":"#3"}}},{"from":[7,13.25,9],"to":[9,14.25,10],"rotation":{"angle":-45,"axis":"x","origin":[8,12.25,8]},"faces":{"east":{"uv":[1.77778,14.66667,2.22222,15.11111],"texture":"#3"},"south":{"uv":[1.33333,12.88889,2.22222,13.33333],"texture":"#3"},"west":{"uv":[14.66667,1.77778,15.11111,2.22222],"texture":"#3"},"up":{"uv":[3.55556,13.33333,2.66667,12.88889],"texture":"#3"}}},{"from":[7,13.25,7],"to":[9,14.25,9],"rotation":{"angle":-45,"axis":"x","origin":[8,12.25,8]},"faces":{"east":{"uv":[4,12.88889,4.88889,13.33333],"texture":"#3"},"west":{"uv":[12.88889,9.77778,13.77778,10.22222],"texture":"#3"},"up":{"uv":[9.33333,10.22222,8.44444,9.33333],"texture":"#3"},"down":{"uv":[10.66667,0,9.77778,0.88889],"texture":"#3"}}},{"from":[7.25,10.75,6.5],"to":[8.75,13.75,9.5],"rotation":{"angle":-45,"axis":"x","origin":[8,12.25,8]},"faces":{"east":{"uv":[1.33333,4.44444,2.66667,5.77778],"texture":"#3"},"west":{"uv":[5.33333,4,6.66667,5.33333],"texture":"#3"}}},{"from":[7,10.25,7],"to":[9,11.25,9],"rotation":{"angle":-45,"axis":"x","origin":[8,12.25,8]},"faces":{"east":{"uv":[12.88889,12,13.77778,12.44444],"texture":"#3"},"west":{"uv":[12.88889,12.88889,13.77778,13.33333],"texture":"#3"},"up":{"uv":[2.22222,10.66667,1.33333,9.77778],"texture":"#3"},"down":{"uv":[3.55556,9.77778,2.66667,10.66667],"texture":"#3"}}},{"from":[7,10.25,9],"to":[9,11.25,10],"rotation":{"angle":-45,"axis":"x","origin":[8,12.25,8]},"faces":{"east":{"uv":[2.66667,14.66667,3.11111,15.11111],"texture":"#3"},"south":{"uv":[13.33333,0.88889,14.22222,1.33333],"texture":"#3"},"west":{"uv":[14.66667,2.66667,15.11111,3.11111],"texture":"#3"},"down":{"uv":[14.22222,1.77778,13.33333,2.22222],"texture":"#3"}}},{"from":[7.6,8,4.25],"to":[7.61,17,5.5],"rotation":{"angle":-45,"axis":"y","origin":[7.6,11,4.25]},"faces":{"east":{"uv":[0.55556,4.44444,0,8.44444],"texture":"#3"},"west":{"uv":[0,4.44444,0.55556,8.44444],"texture":"#3"}}},{"from":[6.71612,8,5.13388],"to":[6.72612,17,7.88388],"rotation":{"angle":0,"axis":"y","origin":[6.71612,11,5.13388]},"faces":{"east":{"uv":[4.77778,4,3.55556,8],"texture":"#3"},"west":{"uv":[3.55556,4,4.77778,8],"texture":"#3"}}},{"from":[7.6,8,10.5],"to":[7.61,17,11.75],"rotation":{"angle":45,"axis":"y","origin":[7.6,11,11.75]},"faces":{"east":{"uv":[0,4.44444,0.55556,8.44444],"texture":"#3"},"west":{"uv":[0.55556,4.44444,0,8.44444],"texture":"#3"}}},{"from":[6.71612,8,8.11612],"to":[6.72612,17,10.86612],"rotation":{"angle":0,"axis":"y","origin":[6.71612,11,10.86612]},"faces":{"east":{"uv":[3.55556,4,4.77778,8],"texture":"#3"},"west":{"uv":[4.77778,4,3.55556,8],"texture":"#3"}}},{"from":[8.39,8,10.5],"to":[8.4,17,11.75],"rotation":{"angle":-45,"axis":"y","origin":[8.4,11,11.75]},"faces":{"east":{"uv":[0,4.44444,0.55556,8.44444],"texture":"#3"},"west":{"uv":[0.55556,4.44444,0,8.44444],"texture":"#3"}}},{"from":[9.27388,8,8.11612],"to":[9.28388,17,10.86612],"rotation":{"angle":0,"axis":"y","origin":[9.28388,11,10.86612]},"faces":{"east":{"uv":[3.55556,4,4.77778,8],"texture":"#3"},"west":{"uv":[4.77778,4,3.55556,8],"texture":"#3"}}},{"from":[9.27388,8,5.13388],"to":[9.28388,17,7.88388],"rotation":{"angle":0,"axis":"y","origin":[9.28388,11,5.13388]},"faces":{"east":{"uv":[4.77778,4,3.55556,8],"texture":"#3"},"west":{"uv":[3.55556,4,4.77778,8],"texture":"#3"}}},{"from":[8.39,8,4.25],"to":[8.4,17,5.5],"rotation":{"angle":45,"axis":"y","origin":[8.4,11,4.25]},"faces":{"east":{"uv":[0.55556,4.44444,0,8.44444],"texture":"#3"},"west":{"uv":[0,4.44444,0.55556,8.44444],"texture":"#3"}}},{"from":[7.995,12.30218,4.5],"to":[8.005,20.55218,11.5],"rotation":{"angle":0,"axis":"x","origin":[8,16.05218,7.5]},"faces":{"east":{"uv":[3.11111,0,0,3.66667],"texture":"#3"},"west":{"uv":[0,0,3.11111,3.66667],"texture":"#3"}}},{"from":[7.745,12.30218,3.5],"to":[8.255,21.80218,12.5],"light_emission":15,"rotation":{"angle":0,"axis":"x","origin":[8,16.05218,7.5]},"faces":{"east":{"uv":[9.25,0,0.25,9.5],"texture":"#2"},"west":{"uv":[0.25,0,9.25,9.5],"texture":"#2"}}}],"gui_light":"front","display":{"thirdperson_righthand":{"translation":[0,3.75,1]},"thirdperson_lefthand":{"translation":[0,3.75,1]},"firstperson_righthand":{"rotation":[-5.75,0,0],"translation":[0.5,3.75,1],"scale":[0.65,0.65,0.65]},"firstperson_lefthand":{"rotation":[-5.75,0,0],"translation":[0.5,3.75,1],"scale":[0.65,0.65,0.65]},"ground":{"rotation":[-45,0,0],"translation":[0,5,0],"scale":[0.6,0.6,0.6]},"gui":{"rotation":[-90,135,90],"translation":[1.5,1.5,0],"scale":[0.7,0.7,0.7]},"head":{"rotation":[0,-90,0]},"fixed":{"rotation":[0,-90,0],"translation":[0,5.75,-2],"scale":[2,2,2]}}}