{"format_version":"1.9.0","credit":"Pologony Creation Co.,Ltd.","textures":{"1":"plny_luminite_set:animated/animated_1","2":"plny_luminite_set:animated/animated_5","4":"plny_luminite_set:spear_trident","particle":"plny_luminite_set:animated/animated_5"},"elements":[{"from":[7,-4.25,7],"to":[9,-2.25,9],"rotation":{"angle":-45,"axis":"x","origin":[8,-3.25,8]},"faces":{"north":{"uv":[7.63636,2.90909,8.36364,3.63636],"texture":"#4"},"east":{"uv":[7.63636,4,8.36364,4.72727],"texture":"#4"},"south":{"uv":[7.63636,5.09091,8.36364,5.81818],"texture":"#4"},"west":{"uv":[2.18182,8,2.90909,8.72727],"texture":"#4"},"up":{"uv":[4,8.72727,3.27273,8],"texture":"#4"},"down":{"uv":[5.09091,8,4.36364,8.72727],"texture":"#4"}}},{"from":[7.5,24.53806,4.24134],"to":[8.5,25.28806,4.99134],"rotation":{"angle":-22.5,"axis":"x","origin":[7.5,18.53806,6.74134]},"faces":{"east":{"uv":[14.18182,9.81818,14.45455,10.09091],"texture":"#4"},"south":{"uv":[14.18182,6.90909,14.54545,7.18182],"texture":"#4"},"west":{"uv":[10.18182,14.18182,10.45455,14.45455],"texture":"#4"},"up":{"uv":[7.63636,14.45455,7.27273,14.18182],"texture":"#4"},"down":{"uv":[14.54545,7.63636,14.18182,7.90909],"texture":"#4"}}},{"from":[7.5,22.25,2.55],"to":[8.5,25.25,4.05],"rotation":{"angle":-22.5,"axis":"x","origin":[7.5,19,6.55]},"faces":{"north":{"uv":[4.36364,10.18182,4.72727,11.27273],"texture":"#4"},"east":{"uv":[7.27273,6.54545,7.81818,7.63636],"texture":"#4"},"south":{"uv":[5.09091,10.18182,5.45455,11.27273],"texture":"#4"},"west":{"uv":[0,7.63636,0.54545,8.72727],"texture":"#4"},"up":{"uv":[8.36364,13.63636,8,13.09091],"texture":"#4"},"down":{"uv":[13.45455,12.36364,13.09091,12.90909],"texture":"#4"}}},{"from":[7.4985,20.96298,1.86389],"to":[8.5015,22.46298,4.36389],"rotation":{"angle":0,"axis":"y","origin":[7.9985,21.71298,2.61389]},"faces":{"north":{"uv":[6.54545,13.09091,6.90909,13.63636],"texture":"#4"},"east":{"uv":[9.45455,0,10.36364,0.54545],"texture":"#4"},"south":{"uv":[7.27273,13.09091,7.63636,13.63636],"texture":"#4"},"west":{"uv":[9.45455,1.09091,10.36364,1.63636],"texture":"#4"},"up":{"uv":[11.63636,3.81818,11.27273,2.90909],"texture":"#4"},"down":{"uv":[4,11.27273,3.63636,12.18182],"texture":"#4"}}},{"from":[7.5,20,4.05],"to":[8.5,22.5,5.55],"rotation":{"angle":-22.5,"axis":"x","origin":[7.5,19.5,5.05]},"faces":{"north":{"uv":[10.90909,7.63636,11.27273,8.54545],"texture":"#4"},"east":{"uv":[6.18182,9.09091,6.72727,10],"texture":"#4"},"south":{"uv":[2.90909,11.27273,3.27273,12.18182],"texture":"#4"},"west":{"uv":[7.27273,9.09091,7.81818,10],"texture":"#4"}}},{"from":[7.5,19,3.05],"to":[8.5,20,5.55],"rotation":{"angle":-22.5,"axis":"x","origin":[7.5,19.5,5.05]},"faces":{"north":{"uv":[13.81818,2.90909,14.18182,3.27273],"texture":"#4"},"east":{"uv":[10.54545,6.90909,11.45455,7.27273],"texture":"#4"},"south":{"uv":[3.63636,13.81818,4,14.18182],"texture":"#4"},"west":{"uv":[10.18182,10.54545,11.09091,10.90909],"texture":"#4"},"up":{"uv":[11.27273,0.90909,10.90909,0],"texture":"#4"},"down":{"uv":[11.27273,1.45455,10.90909,2.36364],"texture":"#4"}}},{"from":[7.5,20,3.05],"to":[8.5,20.5,3.55],"rotation":{"angle":-22.5,"axis":"x","origin":[7.5,19.5,5.05]},"faces":{"north":{"uv":[11.63636,14.18182,12,14.36364],"texture":"#4"},"east":{"uv":[14.54545,0.72727,14.72727,0.90909],"texture":"#4"},"south":{"uv":[12.36364,14.18182,12.72727,14.36364],"texture":"#4"},"west":{"uv":[14.54545,1.45455,14.72727,1.63636],"texture":"#4"},"up":{"uv":[13.45455,14.36364,13.09091,14.18182],"texture":"#4"}}},{"from":[7.75,19.5,5.5],"to":[8.25,21.5,7],"rotation":{"angle":-22.5,"axis":"x","origin":[7.5,19.5,4.5]},"faces":{"north":{"uv":[2.90909,13.81818,3.09091,14.54545],"texture":"#4"},"east":{"uv":[9.81818,8,10.36364,8.72727],"texture":"#4"},"west":{"uv":[3.27273,10.18182,3.81818,10.90909],"texture":"#4"},"up":{"uv":[6,14.72727,5.81818,14.18182],"texture":"#4"},"down":{"uv":[6.72727,14.18182,6.54545,14.72727],"texture":"#4"}}},{"from":[7.5,18.5,6],"to":[8.5,20,7.75],"rotation":{"angle":-22.5,"axis":"x","origin":[7.5,19.5,4.5]},"faces":{"north":{"uv":[5.09091,13.09091,5.45455,13.63636],"texture":"#4"},"east":{"uv":[0,10.54545,0.63636,11.09091],"texture":"#4"},"south":{"uv":[5.81818,13.09091,6.18182,13.63636],"texture":"#4"},"west":{"uv":[1.09091,10.54545,1.72727,11.09091],"texture":"#4"},"up":{"uv":[12.72727,13,12.36364,12.36364],"texture":"#4"},"down":{"uv":[13.09091,0,12.72727,0.63636],"texture":"#4"}}},{"from":[7.5,20.75,6],"to":[8.5,21.75,7],"rotation":{"angle":-22.5,"axis":"x","origin":[7.5,19.5,4.5]},"faces":{"north":{"uv":[12,13.45455,12.36364,13.81818],"texture":"#4"},"east":{"uv":[12.72727,13.45455,13.09091,13.81818],"texture":"#4"},"south":{"uv":[13.45455,13.45455,13.81818,13.81818],"texture":"#4"},"west":{"uv":[13.81818,0.72727,14.18182,1.09091],"texture":"#4"},"up":{"uv":[14.18182,1.81818,13.81818,1.45455],"texture":"#4"},"down":{"uv":[14.18182,2.18182,13.81818,2.54545],"texture":"#4"}}},{"from":[7,-2.5,7],"to":[9,-1.5,9],"rotation":{"angle":45,"axis":"y","origin":[8,-4,8]},"faces":{"north":{"uv":[11.27273,5.45455,12,5.81818],"texture":"#4"},"east":{"uv":[0,11.63636,0.72727,12],"texture":"#4"},"south":{"uv":[11.63636,0,12.36364,0.36364],"texture":"#4"},"west":{"uv":[11.63636,0.72727,12.36364,1.09091],"texture":"#4"},"up":{"uv":[6.18182,8.72727,5.45455,8],"texture":"#4"},"down":{"uv":[7.27273,8,6.54545,8.72727],"texture":"#4"}}},{"from":[7.25,-1.5,7.25],"to":[8.75,0,8.75],"rotation":{"angle":45,"axis":"y","origin":[8,-4,8]},"faces":{"north":{"uv":[11.27273,4.36364,11.81818,4.90909],"texture":"#4"},"east":{"uv":[6.54545,11.27273,7.09091,11.81818],"texture":"#4"},"south":{"uv":[11.27273,9.09091,11.81818,9.63636],"texture":"#4"},"west":{"uv":[10.18182,11.27273,10.72727,11.81818],"texture":"#4"},"up":{"uv":[11.81818,11.81818,11.27273,11.27273],"texture":"#4"}}},{"from":[7.5,0,7.5],"to":[8.5,16.75,8.5],"rotation":{"angle":45,"axis":"y","origin":[8,-4,8]},"faces":{"north":{"uv":[4,0,4.36364,6.09091],"texture":"#4"},"east":{"uv":[1.45455,4,1.81818,10.09091],"texture":"#4"},"south":{"uv":[4.72727,0,5.09091,6.09091],"texture":"#4"},"west":{"uv":[5.45455,0,5.81818,6.09091],"texture":"#4"}}},{"from":[7.32322,16.75,7.5],"to":[8.57322,18.25,8.75],"rotation":{"angle":45,"axis":"y","origin":[7.82322,10.25,8]},"faces":{"north":{"uv":[10.18182,12.36364,10.63636,12.90909],"texture":"#4"},"east":{"uv":[12.36364,10.18182,12.81818,10.72727],"texture":"#4"},"south":{"uv":[11.27273,12.36364,11.72727,12.90909],"texture":"#4"},"west":{"uv":[12.36364,11.27273,12.81818,11.81818],"texture":"#4"},"up":{"uv":[13.18182,1.54545,12.72727,1.09091],"texture":"#4"},"down":{"uv":[13.18182,2.18182,12.72727,2.63636],"texture":"#4"}}},{"from":[6.68934,18.25,7.75],"to":[8.68934,19.25,9.75],"rotation":{"angle":45,"axis":"y","origin":[6.93934,17.75,8]},"faces":{"north":{"uv":[1.09091,11.63636,1.81818,12],"texture":"#4"},"east":{"uv":[11.63636,1.45455,12.36364,1.81818],"texture":"#4"},"south":{"uv":[11.63636,2.18182,12.36364,2.54545],"texture":"#4"},"west":{"uv":[4.36364,11.63636,5.09091,12],"texture":"#4"},"down":{"uv":[8.36364,8,7.63636,8.72727],"texture":"#4"}}},{"from":[6.43934,19.25,7.5],"to":[8.93934,19.75,10],"rotation":{"angle":45,"axis":"y","origin":[6.93934,17.75,8]},"faces":{"north":{"uv":[13.45455,0,14.36364,0.18182],"texture":"#4"},"east":{"uv":[13.45455,4,14.36364,4.18182],"texture":"#4"},"south":{"uv":[13.45455,4.72727,14.36364,4.90909],"texture":"#4"},"west":{"uv":[13.45455,5.45455,14.36364,5.63636],"texture":"#4"},"up":{"uv":[3.09091,7.45455,2.18182,6.54545],"texture":"#4"},"down":{"uv":[4.54545,6.54545,3.63636,7.45455],"texture":"#4"}}},{"from":[7.985,-8.75,4.08579],"to":[8.015,-1.5,7.58579],"rotation":{"angle":0,"axis":"y","origin":[7.9855,-4.625,6.33579]},"faces":{"east":{"uv":[3.45455,3.27273,2.18182,5.90909],"texture":"#4"},"west":{"uv":[2.18182,3.27273,3.45455,5.90909],"texture":"#4"}}},{"from":[7.995,-8.5,2.58579],"to":[8.005,0.75,6.08579],"light_emission":15,"rotation":{"angle":0,"axis":"y","origin":[7.9955,-3.375,4.83579]},"faces":{"east":{"uv":[10.83333,6.66667,8.5,12.83333],"texture":"#1"},"west":{"uv":[8.5,6.66667,10.83333,12.83333],"texture":"#1"}}},{"from":[7.995,22.5,0.83579],"to":[8.005,31.75,4.33579],"light_emission":15,"rotation":{"angle":0,"axis":"y","origin":[7.9955,27.625,3.08579]},"faces":{"east":{"uv":[10.83333,6.66667,8.5,12.83333],"texture":"#1"},"west":{"uv":[8.5,6.66667,10.83333,12.83333],"texture":"#1"}}},{"from":[7.995,22.5,11.66421],"to":[8.005,31.75,15.16421],"light_emission":15,"rotation":{"angle":0,"axis":"y","origin":[7.9955,27.625,12.91421]},"faces":{"east":{"uv":[8.5,6.66667,10.83333,12.83333],"texture":"#1"},"west":{"uv":[10.83333,6.66667,8.5,12.83333],"texture":"#1"}}},{"from":[7.995,-8.5,9.91421],"to":[8.005,0.75,13.41421],"light_emission":15,"rotation":{"angle":0,"axis":"y","origin":[7.9955,-3.375,11.16421]},"faces":{"east":{"uv":[8.5,6.66667,10.83333,12.83333],"texture":"#1"},"west":{"uv":[10.83333,6.66667,8.5,12.83333],"texture":"#1"}}},{"from":[7.5,-4.5,7],"to":[8.5,-2.5,8.5],"rotation":{"angle":-45,"axis":"x","origin":[7.5,-4.25,7]},"faces":{"north":{"uv":[11.63636,7.63636,12,8.36364],"texture":"#4"},"east":{"uv":[9.45455,5.45455,10,6.18182],"texture":"#4"},"south":{"uv":[11.63636,10.18182,12,10.90909],"texture":"#4"},"west":{"uv":[8.36364,9.45455,8.90909,10.18182],"texture":"#4"},"up":{"uv":[3.27273,13.27273,2.90909,12.72727],"texture":"#4"},"down":{"uv":[4,12.72727,3.63636,13.27273],"texture":"#4"}}},{"from":[7.5,-3.5,5.5],"to":[8.5,-2.5,7],"rotation":{"angle":-45,"axis":"x","origin":[7.5,-4.25,7]},"faces":{"north":{"uv":[8.72727,5.45455,9.09091,5.81818],"texture":"#4"},"east":{"uv":[12.72727,3.27273,13.27273,3.63636],"texture":"#4"},"west":{"uv":[12.72727,6.18182,13.27273,6.54545],"texture":"#4"},"up":{"uv":[9.45455,13.27273,9.09091,12.72727],"texture":"#4"},"down":{"uv":[0.36364,13.09091,0,13.63636],"texture":"#4"}}},{"from":[7.5,-3.75,6],"to":[8.5,-3.5,6.25],"rotation":{"angle":-45,"axis":"x","origin":[7.5,-4.25,7]},"faces":{"east":{"uv":[14.54545,2.18182,14.63636,2.27273],"texture":"#4"},"west":{"uv":[14.54545,2.90909,14.63636,3],"texture":"#4"}}},{"from":[7.4985,-4.95238,5.52397],"to":[8.5015,-4.15238,6.27397],"rotation":{"angle":22.5,"axis":"x","origin":[7.9985,-4.57738,5.89897]},"faces":{"north":{"uv":[13.81818,6.18182,14.18182,6.45455],"texture":"#4"},"east":{"uv":[8,14.18182,8.27273,14.45455],"texture":"#4"},"south":{"uv":[8.72727,13.81818,9.09091,14.09091],"texture":"#4"},"west":{"uv":[14.18182,8.36364,14.45455,8.63636],"texture":"#4"},"up":{"uv":[14.18182,12.63636,13.81818,12.36364],"texture":"#4"},"down":{"uv":[0.36364,14.18182,0,14.45455],"texture":"#4"}}},{"from":[7.985,-8.75,8.41421],"to":[8.015,-1.5,11.91421],"rotation":{"angle":0,"axis":"y","origin":[7.9855,-4.625,9.66421]},"faces":{"east":{"uv":[2.18182,3.27273,3.45455,5.90909],"texture":"#4"},"west":{"uv":[3.45455,3.27273,2.18182,5.90909],"texture":"#4"}}},{"from":[7.5,-4.5,7.5],"to":[8.5,-2.5,9],"rotation":{"angle":45,"axis":"x","origin":[7.5,-4.25,9]},"faces":{"north":{"uv":[12,10.18182,11.63636,10.90909],"texture":"#4"},"east":{"uv":[10,5.45455,9.45455,6.18182],"texture":"#4"},"south":{"uv":[12,7.63636,11.63636,8.36364],"texture":"#4"},"west":{"uv":[8.90909,9.45455,8.36364,10.18182],"texture":"#4"},"up":{"uv":[3.27273,12.72727,2.90909,13.27273],"texture":"#4"},"down":{"uv":[4,13.27273,3.63636,12.72727],"texture":"#4"}}},{"from":[7.5,-3.5,9],"to":[8.5,-2.5,10.5],"rotation":{"angle":45,"axis":"x","origin":[7.5,-4.25,9]},"faces":{"east":{"uv":[13.27273,3.27273,12.72727,3.63636],"texture":"#4"},"south":{"uv":[9.09091,5.45455,8.72727,5.81818],"texture":"#4"},"west":{"uv":[13.27273,6.18182,12.72727,6.54545],"texture":"#4"},"up":{"uv":[9.45455,12.72727,9.09091,13.27273],"texture":"#4"},"down":{"uv":[0.36364,13.63636,0,13.09091],"texture":"#4"}}},{"from":[7.5,-3.75,9.75],"to":[8.5,-3.5,10],"rotation":{"angle":45,"axis":"x","origin":[7.5,-4.25,9]},"faces":{"east":{"uv":[14.63636,2.18182,14.54545,2.27273],"texture":"#4"},"west":{"uv":[14.63636,2.90909,14.54545,3],"texture":"#4"}}},{"from":[7.4985,-4.95238,9.72603],"to":[8.5015,-4.15238,10.47603],"rotation":{"angle":-22.5,"axis":"x","origin":[7.9985,-4.57738,10.10103]},"faces":{"north":{"uv":[9.09091,13.81818,8.72727,14.09091],"texture":"#4"},"east":{"uv":[8.27273,14.18182,8,14.45455],"texture":"#4"},"south":{"uv":[14.18182,6.18182,13.81818,6.45455],"texture":"#4"},"west":{"uv":[14.45455,8.36364,14.18182,8.63636],"texture":"#4"},"up":{"uv":[14.18182,12.36364,13.81818,12.63636],"texture":"#4"},"down":{"uv":[0.36364,14.45455,0,14.18182],"texture":"#4"}}},{"from":[7,21,6],"to":[9,23,7],"rotation":{"angle":-45,"axis":"x","origin":[8,22,8]},"faces":{"north":{"uv":[8.36364,0,9.09091,0.72727],"texture":"#4"},"east":{"uv":[5.45455,12,5.81818,12.72727],"texture":"#4"},"south":{"uv":[8.36364,1.09091,9.09091,1.81818],"texture":"#4"},"west":{"uv":[12,6.18182,12.36364,6.90909],"texture":"#4"}}},{"from":[7,21,9],"to":[9,23,10],"rotation":{"angle":-45,"axis":"x","origin":[8,22,8]},"faces":{"north":{"uv":[8.36364,6.18182,9.09091,6.90909],"texture":"#4"},"east":{"uv":[7.63636,12,8,12.72727],"texture":"#4"},"south":{"uv":[8.72727,2.18182,9.45455,2.90909],"texture":"#4"},"west":{"uv":[8.36364,12,8.72727,12.72727],"texture":"#4"}}},{"from":[7,23,6],"to":[9,24,7],"rotation":{"angle":-45,"axis":"x","origin":[8,22,8]},"faces":{"north":{"uv":[9.09091,12,9.81818,12.36364],"texture":"#4"},"east":{"uv":[13.45455,8.72727,13.81818,9.09091],"texture":"#4"},"west":{"uv":[13.45455,9.45455,13.81818,9.81818],"texture":"#4"},"up":{"uv":[0.72727,12.72727,0,12.36364],"texture":"#4"}}},{"from":[7,20,6],"to":[9,21,7],"rotation":{"angle":-45,"axis":"x","origin":[8,22,8]},"faces":{"north":{"uv":[1.09091,12.36364,1.81818,12.72727],"texture":"#4"},"east":{"uv":[9.81818,13.45455,10.18182,13.81818],"texture":"#4"},"west":{"uv":[13.45455,10.18182,13.81818,10.54545],"texture":"#4"},"down":{"uv":[13.09091,4,12.36364,4.36364],"texture":"#4"}}},{"from":[7,23,9],"to":[9,24,10],"rotation":{"angle":-45,"axis":"x","origin":[8,22,8]},"faces":{"east":{"uv":[10.54545,13.45455,10.90909,13.81818],"texture":"#4"},"south":{"uv":[4.36364,12.36364,5.09091,12.72727],"texture":"#4"},"west":{"uv":[13.45455,10.90909,13.81818,11.27273],"texture":"#4"},"up":{"uv":[13.09091,5.09091,12.36364,4.72727],"texture":"#4"}}},{"from":[7,23,7],"to":[9,24,9],"rotation":{"angle":-45,"axis":"x","origin":[8,22,8]},"faces":{"east":{"uv":[12.36364,5.45455,13.09091,5.81818],"texture":"#4"},"west":{"uv":[6.18182,12.36364,6.90909,12.72727],"texture":"#4"},"up":{"uv":[9.45455,4,8.72727,3.27273],"texture":"#4"},"down":{"uv":[9.45455,4.36364,8.72727,5.09091],"texture":"#4"}}},{"from":[7.25,20.5,6.5],"to":[8.75,23.5,9.5],"rotation":{"angle":-45,"axis":"x","origin":[8,22,8]},"faces":{"east":{"uv":[6.18182,3.63636,7.27273,4.72727],"texture":"#4"},"west":{"uv":[6.18182,5.09091,7.27273,6.18182],"texture":"#4"}}},{"from":[7,20,7],"to":[9,21,9],"rotation":{"angle":-45,"axis":"x","origin":[8,22,8]},"faces":{"east":{"uv":[12.36364,7.27273,13.09091,7.63636],"texture":"#4"},"west":{"uv":[12.36364,8,13.09091,8.36364],"texture":"#4"},"up":{"uv":[9.45455,8,8.72727,7.27273],"texture":"#4"},"down":{"uv":[9.45455,8.36364,8.72727,9.09091],"texture":"#4"}}},{"from":[7,20,9],"to":[9,21,10],"rotation":{"angle":-45,"axis":"x","origin":[8,22,8]},"faces":{"east":{"uv":[11.27273,13.45455,11.63636,13.81818],"texture":"#4"},"south":{"uv":[12.36364,8.72727,13.09091,9.09091],"texture":"#4"},"west":{"uv":[13.45455,11.63636,13.81818,12],"texture":"#4"},"down":{"uv":[13.09091,9.45455,12.36364,9.81818],"texture":"#4"}}},{"from":[7.6,17.75,4.25],"to":[7.61,26.75,5.5],"rotation":{"angle":-45,"axis":"y","origin":[7.6,20.75,4.25]},"faces":{"east":{"uv":[6.63636,0,6.18182,3.27273],"texture":"#4"},"west":{"uv":[6.18182,0,6.63636,3.27273],"texture":"#4"}}},{"from":[6.71612,17.75,5.13388],"to":[6.72612,26.75,7.88388],"rotation":{"angle":0,"axis":"y","origin":[6.71612,20.75,5.13388]},"faces":{"east":{"uv":[1,4,0,7.27273],"texture":"#4"},"west":{"uv":[0,4,1,7.27273],"texture":"#4"}}},{"from":[7.6,17.75,10.5],"to":[7.61,26.75,11.75],"rotation":{"angle":45,"axis":"y","origin":[7.6,20.75,11.75]},"faces":{"east":{"uv":[6.18182,0,6.63636,3.27273],"texture":"#4"},"west":{"uv":[6.63636,0,6.18182,3.27273],"texture":"#4"}}},{"from":[6.71612,17.75,8.11612],"to":[6.72612,26.75,10.86612],"rotation":{"angle":0,"axis":"y","origin":[6.71612,20.75,10.86612]},"faces":{"east":{"uv":[0,4,1,7.27273],"texture":"#4"},"west":{"uv":[1,4,0,7.27273],"texture":"#4"}}},{"from":[8.39,17.75,10.5],"to":[8.4,26.75,11.75],"rotation":{"angle":-45,"axis":"y","origin":[8.4,20.75,11.75]},"faces":{"east":{"uv":[6.18182,0,6.63636,3.27273],"texture":"#4"},"west":{"uv":[6.63636,0,6.18182,3.27273],"texture":"#4"}}},{"from":[9.27388,17.75,8.11612],"to":[9.28388,26.75,10.86612],"rotation":{"angle":0,"axis":"y","origin":[9.28388,20.75,10.86612]},"faces":{"east":{"uv":[0,4,1,7.27273],"texture":"#4"},"west":{"uv":[1,4,0,7.27273],"texture":"#4"}}},{"from":[9.27388,17.75,5.13388],"to":[9.28388,26.75,7.88388],"rotation":{"angle":0,"axis":"y","origin":[9.28388,20.75,5.13388]},"faces":{"east":{"uv":[1,4,0,7.27273],"texture":"#4"},"west":{"uv":[0,4,1,7.27273],"texture":"#4"}}},{"from":[8.39,17.75,4.25],"to":[8.4,26.75,5.5],"rotation":{"angle":45,"axis":"y","origin":[8.4,20.75,4.25]},"faces":{"east":{"uv":[6.63636,0,6.18182,3.27273],"texture":"#4"},"west":{"uv":[6.18182,0,6.63636,3.27273],"texture":"#4"}}},{"from":[7.995,22.05218,5.625],"to":[8.005,31.75,10.375],"rotation":{"angle":0,"axis":"y","origin":[8,25.80218,7.625]},"faces":{"east":{"uv":[1.72727,0,0,3.54545],"texture":"#4"},"west":{"uv":[0,0,1.72727,3.54545],"texture":"#4"}}},{"from":[7.985,20.05218,0.5],"to":[8.015,27.75,4.5],"rotation":{"angle":0,"axis":"y","origin":[7.99,23.80218,1.5]},"faces":{"east":{"uv":[3.63636,0,2.18182,2.81818],"texture":"#4"},"west":{"uv":[2.18182,0,3.63636,2.81818],"texture":"#4"}}},{"from":[7.985,20.05218,11.5],"to":[8.015,27.75,15.5],"rotation":{"angle":0,"axis":"y","origin":[7.99,23.80218,14.5]},"faces":{"east":{"uv":[2.18182,0,3.63636,2.81818],"texture":"#4"},"west":{"uv":[3.63636,0,2.18182,2.81818],"texture":"#4"}}},{"from":[7.5,20.75,9],"to":[8.5,21.75,10],"rotation":{"angle":22.5,"axis":"x","origin":[7.5,19.5,11.5]},"faces":{"north":{"uv":[13.81818,13.45455,13.45455,13.81818],"texture":"#4"},"east":{"uv":[13.09091,13.45455,12.72727,13.81818],"texture":"#4"},"south":{"uv":[12.36364,13.45455,12,13.81818],"texture":"#4"},"west":{"uv":[14.18182,0.72727,13.81818,1.09091],"texture":"#4"},"up":{"uv":[14.18182,1.45455,13.81818,1.81818],"texture":"#4"},"down":{"uv":[14.18182,2.54545,13.81818,2.18182],"texture":"#4"}}},{"from":[7.5,18.5,8.25],"to":[8.5,20,10],"rotation":{"angle":22.5,"axis":"x","origin":[7.5,19.5,11.5]},"faces":{"north":{"uv":[6.18182,13.09091,5.81818,13.63636],"texture":"#4"},"east":{"uv":[0.63636,10.54545,0,11.09091],"texture":"#4"},"south":{"uv":[5.45455,13.09091,5.09091,13.63636],"texture":"#4"},"west":{"uv":[1.72727,10.54545,1.09091,11.09091],"texture":"#4"},"up":{"uv":[12.72727,12.36364,12.36364,13],"texture":"#4"},"down":{"uv":[13.09091,0.63636,12.72727,0],"texture":"#4"}}},{"from":[7.75,19.5,9],"to":[8.25,21.5,10.5],"rotation":{"angle":22.5,"axis":"x","origin":[7.5,19.5,11.5]},"faces":{"east":{"uv":[10.36364,8,9.81818,8.72727],"texture":"#4"},"south":{"uv":[3.09091,13.81818,2.90909,14.54545],"texture":"#4"},"west":{"uv":[3.81818,10.18182,3.27273,10.90909],"texture":"#4"},"up":{"uv":[6,14.18182,5.81818,14.72727],"texture":"#4"},"down":{"uv":[6.72727,14.72727,6.54545,14.18182],"texture":"#4"}}},{"from":[7.5,20,12.45],"to":[8.5,20.5,12.95],"rotation":{"angle":22.5,"axis":"x","origin":[7.5,19.5,10.95]},"faces":{"north":{"uv":[12.72727,14.18182,12.36364,14.36364],"texture":"#4"},"east":{"uv":[14.72727,0.72727,14.54545,0.90909],"texture":"#4"},"south":{"uv":[12,14.18182,11.63636,14.36364],"texture":"#4"},"west":{"uv":[14.72727,1.45455,14.54545,1.63636],"texture":"#4"},"up":{"uv":[13.45455,14.18182,13.09091,14.36364],"texture":"#4"}}},{"from":[7.5,19,10.45],"to":[8.5,20,12.95],"rotation":{"angle":22.5,"axis":"x","origin":[7.5,19.5,10.95]},"faces":{"north":{"uv":[4,13.81818,3.63636,14.18182],"texture":"#4"},"east":{"uv":[11.45455,6.90909,10.54545,7.27273],"texture":"#4"},"south":{"uv":[14.18182,2.90909,13.81818,3.27273],"texture":"#4"},"west":{"uv":[11.09091,10.54545,10.18182,10.90909],"texture":"#4"},"up":{"uv":[11.27273,0,10.90909,0.90909],"texture":"#4"},"down":{"uv":[11.27273,2.36364,10.90909,1.45455],"texture":"#4"}}},{"from":[7.5,20,10.45],"to":[8.5,22.5,11.95],"rotation":{"angle":22.5,"axis":"x","origin":[7.5,19.5,10.95]},"faces":{"north":{"uv":[3.27273,11.27273,2.90909,12.18182],"texture":"#4"},"east":{"uv":[6.72727,9.09091,6.18182,10],"texture":"#4"},"south":{"uv":[11.27273,7.63636,10.90909,8.54545],"texture":"#4"},"west":{"uv":[7.81818,9.09091,7.27273,10],"texture":"#4"}}},{"from":[7.4985,20.96298,11.63611],"to":[8.5015,22.46298,14.13611],"rotation":{"angle":0,"axis":"y","origin":[7.9985,21.71298,13.38611]},"faces":{"north":{"uv":[7.63636,13.09091,7.27273,13.63636],"texture":"#4"},"east":{"uv":[10.36364,0,9.45455,0.54545],"texture":"#4"},"south":{"uv":[6.90909,13.09091,6.54545,13.63636],"texture":"#4"},"west":{"uv":[10.36364,1.09091,9.45455,1.63636],"texture":"#4"},"up":{"uv":[11.63636,2.90909,11.27273,3.81818],"texture":"#4"},"down":{"uv":[4,12.18182,3.63636,11.27273],"texture":"#4"}}},{"from":[7.5,22.25,11.95],"to":[8.5,25.25,13.45],"rotation":{"angle":22.5,"axis":"x","origin":[7.5,19,9.45]},"faces":{"north":{"uv":[5.45455,10.18182,5.09091,11.27273],"texture":"#4"},"east":{"uv":[7.81818,6.54545,7.27273,7.63636],"texture":"#4"},"south":{"uv":[4.72727,10.18182,4.36364,11.27273],"texture":"#4"},"west":{"uv":[0.54545,7.63636,0,8.72727],"texture":"#4"},"up":{"uv":[8.36364,13.09091,8,13.63636],"texture":"#4"},"down":{"uv":[13.45455,12.90909,13.09091,12.36364],"texture":"#4"}}},{"from":[7.5,24.53806,11.00866],"to":[8.5,25.28806,11.75866],"rotation":{"angle":22.5,"axis":"x","origin":[7.5,18.53806,9.25866]},"faces":{"north":{"uv":[14.54545,6.90909,14.18182,7.18182],"texture":"#4"},"east":{"uv":[14.45455,9.81818,14.18182,10.09091],"texture":"#4"},"west":{"uv":[10.45455,14.18182,10.18182,14.45455],"texture":"#4"},"up":{"uv":[7.63636,14.18182,7.27273,14.45455],"texture":"#4"},"down":{"uv":[14.54545,7.90909,14.18182,7.63636],"texture":"#4"}}},{"from":[7.745,22.30218,3.5],"to":[8.255,31.80218,12.5],"light_emission":15,"rotation":{"angle":0,"axis":"y","origin":[8,26.05218,7.5]},"faces":{"east":{"uv":[9.25,0,0.25,9.5],"texture":"#2"},"west":{"uv":[0.25,0,9.25,9.5],"texture":"#2"}}}],"gui_light":"front","display":{"thirdperson_righthand":{"translation":[0,-2,1]},"thirdperson_lefthand":{"rotation":[-180,0,-180],"translation":[0,-2,1]},"firstperson_righthand":{"rotation":[-5.75,0,0],"translation":[1.75,-1,1.25],"scale":[0.65,0.65,0.65]},"firstperson_lefthand":{"rotation":[-5.75,0,0],"translation":[1.75,-1,1.25],"scale":[0.65,0.65,0.65]},"ground":{"rotation":[-45,0,0],"translation":[0,5,0],"scale":[0.6,0.6,0.6]},"gui":{"rotation":[-90,135,90],"translation":[-1,-1,0],"scale":[0.58,0.58,0.58]},"head":{"rotation":[90,0,0],"translation":[0,0,-15]},"fixed":{"rotation":[0,-90,0],"translation":[0,0,-2],"scale":[2,2,2]}}}