{"format_version":"1.9.0","credit":"Pologony Creation Co.,Ltd.","texture_size":[40,40],"textures":{"2":"plny_luminite_set:animated/wings_animated","3":"plny_luminite_set:wings"},"elements":[{"from":[12.00912,-5.66127,8.38097],"to":[12.38412,-5.28627,8.88097],"rotation":{"angle":22.5,"axis":"z","origin":[8,-7.09692,11.09047]},"faces":{"north":{"uv":[14.4,3.2,14.7,3.5],"texture":"#3","tintindex":0},"south":{"uv":[4.8,14.4,5.1,14.7],"texture":"#3","tintindex":0},"west":{"uv":[6,14,6.4,14.3],"texture":"#3","tintindex":0},"up":{"uv":[14.3,8,14,7.6],"texture":"#3","tintindex":0},"down":{"uv":[14,8.4,14.3,8.8],"texture":"#3","tintindex":0}}},{"from":[12.38412,-6.78627,8.38097],"to":[13.13412,-5.28627,8.88097],"rotation":{"angle":22.5,"axis":"z","origin":[8,-7.09692,11.09047]},"faces":{"north":{"uv":[6,4.8,6.6,6],"texture":"#3","tintindex":0},"east":{"uv":[9.2,8.8,9.6,10],"texture":"#3","tintindex":0},"south":{"uv":[2.8,6.4,3.4,7.6],"texture":"#3","tintindex":0},"west":{"uv":[9.6,2.4,10,3.6],"texture":"#3","tintindex":0},"up":{"uv":[3,12.8,2.4,12.4],"texture":"#3","tintindex":0},"down":{"uv":[4.4,12.4,5,12.8],"texture":"#3","tintindex":0}}},{"from":[11.48562,-8.52911,8.38022],"to":[12.73562,-7.77911,8.88172],"rotation":{"angle":45,"axis":"z","origin":[8,-7.09692,11.09047]},"faces":{"north":{"uv":[8.4,0,9.4,0.6],"texture":"#3","tintindex":0},"east":{"uv":[0,12.4,0.4,13],"texture":"#3","tintindex":0},"south":{"uv":[8.4,1.2,9.4,1.8],"texture":"#3","tintindex":0},"west":{"uv":[5.6,12.4,6,13],"texture":"#3","tintindex":0},"up":{"uv":[5,10.4,4,10],"texture":"#3","tintindex":0},"down":{"uv":[5.6,10,6.6,10.4],"texture":"#3","tintindex":0}}},{"from":[11.48136,-8.14329,8.38097],"to":[12.73136,-7.64329,8.88097],"rotation":{"angle":22.5,"axis":"z","origin":[8,-7.09692,11.09047]},"faces":{"north":{"uv":[10,5.6,11,6],"texture":"#3","tintindex":0},"east":{"uv":[4.4,13.2,4.8,13.6],"texture":"#3","tintindex":0},"south":{"uv":[10,6.4,11,6.8],"texture":"#3","tintindex":0},"west":{"uv":[13.2,4.4,13.6,4.8],"texture":"#3","tintindex":0},"up":{"uv":[11,9.2,10,8.8],"texture":"#3","tintindex":0},"down":{"uv":[10,9.6,11,10],"texture":"#3","tintindex":0}}},{"from":[11.48136,-7.64329,8.38097],"to":[12.23136,-6.39329,8.88097],"rotation":{"angle":22.5,"axis":"z","origin":[8,-7.09692,11.09047]},"faces":{"north":{"uv":[8.4,2.4,9,3.4],"texture":"#3","tintindex":0},"east":{"uv":[8.4,9.6,8.8,10.6],"texture":"#3","tintindex":0},"south":{"uv":[8.4,4,9,5],"texture":"#3","tintindex":0},"west":{"uv":[1.2,10.4,1.6,11.4],"texture":"#3","tintindex":0}}},{"from":[12.48136,-7.64329,8.38097],"to":[12.73136,-7.39329,8.88097],"rotation":{"angle":22.5,"axis":"z","origin":[8,-7.09692,11.09047]},"faces":{"north":{"uv":[15.2,2.4,15.4,2.6],"texture":"#3","tintindex":0},"east":{"uv":[14.4,6.4,14.8,6.6],"texture":"#3","tintindex":0},"south":{"uv":[3.2,15.2,3.4,15.4],"texture":"#3","tintindex":0},"west":{"uv":[6.8,14.4,7.2,14.6],"texture":"#3","tintindex":0},"up":{"uv":[7.8,14.8,7.6,14.4],"texture":"#3","tintindex":0}}},{"from":[10.35636,-7.26829,8.38097],"to":[10.98136,-6.76829,8.88097],"rotation":{"angle":22.5,"axis":"z","origin":[8,-7.09692,11.09047]},"faces":{"north":{"uv":[12.8,8,13.3,8.4],"texture":"#3","tintindex":0},"east":{"uv":[6.4,13.2,6.8,13.6],"texture":"#3","tintindex":0},"south":{"uv":[8.8,12.8,9.3,13.2],"texture":"#3","tintindex":0},"west":{"uv":[13.2,10.4,13.6,10.8],"texture":"#3","tintindex":0},"up":{"uv":[13.3,9.2,12.8,8.8],"texture":"#3","tintindex":0},"down":{"uv":[13.3,9.6,12.8,10],"texture":"#3","tintindex":0}}},{"from":[10.48136,-7.89329,8.50597],"to":[11.48136,-6.89329,8.75597],"rotation":{"angle":22.5,"axis":"z","origin":[8,-7.09692,11.09047]},"faces":{"north":{"uv":[6.4,6.4,7.2,7.2],"texture":"#3","tintindex":0},"east":{"uv":[13.2,11.2,13.4,12],"texture":"#3","tintindex":0},"south":{"uv":[7.2,0,8,0.8],"texture":"#3","tintindex":0},"west":{"uv":[13.2,12.4,13.4,13.2],"texture":"#3","tintindex":0},"up":{"uv":[14.4,0.2,13.6,0],"texture":"#3","tintindex":0},"down":{"uv":[13.6,0.8,14.4,1],"texture":"#3","tintindex":0}}},{"from":[10.10636,-8.39329,8.38097],"to":[10.98136,-7.64329,8.88097],"rotation":{"angle":22.5,"axis":"z","origin":[8,-7.09692,11.09047]},"faces":{"north":{"uv":[0,10,0.7,10.6],"texture":"#3","tintindex":0},"east":{"uv":[7.2,12.4,7.6,13],"texture":"#3","tintindex":0},"south":{"uv":[10,0,10.7,0.6],"texture":"#3","tintindex":0},"west":{"uv":[8,12.4,8.4,13],"texture":"#3","tintindex":0},"up":{"uv":[9.5,12.4,8.8,12],"texture":"#3","tintindex":0},"down":{"uv":[10.8,12,11.5,12.4],"texture":"#3","tintindex":0}}},{"from":[10.0588,-7.98494,7.88097],"to":[10.9338,-7.23494,8.38097],"rotation":{"angle":-22.5,"axis":"z","origin":[8,-7.09692,11.09047]},"faces":{"north":{"uv":[10,1.2,10.7,1.8],"texture":"#3","tintindex":0},"east":{"uv":[3.6,12.8,4,13.4],"texture":"#3","tintindex":0},"south":{"uv":[2.8,10,3.5,10.6],"texture":"#3","tintindex":0},"west":{"uv":[12.8,5.6,13.2,6.2],"texture":"#3","tintindex":0},"up":{"uv":[12.7,11.6,12,11.2],"texture":"#3","tintindex":0},"down":{"uv":[12.7,12,12,12.4],"texture":"#3","tintindex":0}}},{"from":[10.3088,-6.85994,7.88097],"to":[10.9338,-6.35994,8.38097],"rotation":{"angle":-22.5,"axis":"z","origin":[8,-7.09692,11.09047]},"faces":{"north":{"uv":[10.8,12.8,11.3,13.2],"texture":"#3","tintindex":0},"east":{"uv":[13.6,13.6,14,14],"texture":"#3","tintindex":0},"south":{"uv":[12,12.8,12.5,13.2],"texture":"#3","tintindex":0},"west":{"uv":[0.8,14,1.2,14.4],"texture":"#3","tintindex":0},"up":{"uv":[1.3,13.6,0.8,13.2],"texture":"#3","tintindex":0},"down":{"uv":[2.5,13.2,2,13.6],"texture":"#3","tintindex":0}}},{"from":[10.4338,-7.48494,8.00597],"to":[11.4338,-6.48494,8.25597],"rotation":{"angle":-22.5,"axis":"z","origin":[8,-7.09692,11.09047]},"faces":{"north":{"uv":[4,8,4.8,8.8],"texture":"#3","tintindex":0},"east":{"uv":[9.6,13.6,9.8,14.4],"texture":"#3","tintindex":0},"south":{"uv":[5.2,8,6,8.8],"texture":"#3","tintindex":0},"west":{"uv":[10.4,13.6,10.6,14.4],"texture":"#3","tintindex":0},"up":{"uv":[12,13.8,11.2,13.6],"texture":"#3","tintindex":0},"down":{"uv":[12.4,13.6,13.2,13.8],"texture":"#3","tintindex":0}}},{"from":[11.4338,-7.23494,7.88097],"to":[12.1838,-5.98494,8.38097],"rotation":{"angle":-22.5,"axis":"z","origin":[8,-7.09692,11.09047]},"faces":{"north":{"uv":[1.6,8.8,2.2,9.8],"texture":"#3","tintindex":0},"east":{"uv":[2,10.4,2.4,11.4],"texture":"#3","tintindex":0},"south":{"uv":[8.8,5.6,9.4,6.6],"texture":"#3","tintindex":0},"west":{"uv":[5.6,10.8,6,11.8],"texture":"#3","tintindex":0}}},{"from":[11.4338,-7.73494,7.88097],"to":[12.6838,-7.23494,8.38097],"rotation":{"angle":-22.5,"axis":"z","origin":[8,-7.09692,11.09047]},"faces":{"north":{"uv":[10.4,4,11.4,4.4],"texture":"#3","tintindex":0},"east":{"uv":[8,13.6,8.4,14],"texture":"#3","tintindex":0},"south":{"uv":[10.4,4.8,11.4,5.2],"texture":"#3","tintindex":0},"west":{"uv":[8.8,13.6,9.2,14],"texture":"#3","tintindex":0},"up":{"uv":[10.2,10.8,9.2,10.4],"texture":"#3","tintindex":0},"down":{"uv":[4,10.8,5,11.2],"texture":"#3","tintindex":0}}},{"from":[12.4338,-7.23494,7.88097],"to":[12.6838,-6.98494,8.38097],"rotation":{"angle":-22.5,"axis":"z","origin":[8,-7.09692,11.09047]},"faces":{"north":{"uv":[15.2,3.2,15.4,3.4],"texture":"#3","tintindex":0},"east":{"uv":[8.4,14.4,8.8,14.6],"texture":"#3","tintindex":0},"south":{"uv":[4,15.2,4.2,15.4],"texture":"#3","tintindex":0},"west":{"uv":[11.2,14.4,11.6,14.6],"texture":"#3","tintindex":0},"up":{"uv":[12.2,14.8,12,14.4],"texture":"#3","tintindex":0}}},{"from":[11.59795,-8.13365,7.88022],"to":[12.84795,-7.38365,8.38172],"rotation":{"angle":0,"axis":"x","origin":[8,-7.09692,11.09047]},"faces":{"north":{"uv":[7.6,8.4,8.6,9],"texture":"#3","tintindex":0},"east":{"uv":[10,12.4,10.4,13],"texture":"#3","tintindex":0},"south":{"uv":[0,8.8,1,9.4],"texture":"#3","tintindex":0},"west":{"uv":[12.8,3.2,13.2,3.8],"texture":"#3","tintindex":0},"up":{"uv":[11.4,2.8,10.4,2.4],"texture":"#3","tintindex":0},"down":{"uv":[11.4,3.2,10.4,3.6],"texture":"#3","tintindex":0}}},{"from":[12.33656,-6.37793,7.88097],"to":[13.08656,-4.87793,8.38097],"rotation":{"angle":-22.5,"axis":"z","origin":[8,-7.09692,11.09047]},"faces":{"north":{"uv":[4,6.4,4.6,7.6],"texture":"#3","tintindex":0},"east":{"uv":[9.6,4,10,5.2],"texture":"#3","tintindex":0},"south":{"uv":[5.2,6.4,5.8,7.6],"texture":"#3","tintindex":0},"west":{"uv":[7.6,9.6,8,10.8],"texture":"#3","tintindex":0},"up":{"uv":[13,7.6,12.4,7.2],"texture":"#3","tintindex":0},"down":{"uv":[13.4,2.4,12.8,2.8],"texture":"#3","tintindex":0}}},{"from":[11.96156,-5.25293,7.88097],"to":[12.33656,-4.87793,8.38097],"rotation":{"angle":-22.5,"axis":"z","origin":[8,-7.09692,11.09047]},"faces":{"north":{"uv":[14.4,4.8,14.7,5.1],"texture":"#3","tintindex":0},"south":{"uv":[14.4,5.6,14.7,5.9],"texture":"#3","tintindex":0},"west":{"uv":[14,9.2,14.4,9.5],"texture":"#3","tintindex":0},"up":{"uv":[14.3,10.4,14,10],"texture":"#3","tintindex":0},"down":{"uv":[14.3,10.8,14,11.2],"texture":"#3","tintindex":0}}},{"from":[9.75931,-6.7349,7.63097],"to":[10.25931,-5.7349,8.63097],"rotation":{"angle":-45,"axis":"z","origin":[8,-7.09692,11.09047]},"faces":{"north":{"uv":[6.4,10.8,6.8,11.6],"texture":"#3","tintindex":0},"east":{"uv":[7.2,1.2,8,2],"texture":"#3","tintindex":0},"south":{"uv":[0,11.2,0.4,12],"texture":"#3","tintindex":0},"west":{"uv":[7.2,2.4,8,3.2],"texture":"#3","tintindex":0}}},{"from":[8.25931,-6.7349,7.63097],"to":[8.75931,-5.7349,8.63097],"rotation":{"angle":-45,"axis":"z","origin":[8,-7.09692,11.09047]},"faces":{"north":{"uv":[2.8,11.2,3.2,12],"texture":"#3","tintindex":0},"east":{"uv":[7.2,3.6,8,4.4],"texture":"#3","tintindex":0},"south":{"uv":[7.2,11.2,7.6,12],"texture":"#3","tintindex":0},"west":{"uv":[7.2,4.8,8,5.6],"texture":"#3","tintindex":0}}},{"from":[9.75931,-5.7349,7.63097],"to":[10.25931,-5.23491,8.63097],"rotation":{"angle":-45,"axis":"z","origin":[8,-7.09692,11.09047]},"faces":{"north":{"uv":[0,13.6,0.4,14],"texture":"#3","tintindex":0},"east":{"uv":[11.2,7.2,12,7.6],"texture":"#3","tintindex":0},"south":{"uv":[13.6,1.6,14,2],"texture":"#3","tintindex":0},"up":{"uv":[8.4,12,8,11.2],"texture":"#3","tintindex":0}}},{"from":[9.75931,-7.2349,7.63097],"to":[10.25931,-6.7349,8.63097],"rotation":{"angle":-45,"axis":"z","origin":[8,-7.09692,11.09047]},"faces":{"north":{"uv":[13.6,3.2,14,3.6],"texture":"#3","tintindex":0},"east":{"uv":[8.8,11.2,9.6,11.6],"texture":"#3","tintindex":0},"south":{"uv":[5.2,13.6,5.6,14],"texture":"#3","tintindex":0},"down":{"uv":[10.4,11.2,10,12],"texture":"#3","tintindex":0}}},{"from":[8.25931,-5.7349,7.63097],"to":[8.75931,-5.23491,8.63097],"rotation":{"angle":-45,"axis":"z","origin":[8,-7.09692,11.09047]},"faces":{"north":{"uv":[13.6,5.2,14,5.6],"texture":"#3","tintindex":0},"south":{"uv":[13.6,6,14,6.4],"texture":"#3","tintindex":0},"west":{"uv":[10.8,11.2,11.6,11.6],"texture":"#3","tintindex":0},"up":{"uv":[4,12.4,3.6,11.6],"texture":"#3","tintindex":0}}},{"from":[8.75931,-5.7349,7.63097],"to":[9.75931,-5.23491,8.63097],"rotation":{"angle":-45,"axis":"z","origin":[8,-7.09692,11.09047]},"faces":{"north":{"uv":[4.4,11.6,5.2,12],"texture":"#3","tintindex":0},"south":{"uv":[11.6,5.6,12.4,6],"texture":"#3","tintindex":0},"up":{"uv":[8.4,6.8,7.6,6],"texture":"#3","tintindex":0},"down":{"uv":[7.2,7.6,6.4,8.4],"texture":"#3","tintindex":0}}},{"from":[8.50931,-6.9849,7.75597],"to":[10.00931,-5.4849,8.50597],"rotation":{"angle":-45,"axis":"z","origin":[8,-7.09692,11.09047]},"faces":{"north":{"uv":[2.8,4.8,4,6],"texture":"#3","tintindex":0},"south":{"uv":[4.4,4.8,5.6,6],"texture":"#3","tintindex":0}}},{"from":[8.75931,-7.2349,7.63097],"to":[9.75931,-6.7349,8.63097],"rotation":{"angle":-45,"axis":"z","origin":[8,-7.09692,11.09047]},"faces":{"north":{"uv":[11.6,6.4,12.4,6.8],"texture":"#3","tintindex":0},"south":{"uv":[11.6,8,12.4,8.4],"texture":"#3","tintindex":0},"up":{"uv":[8.4,8,7.6,7.2],"texture":"#3","tintindex":0},"down":{"uv":[2.8,8,3.6,8.8],"texture":"#3","tintindex":0}}},{"from":[8.25931,-7.2349,7.63097],"to":[8.75931,-6.7349,8.63097],"rotation":{"angle":-45,"axis":"z","origin":[8,-7.09692,11.09047]},"faces":{"north":{"uv":[13.6,6.8,14,7.2],"texture":"#3","tintindex":0},"south":{"uv":[7.2,13.6,7.6,14],"texture":"#3","tintindex":0},"west":{"uv":[11.6,8.8,12.4,9.2],"texture":"#3","tintindex":0},"down":{"uv":[0.8,12,1.2,12.8],"texture":"#3","tintindex":0}}},{"from":[7.61577,-9.37785,6.38149],"to":[8.24077,-4.87784,6.38649],"rotation":{"angle":-45,"axis":"y","origin":[8,-7.09692,11.09047]},"faces":{"north":{"uv":[1.6,4.8,2.1,8.4],"texture":"#3","tintindex":0},"south":{"uv":[2.1,4.8,1.6,8.4],"texture":"#3","tintindex":0}}},{"from":[9.68306,-9.37785,7.48903],"to":[11.05806,-4.87784,7.49403],"rotation":{"angle":0,"axis":"y","origin":[8,-7.09692,11.09047]},"faces":{"north":{"uv":[0,4.8,1.1,8.4],"texture":"#3","tintindex":0},"south":{"uv":[1.1,4.8,0,8.4],"texture":"#3","tintindex":0}}},{"from":[12.46817,-7.40232,8.00522],"to":[12.96817,-6.40232,8.25672],"rotation":{"angle":-22.5,"axis":"z","origin":[8,-7.09692,11.09047]},"faces":{"north":{"uv":[1.6,12,2,12.8],"texture":"#3","tintindex":0},"east":{"uv":[1.6,14,1.8,14.8],"texture":"#3","tintindex":0},"south":{"uv":[12,2.4,12.4,3.2],"texture":"#3","tintindex":0},"west":{"uv":[2.4,14,2.6,14.8],"texture":"#3","tintindex":0},"up":{"uv":[13.2,14.6,12.8,14.4],"texture":"#3","tintindex":0},"down":{"uv":[14.8,13.2,14.4,13.4],"texture":"#3","tintindex":0}}},{"from":[11.44353,-11.47234,8.00597],"to":[11.69353,-10.97234,8.25597],"rotation":{"angle":22.5,"axis":"z","origin":[8,-7.09692,11.09047]},"faces":{"north":{"uv":[14.8,0,15,0.4],"texture":"#3","tintindex":0},"east":{"uv":[0.8,14.8,1,15.2],"texture":"#3","tintindex":0},"south":{"uv":[14.8,0.8,15,1.2],"texture":"#3","tintindex":0},"up":{"uv":[15.4,4.2,15.2,4],"texture":"#3","tintindex":0},"down":{"uv":[5,15.2,4.8,15.4],"texture":"#3","tintindex":0}}},{"from":[13.35205,-7.60054,8.00772],"to":[15.60205,-7.22554,8.25422],"rotation":{"angle":-22.5,"axis":"z","origin":[8,-7.09692,11.09047]},"faces":{"north":{"uv":[8.8,7.2,10.6,7.5],"texture":"#3","tintindex":0},"east":{"uv":[14.8,12,15,12.3],"texture":"#3","tintindex":0},"south":{"uv":[2.8,9.2,4.6,9.5],"texture":"#3","tintindex":0},"up":{"uv":[12.6,10.6,10.8,10.4],"texture":"#3","tintindex":0},"down":{"uv":[13,0,11.2,0.2],"texture":"#3","tintindex":0}}},{"from":[13.01935,-12.82849,8.01022],"to":[13.51935,-12.45349,8.25172],"rotation":{"angle":22.5,"axis":"z","origin":[8,-7.09692,11.09047]},"faces":{"north":{"uv":[14,11.6,14.4,11.9],"texture":"#3","tintindex":0},"east":{"uv":[14.4,14.8,14.6,15.1],"texture":"#3","tintindex":0},"south":{"uv":[14,12.4,14.4,12.7],"texture":"#3","tintindex":0},"west":{"uv":[0,15.2,0.2,15.5],"texture":"#3","tintindex":0},"up":{"uv":[6,15,5.6,14.8],"texture":"#3","tintindex":0},"down":{"uv":[15.2,7.2,14.8,7.4],"texture":"#3","tintindex":0}}},{"from":[12.46817,-8.33982,8.12347],"to":[19.20929,-5.46482,8.13847],"light_emission":15,"rotation":{"angle":-22.5,"axis":"z","origin":[8,-7.09692,11.09047]},"faces":{"north":{"uv":[10,1.11111,16,3.66667],"texture":"#2","tintindex":0},"south":{"uv":[16,1.11111,10,3.66667],"texture":"#2","tintindex":0}}},{"from":[8.44195,-9.37785,7.47653],"to":[10.18306,-3.75284,7.50153],"light_emission":15,"rotation":{"angle":0,"axis":"z","origin":[8,-7.09692,11.09047]},"faces":{"north":{"uv":[14.44444,11,16,16],"texture":"#2","tintindex":0},"south":{"uv":[16,11,14.44444,16],"texture":"#2","tintindex":0}}},{"from":[9.85183,-6.75285,13.93368],"to":[9.87683,-2.62784,17.17479],"light_emission":15,"rotation":{"angle":45,"axis":"y","origin":[8,-7.09692,11.09047]},"faces":{"east":{"uv":[10,7,12.88889,10.66667],"texture":"#2","tintindex":0},"west":{"uv":[12.88889,7,10,10.66667],"texture":"#2","tintindex":0}}},{"from":[13.09416,-7.25285,12.19482],"to":[16.33527,-1.62785,12.21982],"light_emission":15,"rotation":{"angle":-22.5,"axis":"y","origin":[8,-7.09692,11.09047]},"faces":{"north":{"uv":[13.11111,5.66667,16,10.66667],"texture":"#2","tintindex":0},"south":{"uv":[16,5.66667,13.11111,10.66667],"texture":"#2","tintindex":0}}},{"from":[10.94353,-11.47234,8.00597],"to":[11.44353,-10.47234,8.25597],"rotation":{"angle":22.5,"axis":"z","origin":[8,-7.09692,11.09047]},"faces":{"north":{"uv":[12,3.6,12.4,4.4],"texture":"#3","tintindex":0},"east":{"uv":[3.2,14,3.4,14.8],"texture":"#3","tintindex":0},"south":{"uv":[6.4,12,6.8,12.8],"texture":"#3","tintindex":0},"west":{"uv":[4,14,4.2,14.8],"texture":"#3","tintindex":0},"up":{"uv":[14,14.6,13.6,14.4],"texture":"#3","tintindex":0},"down":{"uv":[14.8,14,14.4,14.2],"texture":"#3","tintindex":0}}},{"from":[13.63179,-12.34106,8.01022],"to":[14.00679,-11.84106,8.25172],"rotation":{"angle":22.5,"axis":"z","origin":[8,-7.09692,11.09047]},"faces":{"north":{"uv":[0,14.4,0.3,14.8],"texture":"#3","tintindex":0},"east":{"uv":[14.8,10.4,15,10.8],"texture":"#3","tintindex":0},"south":{"uv":[14.4,1.6,14.7,2],"texture":"#3","tintindex":0},"west":{"uv":[14.8,11.2,15,11.6],"texture":"#3","tintindex":0},"up":{"uv":[15.5,1.8,15.2,1.6],"texture":"#3","tintindex":0},"down":{"uv":[2.7,15.2,2.4,15.4],"texture":"#3","tintindex":0}}},{"from":[13.35205,-6.57909,8.00772],"to":[15.60205,-6.20409,8.25422],"rotation":{"angle":-22.5,"axis":"z","origin":[8,-7.09692,11.09047]},"faces":{"north":{"uv":[5.2,9.2,7,9.5],"texture":"#3","tintindex":0},"east":{"uv":[1.6,15.2,1.8,15.5],"texture":"#3","tintindex":0},"south":{"uv":[9.2,8,11,8.3],"texture":"#3","tintindex":0},"up":{"uv":[13,1,11.2,0.8],"texture":"#3","tintindex":0},"down":{"uv":[11.2,1.6,13,1.8],"texture":"#3","tintindex":0}}},{"from":[12.15063,-10.51523,8.00597],"to":[12.65063,-10.26523,8.25597],"rotation":{"angle":22.5,"axis":"z","origin":[8,-7.09692,11.09047]},"faces":{"north":{"uv":[9.2,14.8,9.6,15],"texture":"#3","tintindex":0},"east":{"uv":[15.2,4.8,15.4,5],"texture":"#3","tintindex":0},"south":{"uv":[14.8,9.6,15.2,9.8],"texture":"#3","tintindex":0},"west":{"uv":[15.2,5.6,15.4,5.8],"texture":"#3","tintindex":0},"down":{"uv":[10.4,14.8,10,15],"texture":"#3","tintindex":0}}},{"from":[11.65063,-10.26523,8.00597],"to":[12.65063,-9.76523,8.25597],"rotation":{"angle":22.5,"axis":"z","origin":[8,-7.09692,11.09047]},"faces":{"north":{"uv":[11.6,9.6,12.4,10],"texture":"#3","tintindex":0},"east":{"uv":[14.8,8,15,8.4],"texture":"#3","tintindex":0},"south":{"uv":[12,4.8,12.8,5.2],"texture":"#3","tintindex":0},"west":{"uv":[14.8,8.8,15,9.2],"texture":"#3","tintindex":0},"up":{"uv":[14.8,2.6,14,2.4],"texture":"#3","tintindex":0},"down":{"uv":[14,4,14.8,4.2],"texture":"#3","tintindex":0}}},{"from":[10.80392,-9.50285,9.53776],"to":[10.80892,-4.00284,18.03776],"rotation":{"angle":22.5,"axis":"y","origin":[8,-7.09692,11.09047]},"faces":{"east":{"uv":[0,0,6.8,4.4],"texture":"#3","tintindex":0},"west":{"uv":[6.8,0,0,4.4],"texture":"#3","tintindex":0}}},{"from":[11.25,-9.00285,8.63097],"to":[14.75,-0.50285,8.63597],"light_emission":15,"rotation":{"angle":0,"axis":"y","origin":[8,-7.09692,11.09047]},"faces":{"north":{"uv":[4.88889,0,8,7.55556],"texture":"#2","tintindex":0},"south":{"uv":[8,0,4.88889,7.55556],"texture":"#2","tintindex":0}}},{"from":[13.29498,-9.00285,6.23508],"to":[16.79498,-0.50285,6.24008],"light_emission":15,"rotation":{"angle":-22.5,"axis":"y","origin":[8,-7.09692,11.09047]},"faces":{"north":{"uv":[1.77778,0,4.88889,7.55556],"texture":"#2","tintindex":0},"south":{"uv":[4.88889,0,1.77778,7.55556],"texture":"#2","tintindex":0}}},{"from":[14.26742,-9.00285,3.23898],"to":[16.31012,-0.50285,3.24398],"light_emission":15,"rotation":{"angle":-45,"axis":"y","origin":[8,-7.09692,11.09047]},"faces":{"north":{"uv":[0,0,1.77778,7.55556],"texture":"#2","tintindex":0},"south":{"uv":[1.77778,0,0,7.55556],"texture":"#2","tintindex":0}}},{"from":[3.61588,-5.66127,8.38097],"to":[3.99088,-5.28627,8.88097],"rotation":{"angle":-22.5,"axis":"z","origin":[8,-7.09692,11.09047]},"faces":{"north":{"uv":[14.7,3.2,14.4,3.5],"texture":"#3","tintindex":0},"east":{"uv":[6.4,14,6,14.3],"texture":"#3","tintindex":0},"south":{"uv":[5.1,14.4,4.8,14.7],"texture":"#3","tintindex":0},"up":{"uv":[14,8,14.3,7.6],"texture":"#3","tintindex":0},"down":{"uv":[14.3,8.4,14,8.8],"texture":"#3","tintindex":0}}},{"from":[2.86588,-6.78627,8.38097],"to":[3.61588,-5.28627,8.88097],"rotation":{"angle":-22.5,"axis":"z","origin":[8,-7.09692,11.09047]},"faces":{"north":{"uv":[6.6,4.8,6,6],"texture":"#3","tintindex":0},"east":{"uv":[10,2.4,9.6,3.6],"texture":"#3","tintindex":0},"south":{"uv":[3.4,6.4,2.8,7.6],"texture":"#3","tintindex":0},"west":{"uv":[9.6,8.8,9.2,10],"texture":"#3","tintindex":0},"up":{"uv":[2.4,12.8,3,12.4],"texture":"#3","tintindex":0},"down":{"uv":[5,12.4,4.4,12.8],"texture":"#3","tintindex":0}}},{"from":[3.26438,-8.52911,8.38022],"to":[4.51438,-7.77911,8.88172],"rotation":{"angle":-45,"axis":"z","origin":[8,-7.09692,11.09047]},"faces":{"north":{"uv":[9.4,0,8.4,0.6],"texture":"#3","tintindex":0},"east":{"uv":[6,12.4,5.6,13],"texture":"#3","tintindex":0},"south":{"uv":[9.4,1.2,8.4,1.8],"texture":"#3","tintindex":0},"west":{"uv":[0.4,12.4,0,13],"texture":"#3","tintindex":0},"up":{"uv":[4,10.4,5,10],"texture":"#3","tintindex":0},"down":{"uv":[6.6,10,5.6,10.4],"texture":"#3","tintindex":0}}},{"from":[3.26864,-8.14329,8.38097],"to":[4.51864,-7.64329,8.88097],"rotation":{"angle":-22.5,"axis":"z","origin":[8,-7.09692,11.09047]},"faces":{"north":{"uv":[11,5.6,10,6],"texture":"#3","tintindex":0},"east":{"uv":[13.6,4.4,13.2,4.8],"texture":"#3","tintindex":0},"south":{"uv":[11,6.4,10,6.8],"texture":"#3","tintindex":0},"west":{"uv":[4.8,13.2,4.4,13.6],"texture":"#3","tintindex":0},"up":{"uv":[10,9.2,11,8.8],"texture":"#3","tintindex":0},"down":{"uv":[11,9.6,10,10],"texture":"#3","tintindex":0}}},{"from":[3.76864,-7.64329,8.38097],"to":[4.51864,-6.39329,8.88097],"rotation":{"angle":-22.5,"axis":"z","origin":[8,-7.09692,11.09047]},"faces":{"north":{"uv":[9,2.4,8.4,3.4],"texture":"#3","tintindex":0},"east":{"uv":[1.6,10.4,1.2,11.4],"texture":"#3","tintindex":0},"south":{"uv":[9,4,8.4,5],"texture":"#3","tintindex":0},"west":{"uv":[8.8,9.6,8.4,10.6],"texture":"#3","tintindex":0}}},{"from":[3.26864,-7.64329,8.38097],"to":[3.51864,-7.39329,8.88097],"rotation":{"angle":-22.5,"axis":"z","origin":[8,-7.09692,11.09047]},"faces":{"north":{"uv":[15.4,2.4,15.2,2.6],"texture":"#3","tintindex":0},"east":{"uv":[7.2,14.4,6.8,14.6],"texture":"#3","tintindex":0},"south":{"uv":[3.4,15.2,3.2,15.4],"texture":"#3","tintindex":0},"west":{"uv":[14.8,6.4,14.4,6.6],"texture":"#3","tintindex":0},"up":{"uv":[7.6,14.8,7.8,14.4],"texture":"#3","tintindex":0}}},{"from":[5.01864,-7.26829,8.38097],"to":[5.64364,-6.76829,8.88097],"rotation":{"angle":-22.5,"axis":"z","origin":[8,-7.09692,11.09047]},"faces":{"north":{"uv":[13.3,8,12.8,8.4],"texture":"#3","tintindex":0},"east":{"uv":[13.6,10.4,13.2,10.8],"texture":"#3","tintindex":0},"south":{"uv":[9.3,12.8,8.8,13.2],"texture":"#3","tintindex":0},"west":{"uv":[6.8,13.2,6.4,13.6],"texture":"#3","tintindex":0},"up":{"uv":[12.8,9.2,13.3,8.8],"texture":"#3","tintindex":0},"down":{"uv":[12.8,9.6,13.3,10],"texture":"#3","tintindex":0}}},{"from":[4.51864,-7.89329,8.50597],"to":[5.51864,-6.89329,8.75597],"rotation":{"angle":-22.5,"axis":"z","origin":[8,-7.09692,11.09047]},"faces":{"north":{"uv":[7.2,6.4,6.4,7.2],"texture":"#3","tintindex":0},"east":{"uv":[13.4,12.4,13.2,13.2],"texture":"#3","tintindex":0},"south":{"uv":[8,0,7.2,0.8],"texture":"#3","tintindex":0},"west":{"uv":[13.4,11.2,13.2,12],"texture":"#3","tintindex":0},"up":{"uv":[13.6,0.2,14.4,0],"texture":"#3","tintindex":0},"down":{"uv":[14.4,0.8,13.6,1],"texture":"#3","tintindex":0}}},{"from":[5.01864,-8.39329,8.38097],"to":[5.89364,-7.64329,8.88097],"rotation":{"angle":-22.5,"axis":"z","origin":[8,-7.09692,11.09047]},"faces":{"north":{"uv":[0.7,10,0,10.6],"texture":"#3","tintindex":0},"east":{"uv":[8.4,12.4,8,13],"texture":"#3","tintindex":0},"south":{"uv":[10.7,0,10,0.6],"texture":"#3","tintindex":0},"west":{"uv":[7.6,12.4,7.2,13],"texture":"#3","tintindex":0},"up":{"uv":[8.8,12.4,9.5,12],"texture":"#3","tintindex":0},"down":{"uv":[11.5,12,10.8,12.4],"texture":"#3","tintindex":0}}},{"from":[5.7407,-6.7349,7.63097],"to":[6.2407,-5.7349,8.63097],"rotation":{"angle":45,"axis":"z","origin":[8,-7.09692,11.09047]},"faces":{"north":{"uv":[6.8,10.8,6.4,11.6],"texture":"#3","tintindex":0},"east":{"uv":[8,2.4,7.2,3.2],"texture":"#3","tintindex":0},"south":{"uv":[0.4,11.2,0,12],"texture":"#3","tintindex":0},"west":{"uv":[8,1.2,7.2,2],"texture":"#3","tintindex":0}}},{"from":[7.2407,-6.7349,7.63097],"to":[7.7407,-5.7349,8.63097],"rotation":{"angle":45,"axis":"z","origin":[8,-7.09692,11.09047]},"faces":{"north":{"uv":[3.2,11.2,2.8,12],"texture":"#3","tintindex":0},"east":{"uv":[8,4.8,7.2,5.6],"texture":"#3","tintindex":0},"south":{"uv":[7.6,11.2,7.2,12],"texture":"#3","tintindex":0},"west":{"uv":[8,3.6,7.2,4.4],"texture":"#3","tintindex":0}}},{"from":[5.7407,-5.7349,7.63097],"to":[6.2407,-5.23491,8.63097],"rotation":{"angle":45,"axis":"z","origin":[8,-7.09692,11.09047]},"faces":{"north":{"uv":[0.4,13.6,0,14],"texture":"#3","tintindex":0},"south":{"uv":[14,1.6,13.6,2],"texture":"#3","tintindex":0},"west":{"uv":[12,7.2,11.2,7.6],"texture":"#3","tintindex":0},"up":{"uv":[8,12,8.4,11.2],"texture":"#3","tintindex":0}}},{"from":[5.7407,-7.2349,7.63097],"to":[6.2407,-6.7349,8.63097],"rotation":{"angle":45,"axis":"z","origin":[8,-7.09692,11.09047]},"faces":{"north":{"uv":[14,3.2,13.6,3.6],"texture":"#3","tintindex":0},"south":{"uv":[5.6,13.6,5.2,14],"texture":"#3","tintindex":0},"west":{"uv":[9.6,11.2,8.8,11.6],"texture":"#3","tintindex":0},"down":{"uv":[10,11.2,10.4,12],"texture":"#3","tintindex":0}}},{"from":[7.2407,-5.7349,7.63097],"to":[7.7407,-5.23491,8.63097],"rotation":{"angle":45,"axis":"z","origin":[8,-7.09692,11.09047]},"faces":{"north":{"uv":[14,5.2,13.6,5.6],"texture":"#3","tintindex":0},"east":{"uv":[11.6,11.2,10.8,11.6],"texture":"#3","tintindex":0},"south":{"uv":[14,6,13.6,6.4],"texture":"#3","tintindex":0},"up":{"uv":[3.6,12.4,4,11.6],"texture":"#3","tintindex":0}}},{"from":[6.2407,-5.7349,7.63097],"to":[7.2407,-5.23491,8.63097],"rotation":{"angle":45,"axis":"z","origin":[8,-7.09692,11.09047]},"faces":{"north":{"uv":[5.2,11.6,4.4,12],"texture":"#3","tintindex":0},"south":{"uv":[12.4,5.6,11.6,6],"texture":"#3","tintindex":0},"up":{"uv":[7.6,6.8,8.4,6],"texture":"#3","tintindex":0},"down":{"uv":[6.4,7.6,7.2,8.4],"texture":"#3","tintindex":0}}},{"from":[5.9907,-6.9849,7.75597],"to":[7.4907,-5.4849,8.50597],"rotation":{"angle":45,"axis":"z","origin":[8,-7.09692,11.09047]},"faces":{"north":{"uv":[4,4.8,2.8,6],"texture":"#3","tintindex":0},"south":{"uv":[5.6,4.8,4.4,6],"texture":"#3","tintindex":0}}},{"from":[6.2407,-7.2349,7.63097],"to":[7.2407,-6.7349,8.63097],"rotation":{"angle":45,"axis":"z","origin":[8,-7.09692,11.09047]},"faces":{"north":{"uv":[12.4,6.4,11.6,6.8],"texture":"#3","tintindex":0},"south":{"uv":[12.4,8,11.6,8.4],"texture":"#3","tintindex":0},"up":{"uv":[7.6,8,8.4,7.2],"texture":"#3","tintindex":0},"down":{"uv":[3.6,8,2.8,8.8],"texture":"#3","tintindex":0}}},{"from":[7.2407,-7.2349,7.63097],"to":[7.7407,-6.7349,8.63097],"rotation":{"angle":45,"axis":"z","origin":[8,-7.09692,11.09047]},"faces":{"north":{"uv":[14,6.8,13.6,7.2],"texture":"#3","tintindex":0},"east":{"uv":[12.4,8.8,11.6,9.2],"texture":"#3","tintindex":0},"south":{"uv":[7.6,13.6,7.2,14],"texture":"#3","tintindex":0},"down":{"uv":[1.2,12,0.8,12.8],"texture":"#3","tintindex":0}}},{"from":[7.75923,-9.37785,6.38149],"to":[8.38423,-4.87784,6.38649],"rotation":{"angle":45,"axis":"y","origin":[8,-7.09692,11.09047]},"faces":{"north":{"uv":[2.1,4.8,1.6,8.4],"texture":"#3","tintindex":0},"south":{"uv":[1.6,4.8,2.1,8.4],"texture":"#3","tintindex":0}}},{"from":[4.94194,-9.37785,7.48903],"to":[6.31694,-4.87784,7.49403],"rotation":{"angle":0,"axis":"y","origin":[8,-7.09692,11.09047]},"faces":{"north":{"uv":[1.1,4.8,0,8.4],"texture":"#3","tintindex":0},"south":{"uv":[0,4.8,1.1,8.4],"texture":"#3","tintindex":0}}},{"from":[3.66344,-5.25293,7.88097],"to":[4.03844,-4.87793,8.38097],"rotation":{"angle":22.5,"axis":"z","origin":[8,-7.09692,11.09047]},"faces":{"north":{"uv":[14.7,4.8,14.4,5.1],"texture":"#3","tintindex":0},"east":{"uv":[14.4,9.2,14,9.5],"texture":"#3","tintindex":0},"south":{"uv":[14.7,5.6,14.4,5.9],"texture":"#3","tintindex":0},"up":{"uv":[14,10.4,14.3,10],"texture":"#3","tintindex":0},"down":{"uv":[14,10.8,14.3,11.2],"texture":"#3","tintindex":0}}},{"from":[2.91344,-6.37793,7.88097],"to":[3.66344,-4.87793,8.38097],"rotation":{"angle":22.5,"axis":"z","origin":[8,-7.09692,11.09047]},"faces":{"north":{"uv":[4.6,6.4,4,7.6],"texture":"#3","tintindex":0},"east":{"uv":[8,9.6,7.6,10.8],"texture":"#3","tintindex":0},"south":{"uv":[5.8,6.4,5.2,7.6],"texture":"#3","tintindex":0},"west":{"uv":[10,4,9.6,5.2],"texture":"#3","tintindex":0},"up":{"uv":[12.4,7.6,13,7.2],"texture":"#3","tintindex":0},"down":{"uv":[12.8,2.4,13.4,2.8],"texture":"#3","tintindex":0}}},{"from":[3.15205,-8.13365,7.88022],"to":[4.40205,-7.38365,8.38172],"rotation":{"angle":0,"axis":"x","origin":[8,-7.09692,11.09047]},"faces":{"north":{"uv":[8.6,8.4,7.6,9],"texture":"#3","tintindex":0},"east":{"uv":[13.2,3.2,12.8,3.8],"texture":"#3","tintindex":0},"south":{"uv":[1,8.8,0,9.4],"texture":"#3","tintindex":0},"west":{"uv":[10.4,12.4,10,13],"texture":"#3","tintindex":0},"up":{"uv":[10.4,2.8,11.4,2.4],"texture":"#3","tintindex":0},"down":{"uv":[10.4,3.2,11.4,3.6],"texture":"#3","tintindex":0}}},{"from":[3.3162,-7.23494,7.88097],"to":[3.5662,-6.98494,8.38097],"rotation":{"angle":22.5,"axis":"z","origin":[8,-7.09692,11.09047]},"faces":{"north":{"uv":[15.4,3.2,15.2,3.4],"texture":"#3","tintindex":0},"east":{"uv":[11.6,14.4,11.2,14.6],"texture":"#3","tintindex":0},"south":{"uv":[4.2,15.2,4,15.4],"texture":"#3","tintindex":0},"west":{"uv":[8.8,14.4,8.4,14.6],"texture":"#3","tintindex":0},"up":{"uv":[12,14.8,12.2,14.4],"texture":"#3","tintindex":0}}},{"from":[3.3162,-7.73494,7.88097],"to":[4.5662,-7.23494,8.38097],"rotation":{"angle":22.5,"axis":"z","origin":[8,-7.09692,11.09047]},"faces":{"north":{"uv":[11.4,4,10.4,4.4],"texture":"#3","tintindex":0},"east":{"uv":[9.2,13.6,8.8,14],"texture":"#3","tintindex":0},"south":{"uv":[11.4,4.8,10.4,5.2],"texture":"#3","tintindex":0},"west":{"uv":[8.4,13.6,8,14],"texture":"#3","tintindex":0},"up":{"uv":[9.2,10.8,10.2,10.4],"texture":"#3","tintindex":0},"down":{"uv":[5,10.8,4,11.2],"texture":"#3","tintindex":0}}},{"from":[3.8162,-7.23494,7.88097],"to":[4.5662,-5.98494,8.38097],"rotation":{"angle":22.5,"axis":"z","origin":[8,-7.09692,11.09047]},"faces":{"north":{"uv":[2.2,8.8,1.6,9.8],"texture":"#3","tintindex":0},"east":{"uv":[6,10.8,5.6,11.8],"texture":"#3","tintindex":0},"south":{"uv":[9.4,5.6,8.8,6.6],"texture":"#3","tintindex":0},"west":{"uv":[2.4,10.4,2,11.4],"texture":"#3","tintindex":0}}},{"from":[4.5662,-7.48494,8.00597],"to":[5.5662,-6.48494,8.25597],"rotation":{"angle":22.5,"axis":"z","origin":[8,-7.09692,11.09047]},"faces":{"north":{"uv":[4.8,8,4,8.8],"texture":"#3","tintindex":0},"east":{"uv":[10.6,13.6,10.4,14.4],"texture":"#3","tintindex":0},"south":{"uv":[6,8,5.2,8.8],"texture":"#3","tintindex":0},"west":{"uv":[9.8,13.6,9.6,14.4],"texture":"#3","tintindex":0},"up":{"uv":[11.2,13.8,12,13.6],"texture":"#3","tintindex":0},"down":{"uv":[13.2,13.6,12.4,13.8],"texture":"#3","tintindex":0}}},{"from":[5.0662,-6.85994,7.88097],"to":[5.6912,-6.35994,8.38097],"rotation":{"angle":22.5,"axis":"z","origin":[8,-7.09692,11.09047]},"faces":{"north":{"uv":[11.3,12.8,10.8,13.2],"texture":"#3","tintindex":0},"east":{"uv":[1.2,14,0.8,14.4],"texture":"#3","tintindex":0},"south":{"uv":[12.5,12.8,12,13.2],"texture":"#3","tintindex":0},"west":{"uv":[14,13.6,13.6,14],"texture":"#3","tintindex":0},"up":{"uv":[0.8,13.6,1.3,13.2],"texture":"#3","tintindex":0},"down":{"uv":[2,13.2,2.5,13.6],"texture":"#3","tintindex":0}}},{"from":[5.0662,-7.98494,7.88097],"to":[5.9412,-7.23494,8.38097],"rotation":{"angle":22.5,"axis":"z","origin":[8,-7.09692,11.09047]},"faces":{"north":{"uv":[10.7,1.2,10,1.8],"texture":"#3","tintindex":0},"east":{"uv":[13.2,5.6,12.8,6.2],"texture":"#3","tintindex":0},"south":{"uv":[3.5,10,2.8,10.6],"texture":"#3","tintindex":0},"west":{"uv":[4,12.8,3.6,13.4],"texture":"#3","tintindex":0},"up":{"uv":[12,11.6,12.7,11.2],"texture":"#3","tintindex":0},"down":{"uv":[12,12,12.7,12.4],"texture":"#3","tintindex":0}}},{"from":[3.03183,-7.40232,8.00522],"to":[3.53183,-6.40232,8.25672],"rotation":{"angle":22.5,"axis":"z","origin":[8,-7.09692,11.09047]},"faces":{"north":{"uv":[2,12,1.6,12.8],"texture":"#3","tintindex":0},"east":{"uv":[2.6,14,2.4,14.8],"texture":"#3","tintindex":0},"south":{"uv":[12.4,2.4,12,3.2],"texture":"#3","tintindex":0},"west":{"uv":[1.8,14,1.6,14.8],"texture":"#3","tintindex":0},"up":{"uv":[12.8,14.6,13.2,14.4],"texture":"#3","tintindex":0},"down":{"uv":[14.4,13.2,14.8,13.4],"texture":"#3","tintindex":0}}},{"from":[4.55648,-11.47234,8.00597],"to":[5.05648,-10.47234,8.25597],"rotation":{"angle":-22.5,"axis":"z","origin":[8,-7.09692,11.09047]},"faces":{"north":{"uv":[12.4,3.6,12,4.4],"texture":"#3","tintindex":0},"east":{"uv":[4.2,14,4,14.8],"texture":"#3","tintindex":0},"south":{"uv":[6.8,12,6.4,12.8],"texture":"#3","tintindex":0},"west":{"uv":[3.4,14,3.2,14.8],"texture":"#3","tintindex":0},"up":{"uv":[13.6,14.6,14,14.4],"texture":"#3","tintindex":0},"down":{"uv":[14.4,14,14.8,14.2],"texture":"#3","tintindex":0}}},{"from":[4.30648,-11.47234,8.00597],"to":[4.55648,-10.97234,8.25597],"rotation":{"angle":-22.5,"axis":"z","origin":[8,-7.09692,11.09047]},"faces":{"north":{"uv":[15,0,14.8,0.4],"texture":"#3","tintindex":0},"south":{"uv":[15,0.8,14.8,1.2],"texture":"#3","tintindex":0},"west":{"uv":[1,14.8,0.8,15.2],"texture":"#3","tintindex":0},"up":{"uv":[15.2,4.2,15.4,4],"texture":"#3","tintindex":0},"down":{"uv":[4.8,15.2,5,15.4],"texture":"#3","tintindex":0}}},{"from":[0.39795,-7.60054,8.00772],"to":[2.64795,-7.22554,8.25422],"rotation":{"angle":22.5,"axis":"z","origin":[8,-7.09692,11.09047]},"faces":{"north":{"uv":[10.6,7.2,8.8,7.5],"texture":"#3","tintindex":0},"south":{"uv":[4.6,9.2,2.8,9.5],"texture":"#3","tintindex":0},"west":{"uv":[15,12,14.8,12.3],"texture":"#3","tintindex":0},"up":{"uv":[10.8,10.6,12.6,10.4],"texture":"#3","tintindex":0},"down":{"uv":[11.2,0,13,0.2],"texture":"#3","tintindex":0}}},{"from":[2.48065,-12.82849,8.01022],"to":[2.98065,-12.45349,8.25172],"rotation":{"angle":-22.5,"axis":"z","origin":[8,-7.09692,11.09047]},"faces":{"north":{"uv":[14.4,11.6,14,11.9],"texture":"#3","tintindex":0},"east":{"uv":[0.2,15.2,0,15.5],"texture":"#3","tintindex":0},"south":{"uv":[14.4,12.4,14,12.7],"texture":"#3","tintindex":0},"west":{"uv":[14.6,14.8,14.4,15.1],"texture":"#3","tintindex":0},"up":{"uv":[5.6,15,6,14.8],"texture":"#3","tintindex":0},"down":{"uv":[14.8,7.2,15.2,7.4],"texture":"#3","tintindex":0}}},{"from":[-3.20929,-8.33982,8.12347],"to":[3.53183,-5.46482,8.13847],"light_emission":15,"rotation":{"angle":22.5,"axis":"z","origin":[8,-7.09692,11.09047]},"faces":{"north":{"uv":[16,1.11111,10,3.66667],"texture":"#2","tintindex":0},"south":{"uv":[10,1.11111,16,3.66667],"texture":"#2","tintindex":0}}},{"from":[3.34937,-10.26523,8.00597],"to":[4.34937,-9.76523,8.25597],"rotation":{"angle":-22.5,"axis":"z","origin":[8,-7.09692,11.09047]},"faces":{"north":{"uv":[12.4,9.6,11.6,10],"texture":"#3","tintindex":0},"east":{"uv":[15,8.8,14.8,9.2],"texture":"#3","tintindex":0},"south":{"uv":[12.8,4.8,12,5.2],"texture":"#3","tintindex":0},"west":{"uv":[15,8,14.8,8.4],"texture":"#3","tintindex":0},"up":{"uv":[14,2.6,14.8,2.4],"texture":"#3","tintindex":0},"down":{"uv":[14.8,4,14,4.2],"texture":"#3","tintindex":0}}},{"from":[3.34937,-10.51523,8.00597],"to":[3.84937,-10.26523,8.25597],"rotation":{"angle":-22.5,"axis":"z","origin":[8,-7.09692,11.09047]},"faces":{"north":{"uv":[9.6,14.8,9.2,15],"texture":"#3","tintindex":0},"east":{"uv":[15.4,5.6,15.2,5.8],"texture":"#3","tintindex":0},"south":{"uv":[15.2,9.6,14.8,9.8],"texture":"#3","tintindex":0},"west":{"uv":[15.4,4.8,15.2,5],"texture":"#3","tintindex":0},"down":{"uv":[10,14.8,10.4,15],"texture":"#3","tintindex":0}}},{"from":[0.39795,-6.57909,8.00772],"to":[2.64795,-6.20409,8.25422],"rotation":{"angle":22.5,"axis":"z","origin":[8,-7.09692,11.09047]},"faces":{"north":{"uv":[7,9.2,5.2,9.5],"texture":"#3","tintindex":0},"south":{"uv":[11,8,9.2,8.3],"texture":"#3","tintindex":0},"west":{"uv":[1.8,15.2,1.6,15.5],"texture":"#3","tintindex":0},"up":{"uv":[11.2,1,13,0.8],"texture":"#3","tintindex":0},"down":{"uv":[13,1.6,11.2,1.8],"texture":"#3","tintindex":0}}},{"from":[1.99322,-12.34106,8.01022],"to":[2.36822,-11.84106,8.25172],"rotation":{"angle":-22.5,"axis":"z","origin":[8,-7.09692,11.09047]},"faces":{"north":{"uv":[0.3,14.4,0,14.8],"texture":"#3","tintindex":0},"east":{"uv":[15,11.2,14.8,11.6],"texture":"#3","tintindex":0},"south":{"uv":[14.7,1.6,14.4,2],"texture":"#3","tintindex":0},"west":{"uv":[15,10.4,14.8,10.8],"texture":"#3","tintindex":0},"up":{"uv":[15.2,1.8,15.5,1.6],"texture":"#3","tintindex":0},"down":{"uv":[2.4,15.2,2.7,15.4],"texture":"#3","tintindex":0}}},{"from":[5.19108,-9.50285,9.53776],"to":[5.19608,-4.00284,18.03776],"rotation":{"angle":-22.5,"axis":"y","origin":[8,-7.09692,11.09047]},"faces":{"east":{"uv":[0,0,6.8,4.4],"texture":"#3","tintindex":0},"west":{"uv":[6.8,0,0,4.4],"texture":"#3","tintindex":0}}},{"from":[1.25,-9.00285,8.63097],"to":[4.75,-0.50285,8.63597],"light_emission":15,"rotation":{"angle":0,"axis":"y","origin":[8,-7.09692,11.09047]},"faces":{"north":{"uv":[8,0,4.88889,7.55556],"texture":"#2","tintindex":0},"south":{"uv":[4.88889,0,8,7.55556],"texture":"#2","tintindex":0}}},{"from":[-0.79498,-9.00285,6.23508],"to":[2.70502,-0.50285,6.24008],"light_emission":15,"rotation":{"angle":22.5,"axis":"y","origin":[8,-7.09692,11.09047]},"faces":{"north":{"uv":[4.88889,0,1.77778,7.55556],"texture":"#2","tintindex":0},"south":{"uv":[1.77778,0,4.88889,7.55556],"texture":"#2","tintindex":0}}},{"from":[-0.31012,-9.00285,3.23898],"to":[1.73258,-0.50285,3.24398],"light_emission":15,"rotation":{"angle":45,"axis":"y","origin":[8,-7.09692,11.09047]},"faces":{"north":{"uv":[1.77778,0,0,7.55556],"texture":"#2","tintindex":0},"south":{"uv":[0,0,1.77778,7.55556],"texture":"#2","tintindex":0}}},{"from":[5.81694,-9.37785,7.47653],"to":[7.55806,-3.75284,7.50153],"light_emission":15,"rotation":{"angle":0,"axis":"z","origin":[8,-7.09692,11.09047]},"faces":{"north":{"uv":[16,11,14.44444,16],"texture":"#2","tintindex":0},"south":{"uv":[14.44444,11,16,16],"texture":"#2","tintindex":0}}},{"from":[6.12318,-6.75285,13.93368],"to":[6.14818,-2.62784,17.17479],"light_emission":15,"rotation":{"angle":-45,"axis":"y","origin":[8,-7.09692,11.09047]},"faces":{"east":{"uv":[10,7,12.88889,10.66667],"texture":"#2","tintindex":0},"west":{"uv":[12.88889,7,10,10.66667],"texture":"#2","tintindex":0}}},{"from":[-0.33527,-7.25285,12.19482],"to":[2.90585,-1.62785,12.21982],"light_emission":15,"rotation":{"angle":22.5,"axis":"y","origin":[8,-7.09692,11.09047]},"faces":{"north":{"uv":[16,5.66667,13.11111,10.66667],"texture":"#2","tintindex":0},"south":{"uv":[13.11111,5.66667,16,10.66667],"texture":"#2","tintindex":0}}}],"gui_light":"front","display":{"thirdperson_righthand":{"rotation":[-137.5,0,-180],"translation":[0,2,2.75],"scale":[0.65,0.65,0.65]},"thirdperson_lefthand":{"rotation":[66.75,0,0],"translation":[-5.5,-6.5,10]},"firstperson_righthand":{"rotation":[-5.75,-180,0],"translation":[0.5,4.25,2.5],"scale":[0.65,0.65,0.65]},"firstperson_lefthand":{"rotation":[-5.75,0,0],"translation":[0.5,1,1],"scale":[0,0,0]},"ground":{"rotation":[-45,0,0],"translation":[0,5,0],"scale":[0.6,0.6,0.6]},"gui":{"rotation":[0,-180,0],"translation":[0.25,12.75,0],"scale":[0.82,0.82,0.82]},"head":{"translation":[0,-64.75,7.25],"scale":[3.2,3.2,3.2]},"fixed":{"rotation":[0,-180,0],"translation":[0,0,-2.5],"scale":[2,2,2]}}}