{"format_version":"1.9.0","credit":"Pologony Creation Co.,Ltd.","texture_size":[40,40],"textures":{"2":"plny_luminite_set:animated/wings_animated","3":"plny_luminite_set:wings"},"elements":[{"from":[16.01824,9.67745,8.76194],"to":[16.76824,10.42745,9.76194],"rotation":{"angle":22.5,"axis":"z","origin":[8,6.80616,14.18094]},"faces":{"north":{"uv":[14.4,3.2,14.7,3.5],"texture":"#3","tintindex":0},"south":{"uv":[4.8,14.4,5.1,14.7],"texture":"#3","tintindex":0},"west":{"uv":[6,14,6.4,14.3],"texture":"#3","tintindex":0},"up":{"uv":[14.3,8,14,7.6],"texture":"#3","tintindex":0},"down":{"uv":[14,8.4,14.3,8.8],"texture":"#3","tintindex":0}}},{"from":[16.76824,7.42745,8.76194],"to":[18.26824,10.42745,9.76194],"rotation":{"angle":22.5,"axis":"z","origin":[8,6.80616,14.18094]},"faces":{"north":{"uv":[6,4.8,6.6,6],"texture":"#3","tintindex":0},"east":{"uv":[9.2,8.8,9.6,10],"texture":"#3","tintindex":0},"south":{"uv":[2.8,6.4,3.4,7.6],"texture":"#3","tintindex":0},"west":{"uv":[9.6,2.4,10,3.6],"texture":"#3","tintindex":0},"up":{"uv":[3,12.8,2.4,12.4],"texture":"#3","tintindex":0},"down":{"uv":[4.4,12.4,5,12.8],"texture":"#3","tintindex":0}}},{"from":[14.97124,3.94178,8.76044],"to":[17.47124,5.44178,9.76344],"rotation":{"angle":45,"axis":"z","origin":[8,6.80616,14.18094]},"faces":{"north":{"uv":[8.4,0,9.4,0.6],"texture":"#3","tintindex":0},"east":{"uv":[0,12.4,0.4,13],"texture":"#3","tintindex":0},"south":{"uv":[8.4,1.2,9.4,1.8],"texture":"#3","tintindex":0},"west":{"uv":[5.6,12.4,6,13],"texture":"#3","tintindex":0},"up":{"uv":[5,10.4,4,10],"texture":"#3","tintindex":0},"down":{"uv":[5.6,10,6.6,10.4],"texture":"#3","tintindex":0}}},{"from":[14.96272,4.71342,8.76194],"to":[17.46272,5.71342,9.76194],"rotation":{"angle":22.5,"axis":"z","origin":[8,6.80616,14.18094]},"faces":{"north":{"uv":[10,5.6,11,6],"texture":"#3","tintindex":0},"east":{"uv":[4.4,13.2,4.8,13.6],"texture":"#3","tintindex":0},"south":{"uv":[10,6.4,11,6.8],"texture":"#3","tintindex":0},"west":{"uv":[13.2,4.4,13.6,4.8],"texture":"#3","tintindex":0},"up":{"uv":[11,9.2,10,8.8],"texture":"#3","tintindex":0},"down":{"uv":[10,9.6,11,10],"texture":"#3","tintindex":0}}},{"from":[14.96272,5.71342,8.76194],"to":[16.46272,8.21342,9.76194],"rotation":{"angle":22.5,"axis":"z","origin":[8,6.80616,14.18094]},"faces":{"north":{"uv":[8.4,2.4,9,3.4],"texture":"#3","tintindex":0},"east":{"uv":[8.4,9.6,8.8,10.6],"texture":"#3","tintindex":0},"south":{"uv":[8.4,4,9,5],"texture":"#3","tintindex":0},"west":{"uv":[1.2,10.4,1.6,11.4],"texture":"#3","tintindex":0}}},{"from":[16.96272,5.71342,8.76194],"to":[17.46272,6.21342,9.76194],"rotation":{"angle":22.5,"axis":"z","origin":[8,6.80616,14.18094]},"faces":{"north":{"uv":[15.2,2.4,15.4,2.6],"texture":"#3","tintindex":0},"east":{"uv":[14.4,6.4,14.8,6.6],"texture":"#3","tintindex":0},"south":{"uv":[3.2,15.2,3.4,15.4],"texture":"#3","tintindex":0},"west":{"uv":[6.8,14.4,7.2,14.6],"texture":"#3","tintindex":0},"up":{"uv":[7.8,14.8,7.6,14.4],"texture":"#3","tintindex":0}}},{"from":[12.71272,6.46342,8.76194],"to":[13.96272,7.46342,9.76194],"rotation":{"angle":22.5,"axis":"z","origin":[8,6.80616,14.18094]},"faces":{"north":{"uv":[12.8,8,13.3,8.4],"texture":"#3","tintindex":0},"east":{"uv":[6.4,13.2,6.8,13.6],"texture":"#3","tintindex":0},"south":{"uv":[8.8,12.8,9.3,13.2],"texture":"#3","tintindex":0},"west":{"uv":[13.2,10.4,13.6,10.8],"texture":"#3","tintindex":0},"up":{"uv":[13.3,9.2,12.8,8.8],"texture":"#3","tintindex":0},"down":{"uv":[13.3,9.6,12.8,10],"texture":"#3","tintindex":0}}},{"from":[12.96272,5.21342,9.01194],"to":[14.96272,7.21342,9.51194],"rotation":{"angle":22.5,"axis":"z","origin":[8,6.80616,14.18094]},"faces":{"north":{"uv":[6.4,6.4,7.2,7.2],"texture":"#3","tintindex":0},"east":{"uv":[13.2,11.2,13.4,12],"texture":"#3","tintindex":0},"south":{"uv":[7.2,0,8,0.8],"texture":"#3","tintindex":0},"west":{"uv":[13.2,12.4,13.4,13.2],"texture":"#3","tintindex":0},"up":{"uv":[14.4,0.2,13.6,0],"texture":"#3","tintindex":0},"down":{"uv":[13.6,0.8,14.4,1],"texture":"#3","tintindex":0}}},{"from":[12.21272,4.21342,8.76194],"to":[13.96272,5.71342,9.76194],"rotation":{"angle":22.5,"axis":"z","origin":[8,6.80616,14.18094]},"faces":{"north":{"uv":[0,10,0.7,10.6],"texture":"#3","tintindex":0},"east":{"uv":[7.2,12.4,7.6,13],"texture":"#3","tintindex":0},"south":{"uv":[10,0,10.7,0.6],"texture":"#3","tintindex":0},"west":{"uv":[8,12.4,8.4,13],"texture":"#3","tintindex":0},"up":{"uv":[9.5,12.4,8.8,12],"texture":"#3","tintindex":0},"down":{"uv":[10.8,12,11.5,12.4],"texture":"#3","tintindex":0}}},{"from":[12.1176,5.03011,7.76194],"to":[13.8676,6.53011,8.76194],"rotation":{"angle":-22.5,"axis":"z","origin":[8,6.80616,14.18094]},"faces":{"north":{"uv":[10,1.2,10.7,1.8],"texture":"#3","tintindex":0},"east":{"uv":[3.6,12.8,4,13.4],"texture":"#3","tintindex":0},"south":{"uv":[2.8,10,3.5,10.6],"texture":"#3","tintindex":0},"west":{"uv":[12.8,5.6,13.2,6.2],"texture":"#3","tintindex":0},"up":{"uv":[12.7,11.6,12,11.2],"texture":"#3","tintindex":0},"down":{"uv":[12.7,12,12,12.4],"texture":"#3","tintindex":0}}},{"from":[12.6176,7.28011,7.76194],"to":[13.8676,8.28011,8.76194],"rotation":{"angle":-22.5,"axis":"z","origin":[8,6.80616,14.18094]},"faces":{"north":{"uv":[10.8,12.8,11.3,13.2],"texture":"#3","tintindex":0},"east":{"uv":[13.6,13.6,14,14],"texture":"#3","tintindex":0},"south":{"uv":[12,12.8,12.5,13.2],"texture":"#3","tintindex":0},"west":{"uv":[0.8,14,1.2,14.4],"texture":"#3","tintindex":0},"up":{"uv":[1.3,13.6,0.8,13.2],"texture":"#3","tintindex":0},"down":{"uv":[2.5,13.2,2,13.6],"texture":"#3","tintindex":0}}},{"from":[12.8676,6.03011,8.01194],"to":[14.8676,8.03011,8.51194],"rotation":{"angle":-22.5,"axis":"z","origin":[8,6.80616,14.18094]},"faces":{"north":{"uv":[4,8,4.8,8.8],"texture":"#3","tintindex":0},"east":{"uv":[9.6,13.6,9.8,14.4],"texture":"#3","tintindex":0},"south":{"uv":[5.2,8,6,8.8],"texture":"#3","tintindex":0},"west":{"uv":[10.4,13.6,10.6,14.4],"texture":"#3","tintindex":0},"up":{"uv":[12,13.8,11.2,13.6],"texture":"#3","tintindex":0},"down":{"uv":[12.4,13.6,13.2,13.8],"texture":"#3","tintindex":0}}},{"from":[14.8676,6.53011,7.76194],"to":[16.3676,9.03011,8.76194],"rotation":{"angle":-22.5,"axis":"z","origin":[8,6.80616,14.18094]},"faces":{"north":{"uv":[1.6,8.8,2.2,9.8],"texture":"#3","tintindex":0},"east":{"uv":[2,10.4,2.4,11.4],"texture":"#3","tintindex":0},"south":{"uv":[8.8,5.6,9.4,6.6],"texture":"#3","tintindex":0},"west":{"uv":[5.6,10.8,6,11.8],"texture":"#3","tintindex":0}}},{"from":[14.8676,5.53011,7.76194],"to":[17.3676,6.53011,8.76194],"rotation":{"angle":-22.5,"axis":"z","origin":[8,6.80616,14.18094]},"faces":{"north":{"uv":[10.4,4,11.4,4.4],"texture":"#3","tintindex":0},"east":{"uv":[8,13.6,8.4,14],"texture":"#3","tintindex":0},"south":{"uv":[10.4,4.8,11.4,5.2],"texture":"#3","tintindex":0},"west":{"uv":[8.8,13.6,9.2,14],"texture":"#3","tintindex":0},"up":{"uv":[10.2,10.8,9.2,10.4],"texture":"#3","tintindex":0},"down":{"uv":[4,10.8,5,11.2],"texture":"#3","tintindex":0}}},{"from":[16.8676,6.53011,7.76194],"to":[17.3676,7.03011,8.76194],"rotation":{"angle":-22.5,"axis":"z","origin":[8,6.80616,14.18094]},"faces":{"north":{"uv":[15.2,3.2,15.4,3.4],"texture":"#3","tintindex":0},"east":{"uv":[8.4,14.4,8.8,14.6],"texture":"#3","tintindex":0},"south":{"uv":[4,15.2,4.2,15.4],"texture":"#3","tintindex":0},"west":{"uv":[11.2,14.4,11.6,14.6],"texture":"#3","tintindex":0},"up":{"uv":[12.2,14.8,12,14.4],"texture":"#3","tintindex":0}}},{"from":[15.1959,4.7327,7.76044],"to":[17.6959,6.2327,8.76344],"rotation":{"angle":0,"axis":"x","origin":[8,6.80616,14.18094]},"faces":{"north":{"uv":[7.6,8.4,8.6,9],"texture":"#3","tintindex":0},"east":{"uv":[10,12.4,10.4,13],"texture":"#3","tintindex":0},"south":{"uv":[0,8.8,1,9.4],"texture":"#3","tintindex":0},"west":{"uv":[12.8,3.2,13.2,3.8],"texture":"#3","tintindex":0},"up":{"uv":[11.4,2.8,10.4,2.4],"texture":"#3","tintindex":0},"down":{"uv":[11.4,3.2,10.4,3.6],"texture":"#3","tintindex":0}}},{"from":[16.67312,8.24414,7.76194],"to":[18.17312,11.24414,8.76194],"rotation":{"angle":-22.5,"axis":"z","origin":[8,6.80616,14.18094]},"faces":{"north":{"uv":[4,6.4,4.6,7.6],"texture":"#3","tintindex":0},"east":{"uv":[9.6,4,10,5.2],"texture":"#3","tintindex":0},"south":{"uv":[5.2,6.4,5.8,7.6],"texture":"#3","tintindex":0},"west":{"uv":[7.6,9.6,8,10.8],"texture":"#3","tintindex":0},"up":{"uv":[13,7.6,12.4,7.2],"texture":"#3","tintindex":0},"down":{"uv":[13.4,2.4,12.8,2.8],"texture":"#3","tintindex":0}}},{"from":[15.92312,10.49414,7.76194],"to":[16.67312,11.24414,8.76194],"rotation":{"angle":-22.5,"axis":"z","origin":[8,6.80616,14.18094]},"faces":{"north":{"uv":[14.4,4.8,14.7,5.1],"texture":"#3","tintindex":0},"south":{"uv":[14.4,5.6,14.7,5.9],"texture":"#3","tintindex":0},"west":{"uv":[14,9.2,14.4,9.5],"texture":"#3","tintindex":0},"up":{"uv":[14.3,10.4,14,10],"texture":"#3","tintindex":0},"down":{"uv":[14.3,10.8,14,11.2],"texture":"#3","tintindex":0}}},{"from":[11.51861,7.53019,7.26194],"to":[12.51861,9.53019,9.26194],"rotation":{"angle":-45,"axis":"z","origin":[8,6.80616,14.18094]},"faces":{"north":{"uv":[6.4,10.8,6.8,11.6],"texture":"#3","tintindex":0},"east":{"uv":[7.2,1.2,8,2],"texture":"#3","tintindex":0},"south":{"uv":[0,11.2,0.4,12],"texture":"#3","tintindex":0},"west":{"uv":[7.2,2.4,8,3.2],"texture":"#3","tintindex":0}}},{"from":[8.51861,7.53019,7.26194],"to":[9.51861,9.53019,9.26194],"rotation":{"angle":-45,"axis":"z","origin":[8,6.80616,14.18094]},"faces":{"north":{"uv":[2.8,11.2,3.2,12],"texture":"#3","tintindex":0},"east":{"uv":[7.2,3.6,8,4.4],"texture":"#3","tintindex":0},"south":{"uv":[7.2,11.2,7.6,12],"texture":"#3","tintindex":0},"west":{"uv":[7.2,4.8,8,5.6],"texture":"#3","tintindex":0}}},{"from":[11.51861,9.53019,7.26194],"to":[12.51861,10.53019,9.26194],"rotation":{"angle":-45,"axis":"z","origin":[8,6.80616,14.18094]},"faces":{"north":{"uv":[0,13.6,0.4,14],"texture":"#3","tintindex":0},"east":{"uv":[11.2,7.2,12,7.6],"texture":"#3","tintindex":0},"south":{"uv":[13.6,1.6,14,2],"texture":"#3","tintindex":0},"up":{"uv":[8.4,12,8,11.2],"texture":"#3","tintindex":0}}},{"from":[11.51861,6.53019,7.26194],"to":[12.51861,7.53019,9.26194],"rotation":{"angle":-45,"axis":"z","origin":[8,6.80616,14.18094]},"faces":{"north":{"uv":[13.6,3.2,14,3.6],"texture":"#3","tintindex":0},"east":{"uv":[8.8,11.2,9.6,11.6],"texture":"#3","tintindex":0},"south":{"uv":[5.2,13.6,5.6,14],"texture":"#3","tintindex":0},"down":{"uv":[10.4,11.2,10,12],"texture":"#3","tintindex":0}}},{"from":[8.51861,9.53019,7.26194],"to":[9.51861,10.53019,9.26194],"rotation":{"angle":-45,"axis":"z","origin":[8,6.80616,14.18094]},"faces":{"north":{"uv":[13.6,5.2,14,5.6],"texture":"#3","tintindex":0},"south":{"uv":[13.6,6,14,6.4],"texture":"#3","tintindex":0},"west":{"uv":[10.8,11.2,11.6,11.6],"texture":"#3","tintindex":0},"up":{"uv":[4,12.4,3.6,11.6],"texture":"#3","tintindex":0}}},{"from":[9.51861,9.53019,7.26194],"to":[11.51861,10.53019,9.26194],"rotation":{"angle":-45,"axis":"z","origin":[8,6.80616,14.18094]},"faces":{"north":{"uv":[4.4,11.6,5.2,12],"texture":"#3","tintindex":0},"south":{"uv":[11.6,5.6,12.4,6],"texture":"#3","tintindex":0},"up":{"uv":[8.4,6.8,7.6,6],"texture":"#3","tintindex":0},"down":{"uv":[7.2,7.6,6.4,8.4],"texture":"#3","tintindex":0}}},{"from":[9.01861,7.03019,7.51194],"to":[12.01861,10.03019,9.01194],"rotation":{"angle":-45,"axis":"z","origin":[8,6.80616,14.18094]},"faces":{"north":{"uv":[2.8,4.8,4,6],"texture":"#3","tintindex":0},"south":{"uv":[4.4,4.8,5.6,6],"texture":"#3","tintindex":0}}},{"from":[9.51861,6.53019,7.26194],"to":[11.51861,7.53019,9.26194],"rotation":{"angle":-45,"axis":"z","origin":[8,6.80616,14.18094]},"faces":{"north":{"uv":[11.6,6.4,12.4,6.8],"texture":"#3","tintindex":0},"south":{"uv":[11.6,8,12.4,8.4],"texture":"#3","tintindex":0},"up":{"uv":[8.4,8,7.6,7.2],"texture":"#3","tintindex":0},"down":{"uv":[2.8,8,3.6,8.8],"texture":"#3","tintindex":0}}},{"from":[8.51861,6.53019,7.26194],"to":[9.51861,7.53019,9.26194],"rotation":{"angle":-45,"axis":"z","origin":[8,6.80616,14.18094]},"faces":{"north":{"uv":[13.6,6.8,14,7.2],"texture":"#3","tintindex":0},"south":{"uv":[7.2,13.6,7.6,14],"texture":"#3","tintindex":0},"west":{"uv":[11.6,8.8,12.4,9.2],"texture":"#3","tintindex":0},"down":{"uv":[0.8,12,1.2,12.8],"texture":"#3","tintindex":0}}},{"from":[7.23154,2.24431,4.76298],"to":[8.48154,11.24431,4.77298],"rotation":{"angle":-45,"axis":"y","origin":[8,6.80616,14.18094]},"faces":{"north":{"uv":[1.6,4.8,2.1,8.4],"texture":"#3","tintindex":0},"south":{"uv":[2.1,4.8,1.6,8.4],"texture":"#3","tintindex":0}}},{"from":[11.36612,2.24431,6.97806],"to":[14.11612,11.24431,6.98806],"rotation":{"angle":0,"axis":"y","origin":[8,6.80616,14.18094]},"faces":{"north":{"uv":[0,4.8,1.1,8.4],"texture":"#3","tintindex":0},"south":{"uv":[1.1,4.8,0,8.4],"texture":"#3","tintindex":0}}},{"from":[16.93634,6.19536,8.01044],"to":[17.93634,8.19536,8.51344],"rotation":{"angle":-22.5,"axis":"z","origin":[8,6.80616,14.18094]},"faces":{"north":{"uv":[1.6,12,2,12.8],"texture":"#3","tintindex":0},"east":{"uv":[1.6,14,1.8,14.8],"texture":"#3","tintindex":0},"south":{"uv":[12,2.4,12.4,3.2],"texture":"#3","tintindex":0},"west":{"uv":[2.4,14,2.6,14.8],"texture":"#3","tintindex":0},"up":{"uv":[13.2,14.6,12.8,14.4],"texture":"#3","tintindex":0},"down":{"uv":[14.8,13.2,14.4,13.4],"texture":"#3","tintindex":0}}},{"from":[14.88705,-1.94468,8.01194],"to":[15.38705,-0.94468,8.51194],"rotation":{"angle":22.5,"axis":"z","origin":[8,6.80616,14.18094]},"faces":{"north":{"uv":[14.8,0,15,0.4],"texture":"#3","tintindex":0},"east":{"uv":[0.8,14.8,1,15.2],"texture":"#3","tintindex":0},"south":{"uv":[14.8,0.8,15,1.2],"texture":"#3","tintindex":0},"up":{"uv":[15.4,4.2,15.2,4],"texture":"#3","tintindex":0},"down":{"uv":[5,15.2,4.8,15.4],"texture":"#3","tintindex":0}}},{"from":[18.7041,5.79892,8.01544],"to":[23.2041,6.54892,8.50844],"rotation":{"angle":-22.5,"axis":"z","origin":[8,6.80616,14.18094]},"faces":{"north":{"uv":[8.8,7.2,10.6,7.5],"texture":"#3","tintindex":0},"east":{"uv":[14.8,12,15,12.3],"texture":"#3","tintindex":0},"south":{"uv":[2.8,9.2,4.6,9.5],"texture":"#3","tintindex":0},"up":{"uv":[12.6,10.6,10.8,10.4],"texture":"#3","tintindex":0},"down":{"uv":[13,0,11.2,0.2],"texture":"#3","tintindex":0}}},{"from":[18.0387,-4.65699,8.02044],"to":[19.0387,-3.90699,8.50344],"rotation":{"angle":22.5,"axis":"z","origin":[8,6.80616,14.18094]},"faces":{"north":{"uv":[14,11.6,14.4,11.9],"texture":"#3","tintindex":0},"east":{"uv":[14.4,14.8,14.6,15.1],"texture":"#3","tintindex":0},"south":{"uv":[14,12.4,14.4,12.7],"texture":"#3","tintindex":0},"west":{"uv":[0,15.2,0.2,15.5],"texture":"#3","tintindex":0},"up":{"uv":[6,15,5.6,14.8],"texture":"#3","tintindex":0},"down":{"uv":[15.2,7.2,14.8,7.4],"texture":"#3","tintindex":0}}},{"from":[16.93634,4.32036,8.24694],"to":[30.41857,10.07036,8.27694],"light_emission":15,"rotation":{"angle":-22.5,"axis":"z","origin":[8,6.80616,14.18094]},"faces":{"north":{"uv":[10,1.11111,16,3.66667],"texture":"#2","tintindex":0},"south":{"uv":[16,1.11111,10,3.66667],"texture":"#2","tintindex":0}}},{"from":[8.88389,2.24431,6.95306],"to":[12.36612,13.49431,7.00306],"light_emission":15,"rotation":{"angle":0,"axis":"z","origin":[8,6.80616,14.18094]},"faces":{"north":{"uv":[14.44444,11,16,16],"texture":"#2","tintindex":0},"south":{"uv":[16,11,14.44444,16],"texture":"#2","tintindex":0}}},{"from":[11.70365,7.49431,19.86735],"to":[11.75365,15.74431,26.34958],"light_emission":15,"rotation":{"angle":45,"axis":"y","origin":[8,6.80616,14.18094]},"faces":{"east":{"uv":[10,7,12.88889,10.66667],"texture":"#2","tintindex":0},"west":{"uv":[12.88889,7,10,10.66667],"texture":"#2","tintindex":0}}},{"from":[18.18831,6.49431,16.38963],"to":[24.67054,17.74431,16.43963],"light_emission":15,"rotation":{"angle":-22.5,"axis":"y","origin":[8,6.80616,14.18094]},"faces":{"north":{"uv":[13.11111,5.66667,16,10.66667],"texture":"#2","tintindex":0},"south":{"uv":[16,5.66667,13.11111,10.66667],"texture":"#2","tintindex":0}}},{"from":[13.88705,-1.94468,8.01194],"to":[14.88705,0.05532,8.51194],"rotation":{"angle":22.5,"axis":"z","origin":[8,6.80616,14.18094]},"faces":{"north":{"uv":[12,3.6,12.4,4.4],"texture":"#3","tintindex":0},"east":{"uv":[3.2,14,3.4,14.8],"texture":"#3","tintindex":0},"south":{"uv":[6.4,12,6.8,12.8],"texture":"#3","tintindex":0},"west":{"uv":[4,14,4.2,14.8],"texture":"#3","tintindex":0},"up":{"uv":[14,14.6,13.6,14.4],"texture":"#3","tintindex":0},"down":{"uv":[14.8,14,14.4,14.2],"texture":"#3","tintindex":0}}},{"from":[19.26357,-3.68212,8.02044],"to":[20.01357,-2.68212,8.50344],"rotation":{"angle":22.5,"axis":"z","origin":[8,6.80616,14.18094]},"faces":{"north":{"uv":[0,14.4,0.3,14.8],"texture":"#3","tintindex":0},"east":{"uv":[14.8,10.4,15,10.8],"texture":"#3","tintindex":0},"south":{"uv":[14.4,1.6,14.7,2],"texture":"#3","tintindex":0},"west":{"uv":[14.8,11.2,15,11.6],"texture":"#3","tintindex":0},"up":{"uv":[15.5,1.8,15.2,1.6],"texture":"#3","tintindex":0},"down":{"uv":[2.7,15.2,2.4,15.4],"texture":"#3","tintindex":0}}},{"from":[18.7041,7.84181,8.01544],"to":[23.2041,8.59181,8.50844],"rotation":{"angle":-22.5,"axis":"z","origin":[8,6.80616,14.18094]},"faces":{"north":{"uv":[5.2,9.2,7,9.5],"texture":"#3","tintindex":0},"east":{"uv":[1.6,15.2,1.8,15.5],"texture":"#3","tintindex":0},"south":{"uv":[9.2,8,11,8.3],"texture":"#3","tintindex":0},"up":{"uv":[13,1,11.2,0.8],"texture":"#3","tintindex":0},"down":{"uv":[11.2,1.6,13,1.8],"texture":"#3","tintindex":0}}},{"from":[16.30126,-0.03047,8.01194],"to":[17.30126,0.46953,8.51194],"rotation":{"angle":22.5,"axis":"z","origin":[8,6.80616,14.18094]},"faces":{"north":{"uv":[9.2,14.8,9.6,15],"texture":"#3","tintindex":0},"east":{"uv":[15.2,4.8,15.4,5],"texture":"#3","tintindex":0},"south":{"uv":[14.8,9.6,15.2,9.8],"texture":"#3","tintindex":0},"west":{"uv":[15.2,5.6,15.4,5.8],"texture":"#3","tintindex":0},"down":{"uv":[10.4,14.8,10,15],"texture":"#3","tintindex":0}}},{"from":[15.30126,0.46953,8.01194],"to":[17.30126,1.46953,8.51194],"rotation":{"angle":22.5,"axis":"z","origin":[8,6.80616,14.18094]},"faces":{"north":{"uv":[11.6,9.6,12.4,10],"texture":"#3","tintindex":0},"east":{"uv":[14.8,8,15,8.4],"texture":"#3","tintindex":0},"south":{"uv":[12,4.8,12.8,5.2],"texture":"#3","tintindex":0},"west":{"uv":[14.8,8.8,15,9.2],"texture":"#3","tintindex":0},"up":{"uv":[14.8,2.6,14,2.4],"texture":"#3","tintindex":0},"down":{"uv":[14,4,14.8,4.2],"texture":"#3","tintindex":0}}},{"from":[13.60784,1.99431,11.07552],"to":[13.61784,12.99431,28.07552],"rotation":{"angle":22.5,"axis":"y","origin":[8,6.80616,14.18094]},"faces":{"east":{"uv":[0,0,6.8,4.4],"texture":"#3","tintindex":0},"west":{"uv":[6.8,0,0,4.4],"texture":"#3","tintindex":0}}},{"from":[14.5,2.99431,9.26194],"to":[21.5,19.99431,9.27194],"light_emission":15,"rotation":{"angle":0,"axis":"y","origin":[8,6.80616,14.18094]},"faces":{"north":{"uv":[4.88889,0,8,7.55556],"texture":"#2","tintindex":0},"south":{"uv":[8,0,4.88889,7.55556],"texture":"#2","tintindex":0}}},{"from":[18.58996,2.99431,4.47015],"to":[25.58996,19.99431,4.48015],"light_emission":15,"rotation":{"angle":-22.5,"axis":"y","origin":[8,6.80616,14.18094]},"faces":{"north":{"uv":[1.77778,0,4.88889,7.55556],"texture":"#2","tintindex":0},"south":{"uv":[4.88889,0,1.77778,7.55556],"texture":"#2","tintindex":0}}},{"from":[20.53484,2.99431,-1.52204],"to":[24.62024,19.99431,-1.51204],"light_emission":15,"rotation":{"angle":-45,"axis":"y","origin":[8,6.80616,14.18094]},"faces":{"north":{"uv":[0,0,1.77778,7.55556],"texture":"#2","tintindex":0},"south":{"uv":[1.77778,0,0,7.55556],"texture":"#2","tintindex":0}}},{"from":[-0.76824,9.67745,8.76194],"to":[-0.01824,10.42745,9.76194],"rotation":{"angle":-22.5,"axis":"z","origin":[8,6.80616,14.18094]},"faces":{"north":{"uv":[14.7,3.2,14.4,3.5],"texture":"#3","tintindex":0},"east":{"uv":[6.4,14,6,14.3],"texture":"#3","tintindex":0},"south":{"uv":[5.1,14.4,4.8,14.7],"texture":"#3","tintindex":0},"up":{"uv":[14,8,14.3,7.6],"texture":"#3","tintindex":0},"down":{"uv":[14.3,8.4,14,8.8],"texture":"#3","tintindex":0}}},{"from":[-2.26824,7.42745,8.76194],"to":[-0.76824,10.42745,9.76194],"rotation":{"angle":-22.5,"axis":"z","origin":[8,6.80616,14.18094]},"faces":{"north":{"uv":[6.6,4.8,6,6],"texture":"#3","tintindex":0},"east":{"uv":[10,2.4,9.6,3.6],"texture":"#3","tintindex":0},"south":{"uv":[3.4,6.4,2.8,7.6],"texture":"#3","tintindex":0},"west":{"uv":[9.6,8.8,9.2,10],"texture":"#3","tintindex":0},"up":{"uv":[2.4,12.8,3,12.4],"texture":"#3","tintindex":0},"down":{"uv":[5,12.4,4.4,12.8],"texture":"#3","tintindex":0}}},{"from":[-1.47124,3.94178,8.76044],"to":[1.02876,5.44178,9.76344],"rotation":{"angle":-45,"axis":"z","origin":[8,6.80616,14.18094]},"faces":{"north":{"uv":[9.4,0,8.4,0.6],"texture":"#3","tintindex":0},"east":{"uv":[6,12.4,5.6,13],"texture":"#3","tintindex":0},"south":{"uv":[9.4,1.2,8.4,1.8],"texture":"#3","tintindex":0},"west":{"uv":[0.4,12.4,0,13],"texture":"#3","tintindex":0},"up":{"uv":[4,10.4,5,10],"texture":"#3","tintindex":0},"down":{"uv":[6.6,10,5.6,10.4],"texture":"#3","tintindex":0}}},{"from":[-1.46272,4.71342,8.76194],"to":[1.03728,5.71342,9.76194],"rotation":{"angle":-22.5,"axis":"z","origin":[8,6.80616,14.18094]},"faces":{"north":{"uv":[11,5.6,10,6],"texture":"#3","tintindex":0},"east":{"uv":[13.6,4.4,13.2,4.8],"texture":"#3","tintindex":0},"south":{"uv":[11,6.4,10,6.8],"texture":"#3","tintindex":0},"west":{"uv":[4.8,13.2,4.4,13.6],"texture":"#3","tintindex":0},"up":{"uv":[10,9.2,11,8.8],"texture":"#3","tintindex":0},"down":{"uv":[11,9.6,10,10],"texture":"#3","tintindex":0}}},{"from":[-0.46272,5.71342,8.76194],"to":[1.03728,8.21342,9.76194],"rotation":{"angle":-22.5,"axis":"z","origin":[8,6.80616,14.18094]},"faces":{"north":{"uv":[9,2.4,8.4,3.4],"texture":"#3","tintindex":0},"east":{"uv":[1.6,10.4,1.2,11.4],"texture":"#3","tintindex":0},"south":{"uv":[9,4,8.4,5],"texture":"#3","tintindex":0},"west":{"uv":[8.8,9.6,8.4,10.6],"texture":"#3","tintindex":0}}},{"from":[-1.46272,5.71342,8.76194],"to":[-0.96272,6.21342,9.76194],"rotation":{"angle":-22.5,"axis":"z","origin":[8,6.80616,14.18094]},"faces":{"north":{"uv":[15.4,2.4,15.2,2.6],"texture":"#3","tintindex":0},"east":{"uv":[7.2,14.4,6.8,14.6],"texture":"#3","tintindex":0},"south":{"uv":[3.4,15.2,3.2,15.4],"texture":"#3","tintindex":0},"west":{"uv":[14.8,6.4,14.4,6.6],"texture":"#3","tintindex":0},"up":{"uv":[7.6,14.8,7.8,14.4],"texture":"#3","tintindex":0}}},{"from":[2.03728,6.46342,8.76194],"to":[3.28728,7.46342,9.76194],"rotation":{"angle":-22.5,"axis":"z","origin":[8,6.80616,14.18094]},"faces":{"north":{"uv":[13.3,8,12.8,8.4],"texture":"#3","tintindex":0},"east":{"uv":[13.6,10.4,13.2,10.8],"texture":"#3","tintindex":0},"south":{"uv":[9.3,12.8,8.8,13.2],"texture":"#3","tintindex":0},"west":{"uv":[6.8,13.2,6.4,13.6],"texture":"#3","tintindex":0},"up":{"uv":[12.8,9.2,13.3,8.8],"texture":"#3","tintindex":0},"down":{"uv":[12.8,9.6,13.3,10],"texture":"#3","tintindex":0}}},{"from":[1.03728,5.21342,9.01194],"to":[3.03728,7.21342,9.51194],"rotation":{"angle":-22.5,"axis":"z","origin":[8,6.80616,14.18094]},"faces":{"north":{"uv":[7.2,6.4,6.4,7.2],"texture":"#3","tintindex":0},"east":{"uv":[13.4,12.4,13.2,13.2],"texture":"#3","tintindex":0},"south":{"uv":[8,0,7.2,0.8],"texture":"#3","tintindex":0},"west":{"uv":[13.4,11.2,13.2,12],"texture":"#3","tintindex":0},"up":{"uv":[13.6,0.2,14.4,0],"texture":"#3","tintindex":0},"down":{"uv":[14.4,0.8,13.6,1],"texture":"#3","tintindex":0}}},{"from":[2.03728,4.21342,8.76194],"to":[3.78728,5.71342,9.76194],"rotation":{"angle":-22.5,"axis":"z","origin":[8,6.80616,14.18094]},"faces":{"north":{"uv":[0.7,10,0,10.6],"texture":"#3","tintindex":0},"east":{"uv":[8.4,12.4,8,13],"texture":"#3","tintindex":0},"south":{"uv":[10.7,0,10,0.6],"texture":"#3","tintindex":0},"west":{"uv":[7.6,12.4,7.2,13],"texture":"#3","tintindex":0},"up":{"uv":[8.8,12.4,9.5,12],"texture":"#3","tintindex":0},"down":{"uv":[11.5,12,10.8,12.4],"texture":"#3","tintindex":0}}},{"from":[3.48139,7.53019,7.26194],"to":[4.48139,9.53019,9.26194],"rotation":{"angle":45,"axis":"z","origin":[8,6.80616,14.18094]},"faces":{"north":{"uv":[6.8,10.8,6.4,11.6],"texture":"#3","tintindex":0},"east":{"uv":[8,2.4,7.2,3.2],"texture":"#3","tintindex":0},"south":{"uv":[0.4,11.2,0,12],"texture":"#3","tintindex":0},"west":{"uv":[8,1.2,7.2,2],"texture":"#3","tintindex":0}}},{"from":[6.48139,7.53019,7.26194],"to":[7.48139,9.53019,9.26194],"rotation":{"angle":45,"axis":"z","origin":[8,6.80616,14.18094]},"faces":{"north":{"uv":[3.2,11.2,2.8,12],"texture":"#3","tintindex":0},"east":{"uv":[8,4.8,7.2,5.6],"texture":"#3","tintindex":0},"south":{"uv":[7.6,11.2,7.2,12],"texture":"#3","tintindex":0},"west":{"uv":[8,3.6,7.2,4.4],"texture":"#3","tintindex":0}}},{"from":[3.48139,9.53019,7.26194],"to":[4.48139,10.53019,9.26194],"rotation":{"angle":45,"axis":"z","origin":[8,6.80616,14.18094]},"faces":{"north":{"uv":[0.4,13.6,0,14],"texture":"#3","tintindex":0},"south":{"uv":[14,1.6,13.6,2],"texture":"#3","tintindex":0},"west":{"uv":[12,7.2,11.2,7.6],"texture":"#3","tintindex":0},"up":{"uv":[8,12,8.4,11.2],"texture":"#3","tintindex":0}}},{"from":[3.48139,6.53019,7.26194],"to":[4.48139,7.53019,9.26194],"rotation":{"angle":45,"axis":"z","origin":[8,6.80616,14.18094]},"faces":{"north":{"uv":[14,3.2,13.6,3.6],"texture":"#3","tintindex":0},"south":{"uv":[5.6,13.6,5.2,14],"texture":"#3","tintindex":0},"west":{"uv":[9.6,11.2,8.8,11.6],"texture":"#3","tintindex":0},"down":{"uv":[10,11.2,10.4,12],"texture":"#3","tintindex":0}}},{"from":[6.48139,9.53019,7.26194],"to":[7.48139,10.53019,9.26194],"rotation":{"angle":45,"axis":"z","origin":[8,6.80616,14.18094]},"faces":{"north":{"uv":[14,5.2,13.6,5.6],"texture":"#3","tintindex":0},"east":{"uv":[11.6,11.2,10.8,11.6],"texture":"#3","tintindex":0},"south":{"uv":[14,6,13.6,6.4],"texture":"#3","tintindex":0},"up":{"uv":[3.6,12.4,4,11.6],"texture":"#3","tintindex":0}}},{"from":[4.48139,9.53019,7.26194],"to":[6.48139,10.53019,9.26194],"rotation":{"angle":45,"axis":"z","origin":[8,6.80616,14.18094]},"faces":{"north":{"uv":[5.2,11.6,4.4,12],"texture":"#3","tintindex":0},"south":{"uv":[12.4,5.6,11.6,6],"texture":"#3","tintindex":0},"up":{"uv":[7.6,6.8,8.4,6],"texture":"#3","tintindex":0},"down":{"uv":[6.4,7.6,7.2,8.4],"texture":"#3","tintindex":0}}},{"from":[3.98139,7.03019,7.51194],"to":[6.98139,10.03019,9.01194],"rotation":{"angle":45,"axis":"z","origin":[8,6.80616,14.18094]},"faces":{"north":{"uv":[4,4.8,2.8,6],"texture":"#3","tintindex":0},"south":{"uv":[5.6,4.8,4.4,6],"texture":"#3","tintindex":0}}},{"from":[4.48139,6.53019,7.26194],"to":[6.48139,7.53019,9.26194],"rotation":{"angle":45,"axis":"z","origin":[8,6.80616,14.18094]},"faces":{"north":{"uv":[12.4,6.4,11.6,6.8],"texture":"#3","tintindex":0},"south":{"uv":[12.4,8,11.6,8.4],"texture":"#3","tintindex":0},"up":{"uv":[7.6,8,8.4,7.2],"texture":"#3","tintindex":0},"down":{"uv":[3.6,8,2.8,8.8],"texture":"#3","tintindex":0}}},{"from":[6.48139,6.53019,7.26194],"to":[7.48139,7.53019,9.26194],"rotation":{"angle":45,"axis":"z","origin":[8,6.80616,14.18094]},"faces":{"north":{"uv":[14,6.8,13.6,7.2],"texture":"#3","tintindex":0},"east":{"uv":[12.4,8.8,11.6,9.2],"texture":"#3","tintindex":0},"south":{"uv":[7.6,13.6,7.2,14],"texture":"#3","tintindex":0},"down":{"uv":[1.2,12,0.8,12.8],"texture":"#3","tintindex":0}}},{"from":[7.51846,2.24431,4.76298],"to":[8.76846,11.24431,4.77298],"rotation":{"angle":45,"axis":"y","origin":[8,6.80616,14.18094]},"faces":{"north":{"uv":[2.1,4.8,1.6,8.4],"texture":"#3","tintindex":0},"south":{"uv":[1.6,4.8,2.1,8.4],"texture":"#3","tintindex":0}}},{"from":[1.88388,2.24431,6.97806],"to":[4.63388,11.24431,6.98806],"rotation":{"angle":0,"axis":"y","origin":[8,6.80616,14.18094]},"faces":{"north":{"uv":[1.1,4.8,0,8.4],"texture":"#3","tintindex":0},"south":{"uv":[0,4.8,1.1,8.4],"texture":"#3","tintindex":0}}},{"from":[-0.67312,10.49414,7.76194],"to":[0.07688,11.24414,8.76194],"rotation":{"angle":22.5,"axis":"z","origin":[8,6.80616,14.18094]},"faces":{"north":{"uv":[14.7,4.8,14.4,5.1],"texture":"#3","tintindex":0},"east":{"uv":[14.4,9.2,14,9.5],"texture":"#3","tintindex":0},"south":{"uv":[14.7,5.6,14.4,5.9],"texture":"#3","tintindex":0},"up":{"uv":[14,10.4,14.3,10],"texture":"#3","tintindex":0},"down":{"uv":[14,10.8,14.3,11.2],"texture":"#3","tintindex":0}}},{"from":[-2.17312,8.24414,7.76194],"to":[-0.67312,11.24414,8.76194],"rotation":{"angle":22.5,"axis":"z","origin":[8,6.80616,14.18094]},"faces":{"north":{"uv":[4.6,6.4,4,7.6],"texture":"#3","tintindex":0},"east":{"uv":[8,9.6,7.6,10.8],"texture":"#3","tintindex":0},"south":{"uv":[5.8,6.4,5.2,7.6],"texture":"#3","tintindex":0},"west":{"uv":[10,4,9.6,5.2],"texture":"#3","tintindex":0},"up":{"uv":[12.4,7.6,13,7.2],"texture":"#3","tintindex":0},"down":{"uv":[12.8,2.4,13.4,2.8],"texture":"#3","tintindex":0}}},{"from":[-1.6959,4.7327,7.76044],"to":[0.8041,6.2327,8.76344],"rotation":{"angle":0,"axis":"x","origin":[8,6.80616,14.18094]},"faces":{"north":{"uv":[8.6,8.4,7.6,9],"texture":"#3","tintindex":0},"east":{"uv":[13.2,3.2,12.8,3.8],"texture":"#3","tintindex":0},"south":{"uv":[1,8.8,0,9.4],"texture":"#3","tintindex":0},"west":{"uv":[10.4,12.4,10,13],"texture":"#3","tintindex":0},"up":{"uv":[10.4,2.8,11.4,2.4],"texture":"#3","tintindex":0},"down":{"uv":[10.4,3.2,11.4,3.6],"texture":"#3","tintindex":0}}},{"from":[-1.3676,6.53011,7.76194],"to":[-0.8676,7.03011,8.76194],"rotation":{"angle":22.5,"axis":"z","origin":[8,6.80616,14.18094]},"faces":{"north":{"uv":[15.4,3.2,15.2,3.4],"texture":"#3","tintindex":0},"east":{"uv":[11.6,14.4,11.2,14.6],"texture":"#3","tintindex":0},"south":{"uv":[4.2,15.2,4,15.4],"texture":"#3","tintindex":0},"west":{"uv":[8.8,14.4,8.4,14.6],"texture":"#3","tintindex":0},"up":{"uv":[12,14.8,12.2,14.4],"texture":"#3","tintindex":0}}},{"from":[-1.3676,5.53011,7.76194],"to":[1.1324,6.53011,8.76194],"rotation":{"angle":22.5,"axis":"z","origin":[8,6.80616,14.18094]},"faces":{"north":{"uv":[11.4,4,10.4,4.4],"texture":"#3","tintindex":0},"east":{"uv":[9.2,13.6,8.8,14],"texture":"#3","tintindex":0},"south":{"uv":[11.4,4.8,10.4,5.2],"texture":"#3","tintindex":0},"west":{"uv":[8.4,13.6,8,14],"texture":"#3","tintindex":0},"up":{"uv":[9.2,10.8,10.2,10.4],"texture":"#3","tintindex":0},"down":{"uv":[5,10.8,4,11.2],"texture":"#3","tintindex":0}}},{"from":[-0.3676,6.53011,7.76194],"to":[1.1324,9.03011,8.76194],"rotation":{"angle":22.5,"axis":"z","origin":[8,6.80616,14.18094]},"faces":{"north":{"uv":[2.2,8.8,1.6,9.8],"texture":"#3","tintindex":0},"east":{"uv":[6,10.8,5.6,11.8],"texture":"#3","tintindex":0},"south":{"uv":[9.4,5.6,8.8,6.6],"texture":"#3","tintindex":0},"west":{"uv":[2.4,10.4,2,11.4],"texture":"#3","tintindex":0}}},{"from":[1.1324,6.03011,8.01194],"to":[3.1324,8.03011,8.51194],"rotation":{"angle":22.5,"axis":"z","origin":[8,6.80616,14.18094]},"faces":{"north":{"uv":[4.8,8,4,8.8],"texture":"#3","tintindex":0},"east":{"uv":[10.6,13.6,10.4,14.4],"texture":"#3","tintindex":0},"south":{"uv":[6,8,5.2,8.8],"texture":"#3","tintindex":0},"west":{"uv":[9.8,13.6,9.6,14.4],"texture":"#3","tintindex":0},"up":{"uv":[11.2,13.8,12,13.6],"texture":"#3","tintindex":0},"down":{"uv":[13.2,13.6,12.4,13.8],"texture":"#3","tintindex":0}}},{"from":[2.1324,7.28011,7.76194],"to":[3.3824,8.28011,8.76194],"rotation":{"angle":22.5,"axis":"z","origin":[8,6.80616,14.18094]},"faces":{"north":{"uv":[11.3,12.8,10.8,13.2],"texture":"#3","tintindex":0},"east":{"uv":[1.2,14,0.8,14.4],"texture":"#3","tintindex":0},"south":{"uv":[12.5,12.8,12,13.2],"texture":"#3","tintindex":0},"west":{"uv":[14,13.6,13.6,14],"texture":"#3","tintindex":0},"up":{"uv":[0.8,13.6,1.3,13.2],"texture":"#3","tintindex":0},"down":{"uv":[2,13.2,2.5,13.6],"texture":"#3","tintindex":0}}},{"from":[2.1324,5.03011,7.76194],"to":[3.8824,6.53011,8.76194],"rotation":{"angle":22.5,"axis":"z","origin":[8,6.80616,14.18094]},"faces":{"north":{"uv":[10.7,1.2,10,1.8],"texture":"#3","tintindex":0},"east":{"uv":[13.2,5.6,12.8,6.2],"texture":"#3","tintindex":0},"south":{"uv":[3.5,10,2.8,10.6],"texture":"#3","tintindex":0},"west":{"uv":[4,12.8,3.6,13.4],"texture":"#3","tintindex":0},"up":{"uv":[12,11.6,12.7,11.2],"texture":"#3","tintindex":0},"down":{"uv":[12,12,12.7,12.4],"texture":"#3","tintindex":0}}},{"from":[-1.93634,6.19536,8.01044],"to":[-0.93634,8.19536,8.51344],"rotation":{"angle":22.5,"axis":"z","origin":[8,6.80616,14.18094]},"faces":{"north":{"uv":[2,12,1.6,12.8],"texture":"#3","tintindex":0},"east":{"uv":[2.6,14,2.4,14.8],"texture":"#3","tintindex":0},"south":{"uv":[12.4,2.4,12,3.2],"texture":"#3","tintindex":0},"west":{"uv":[1.8,14,1.6,14.8],"texture":"#3","tintindex":0},"up":{"uv":[12.8,14.6,13.2,14.4],"texture":"#3","tintindex":0},"down":{"uv":[14.4,13.2,14.8,13.4],"texture":"#3","tintindex":0}}},{"from":[1.11295,-1.94468,8.01194],"to":[2.11295,0.05532,8.51194],"rotation":{"angle":-22.5,"axis":"z","origin":[8,6.80616,14.18094]},"faces":{"north":{"uv":[12.4,3.6,12,4.4],"texture":"#3","tintindex":0},"east":{"uv":[4.2,14,4,14.8],"texture":"#3","tintindex":0},"south":{"uv":[6.8,12,6.4,12.8],"texture":"#3","tintindex":0},"west":{"uv":[3.4,14,3.2,14.8],"texture":"#3","tintindex":0},"up":{"uv":[13.6,14.6,14,14.4],"texture":"#3","tintindex":0},"down":{"uv":[14.4,14,14.8,14.2],"texture":"#3","tintindex":0}}},{"from":[0.61295,-1.94468,8.01194],"to":[1.11295,-0.94468,8.51194],"rotation":{"angle":-22.5,"axis":"z","origin":[8,6.80616,14.18094]},"faces":{"north":{"uv":[15,0,14.8,0.4],"texture":"#3","tintindex":0},"south":{"uv":[15,0.8,14.8,1.2],"texture":"#3","tintindex":0},"west":{"uv":[1,14.8,0.8,15.2],"texture":"#3","tintindex":0},"up":{"uv":[15.2,4.2,15.4,4],"texture":"#3","tintindex":0},"down":{"uv":[4.8,15.2,5,15.4],"texture":"#3","tintindex":0}}},{"from":[-7.2041,5.79892,8.01544],"to":[-2.7041,6.54892,8.50844],"rotation":{"angle":22.5,"axis":"z","origin":[8,6.80616,14.18094]},"faces":{"north":{"uv":[10.6,7.2,8.8,7.5],"texture":"#3","tintindex":0},"south":{"uv":[4.6,9.2,2.8,9.5],"texture":"#3","tintindex":0},"west":{"uv":[15,12,14.8,12.3],"texture":"#3","tintindex":0},"up":{"uv":[10.8,10.6,12.6,10.4],"texture":"#3","tintindex":0},"down":{"uv":[11.2,0,13,0.2],"texture":"#3","tintindex":0}}},{"from":[-3.0387,-4.65699,8.02044],"to":[-2.0387,-3.90699,8.50344],"rotation":{"angle":-22.5,"axis":"z","origin":[8,6.80616,14.18094]},"faces":{"north":{"uv":[14.4,11.6,14,11.9],"texture":"#3","tintindex":0},"east":{"uv":[0.2,15.2,0,15.5],"texture":"#3","tintindex":0},"south":{"uv":[14.4,12.4,14,12.7],"texture":"#3","tintindex":0},"west":{"uv":[14.6,14.8,14.4,15.1],"texture":"#3","tintindex":0},"up":{"uv":[5.6,15,6,14.8],"texture":"#3","tintindex":0},"down":{"uv":[14.8,7.2,15.2,7.4],"texture":"#3","tintindex":0}}},{"from":[-14.41857,4.32036,8.24694],"to":[-0.93634,10.07036,8.27694],"light_emission":15,"rotation":{"angle":22.5,"axis":"z","origin":[8,6.80616,14.18094]},"faces":{"north":{"uv":[16,1.11111,10,3.66667],"texture":"#2","tintindex":0},"south":{"uv":[10,1.11111,16,3.66667],"texture":"#2","tintindex":0}}},{"from":[-1.30126,0.46953,8.01194],"to":[0.69874,1.46953,8.51194],"rotation":{"angle":-22.5,"axis":"z","origin":[8,6.80616,14.18094]},"faces":{"north":{"uv":[12.4,9.6,11.6,10],"texture":"#3","tintindex":0},"east":{"uv":[15,8.8,14.8,9.2],"texture":"#3","tintindex":0},"south":{"uv":[12.8,4.8,12,5.2],"texture":"#3","tintindex":0},"west":{"uv":[15,8,14.8,8.4],"texture":"#3","tintindex":0},"up":{"uv":[14,2.6,14.8,2.4],"texture":"#3","tintindex":0},"down":{"uv":[14.8,4,14,4.2],"texture":"#3","tintindex":0}}},{"from":[-1.30126,-0.03047,8.01194],"to":[-0.30126,0.46953,8.51194],"rotation":{"angle":-22.5,"axis":"z","origin":[8,6.80616,14.18094]},"faces":{"north":{"uv":[9.6,14.8,9.2,15],"texture":"#3","tintindex":0},"east":{"uv":[15.4,5.6,15.2,5.8],"texture":"#3","tintindex":0},"south":{"uv":[15.2,9.6,14.8,9.8],"texture":"#3","tintindex":0},"west":{"uv":[15.4,4.8,15.2,5],"texture":"#3","tintindex":0},"down":{"uv":[10,14.8,10.4,15],"texture":"#3","tintindex":0}}},{"from":[-7.2041,7.84181,8.01544],"to":[-2.7041,8.59181,8.50844],"rotation":{"angle":22.5,"axis":"z","origin":[8,6.80616,14.18094]},"faces":{"north":{"uv":[7,9.2,5.2,9.5],"texture":"#3","tintindex":0},"south":{"uv":[11,8,9.2,8.3],"texture":"#3","tintindex":0},"west":{"uv":[1.8,15.2,1.6,15.5],"texture":"#3","tintindex":0},"up":{"uv":[11.2,1,13,0.8],"texture":"#3","tintindex":0},"down":{"uv":[13,1.6,11.2,1.8],"texture":"#3","tintindex":0}}},{"from":[-4.01357,-3.68212,8.02044],"to":[-3.26357,-2.68212,8.50344],"rotation":{"angle":-22.5,"axis":"z","origin":[8,6.80616,14.18094]},"faces":{"north":{"uv":[0.3,14.4,0,14.8],"texture":"#3","tintindex":0},"east":{"uv":[15,11.2,14.8,11.6],"texture":"#3","tintindex":0},"south":{"uv":[14.7,1.6,14.4,2],"texture":"#3","tintindex":0},"west":{"uv":[15,10.4,14.8,10.8],"texture":"#3","tintindex":0},"up":{"uv":[15.2,1.8,15.5,1.6],"texture":"#3","tintindex":0},"down":{"uv":[2.4,15.2,2.7,15.4],"texture":"#3","tintindex":0}}},{"from":[2.38216,1.99431,11.07552],"to":[2.39216,12.99431,28.07552],"rotation":{"angle":-22.5,"axis":"y","origin":[8,6.80616,14.18094]},"faces":{"east":{"uv":[0,0,6.8,4.4],"texture":"#3","tintindex":0},"west":{"uv":[6.8,0,0,4.4],"texture":"#3","tintindex":0}}},{"from":[-5.5,2.99431,9.26194],"to":[1.5,19.99431,9.27194],"light_emission":15,"rotation":{"angle":0,"axis":"y","origin":[8,6.80616,14.18094]},"faces":{"north":{"uv":[8,0,4.88889,7.55556],"texture":"#2","tintindex":0},"south":{"uv":[4.88889,0,8,7.55556],"texture":"#2","tintindex":0}}},{"from":[-9.58996,2.99431,4.47015],"to":[-2.58996,19.99431,4.48015],"light_emission":15,"rotation":{"angle":22.5,"axis":"y","origin":[8,6.80616,14.18094]},"faces":{"north":{"uv":[4.88889,0,1.77778,7.55556],"texture":"#2","tintindex":0},"south":{"uv":[1.77778,0,4.88889,7.55556],"texture":"#2","tintindex":0}}},{"from":[-8.62024,2.99431,-1.52204],"to":[-4.53484,19.99431,-1.51204],"light_emission":15,"rotation":{"angle":45,"axis":"y","origin":[8,6.80616,14.18094]},"faces":{"north":{"uv":[1.77778,0,0,7.55556],"texture":"#2","tintindex":0},"south":{"uv":[0,0,1.77778,7.55556],"texture":"#2","tintindex":0}}},{"from":[3.63388,2.24431,6.95306],"to":[7.11611,13.49431,7.00306],"light_emission":15,"rotation":{"angle":0,"axis":"z","origin":[8,6.80616,14.18094]},"faces":{"north":{"uv":[16,11,14.44444,16],"texture":"#2","tintindex":0},"south":{"uv":[14.44444,11,16,16],"texture":"#2","tintindex":0}}},{"from":[4.24635,7.49431,19.86735],"to":[4.29635,15.74431,26.34958],"light_emission":15,"rotation":{"angle":-45,"axis":"y","origin":[8,6.80616,14.18094]},"faces":{"east":{"uv":[10,7,12.88889,10.66667],"texture":"#2","tintindex":0},"west":{"uv":[12.88889,7,10,10.66667],"texture":"#2","tintindex":0}}},{"from":[-8.67054,6.49431,16.38963],"to":[-2.18831,17.74431,16.43963],"light_emission":15,"rotation":{"angle":22.5,"axis":"y","origin":[8,6.80616,14.18094]},"faces":{"north":{"uv":[16,5.66667,13.11111,10.66667],"texture":"#2","tintindex":0},"south":{"uv":[13.11111,5.66667,16,10.66667],"texture":"#2","tintindex":0}}}],"gui_light":"front","display":{"thirdperson_righthand":{"rotation":[-137.5,0,-180],"translation":[0,2,2.75],"scale":[0.65,0.65,0.65]},"thirdperson_lefthand":{"rotation":[66.75,0,0],"translation":[-5.5,-6.5,10]},"firstperson_righthand":{"rotation":[-5.75,-180,0],"translation":[0.5,4.25,2.5],"scale":[0.65,0.65,0.65]},"firstperson_lefthand":{"rotation":[-5.75,0,0],"translation":[0.5,1,1],"scale":[0,0,0]},"ground":{"rotation":[-45,0,0],"translation":[0,5,0],"scale":[0.6,0.6,0.6]},"gui":{"rotation":[0,-180,0],"translation":[0.25,0,0],"scale":[0.41,0.41,0.41]},"head":{"translation":[0,-60.5,7.25],"scale":[1.6,1.6,1.6]},"fixed":{"rotation":[0,-180,0],"translation":[0,0,-2.5],"scale":[2,2,2]}}}