{"textures":{"2":"modelengine:entity/em_corruptedpuker","particle":"#2"},"elements":[{"from":[5.8458767,7.1952696,5.45],"to":[8.945877,8.29527,10.55],"faces":{"east":{"uv":[3.625,2.0,4.25,2.125],"tintindex":0,"rotation":0,"texture":"#2"},"south":{"uv":[11.125,5.625,11.5,5.75],"tintindex":0,"rotation":0,"texture":"#2"},"north":{"uv":[2.625,6.375,3.0,6.5],"tintindex":0,"rotation":0,"texture":"#2"},"west":{"uv":[10.875,0.375,11.5,0.5],"tintindex":0,"rotation":0,"texture":"#2"},"up":{"uv":[5.625,10.25,5.25,9.625],"tintindex":0,"rotation":0,"texture":"#2"},"down":{"uv":[2.0,9.75,1.625,10.375],"tintindex":0,"rotation":0,"texture":"#2"}},"rotation":{"origin":[7.9333334,14.187656,6.9336643],"angle":-22.5,"axis":"z"}},{"from":[11.933333,19.75,9.5],"to":[3.9333334,12.75,5.5],"faces":{"east":{"uv":[3.5,7.75,4.0,8.625],"tintindex":0,"rotation":0,"texture":"#2"},"south":{"uv":[5.25,6.125,6.25,7.0],"tintindex":0,"rotation":0,"texture":"#2"},"north":{"uv":[4.125,6.125,5.125,7.0],"tintindex":0,"rotation":0,"texture":"#2"},"west":{"uv":[4.125,7.75,4.625,8.625],"tintindex":0,"rotation":0,"texture":"#2"},"up":{"uv":[8.0,7.5,7.0,7.0],"tintindex":0,"rotation":0,"texture":"#2"},"down":{"uv":[4.75,7.125,3.75,7.625],"tintindex":0,"rotation":0,"texture":"#2"}}},{"from":[2.9333334,12.75,5.5],"to":[12.933333,19.75,9.5],"faces":{"east":{"uv":[7.625,4.75,8.125,5.625],"tintindex":0,"rotation":0,"texture":"#2"},"south":{"uv":[0.0,1.0,1.25,1.875],"tintindex":0,"rotation":0,"texture":"#2"},"north":{"uv":[0.0,0.0,1.25,0.875],"tintindex":0,"rotation":0,"texture":"#2"},"west":{"uv":[7.0,7.625,7.5,8.5],"tintindex":0,"rotation":0,"texture":"#2"},"up":{"uv":[7.5,5.625,6.25,5.125],"tintindex":0,"rotation":0,"texture":"#2"},"down":{"uv":[7.625,5.75,6.375,6.25],"tintindex":0,"rotation":0,"texture":"#2"}}},{"from":[9.933333,21.087687,5.040437],"to":[5.9333334,15.087685,0.04043722],"faces":{"east":{"uv":[5.5,4.125,6.125,4.875],"tintindex":0,"rotation":0,"texture":"#2"},"south":{"uv":[1.125,8.375,1.625,9.125],"tintindex":0,"rotation":0,"texture":"#2"},"north":{"uv":[1.375,0.0,2.375,1.0],"tintindex":0,"rotation":0,"texture":"#2"},"west":{"uv":[1.25,7.5,1.875,8.25],"tintindex":0,"rotation":0,"texture":"#2"},"up":{"uv":[2.75,9.75,2.25,9.125],"tintindex":0,"rotation":0,"texture":"#2"},"down":{"uv":[9.625,6.125,9.125,6.75],"tintindex":0,"rotation":0,"texture":"#2"}},"rotation":{"origin":[7.9333334,14.187656,6.9336643],"angle":22.5,"axis":"x"}},{"from":[3.9333334,8.75,5.5],"to":[11.933333,12.75,8.5],"faces":{"east":{"uv":[3.875,9.75,4.25,10.25],"tintindex":0,"rotation":0,"texture":"#2"},"south":{"uv":[2.625,6.625,3.625,7.125],"tintindex":0,"rotation":0,"texture":"#2"},"north":{"uv":[6.625,2.0,7.625,2.5],"tintindex":0,"rotation":0,"texture":"#2"},"west":{"uv":[9.75,6.125,10.125,6.625],"tintindex":0,"rotation":0,"texture":"#2"},"up":{"uv":[8.75,6.125,7.75,5.75],"tintindex":0,"rotation":0,"texture":"#2"},"down":{"uv":[9.0,3.875,8.0,4.25],"tintindex":0,"rotation":0,"texture":"#2"}}},{"from":[6.9207897,7.1952696,5.45],"to":[10.02079,8.29527,10.55],"faces":{"east":{"uv":[11.0,3.0,11.625,3.125],"tintindex":0,"rotation":0,"texture":"#2"},"south":{"uv":[11.125,8.875,11.5,9.0],"tintindex":0,"rotation":0,"texture":"#2"},"north":{"uv":[11.125,8.625,11.5,8.75],"tintindex":0,"rotation":0,"texture":"#2"},"west":{"uv":[11.0,3.25,11.625,3.375],"tintindex":0,"rotation":0,"texture":"#2"},"up":{"uv":[3.25,10.375,2.875,9.75],"tintindex":0,"rotation":0,"texture":"#2"},"down":{"uv":[3.75,9.75,3.375,10.375],"tintindex":0,"rotation":0,"texture":"#2"}},"rotation":{"origin":[7.9333334,14.187656,6.9336643],"angle":22.5,"axis":"z"}},{"from":[6.9333334,8.75,8.5],"to":[8.933333,12.75,9.5],"faces":{"east":{"uv":[8.125,1.125,8.25,1.625],"tintindex":0,"rotation":0,"texture":"#2"},"south":{"uv":[9.625,10.25,9.875,10.75],"tintindex":0,"rotation":0,"texture":"#2"},"north":{"uv":[3.125,8.0,3.375,8.5],"tintindex":0,"rotation":0,"texture":"#2"},"west":{"uv":[2.875,9.125,3.0,9.625],"tintindex":0,"rotation":0,"texture":"#2"},"up":{"uv":[8.5,11.25,8.25,11.125],"tintindex":0,"rotation":0,"texture":"#2"},"down":{"uv":[0.25,11.25,0.0,11.375],"tintindex":0,"rotation":0,"texture":"#2"}}},{"from":[5.9333334,15.087685,0.04043722],"to":[9.933333,22.087687,5.040437],"faces":{"east":{"uv":[1.25,6.5,1.875,7.375],"tintindex":0,"rotation":0,"texture":"#2"},"south":{"uv":[0.0,7.875,0.5,8.75],"tintindex":0,"rotation":0,"texture":"#2"},"north":{"uv":[6.375,7.75,6.875,8.625],"tintindex":0,"rotation":0,"texture":"#2"},"west":{"uv":[6.5,3.0,7.125,3.875],"tintindex":0,"rotation":0,"texture":"#2"},"up":{"uv":[9.375,3.625,8.875,3.0],"tintindex":0,"rotation":0,"texture":"#2"},"down":{"uv":[9.375,5.375,8.875,6.0],"tintindex":0,"rotation":0,"texture":"#2"}},"rotation":{"origin":[7.9333334,14.187656,6.9336643],"angle":22.5,"axis":"x"}},{"from":[6.9333334,12.75,9.0],"to":[8.933333,18.75,10.0],"faces":{"east":{"uv":[6.75,8.75,6.875,9.5],"tintindex":0,"rotation":0,"texture":"#2"},"south":{"uv":[0.0,9.875,0.25,10.625],"tintindex":0,"rotation":0,"texture":"#2"},"north":{"uv":[6.25,9.75,6.5,10.5],"tintindex":0,"rotation":0,"texture":"#2"},"west":{"uv":[8.875,10.5,9.0,11.25],"tintindex":0,"rotation":0,"texture":"#2"},"up":{"uv":[11.5,1.125,11.25,1.0],"tintindex":0,"rotation":0,"texture":"#2"},"down":{"uv":[11.5,1.25,11.25,1.375],"tintindex":0,"rotation":0,"texture":"#2"}}},{"from":[4.9333334,7.75,5.5],"to":[10.933333,9.75,10.5],"faces":{"east":{"uv":[10.0,2.625,10.625,2.875],"tintindex":0,"rotation":0,"texture":"#2"},"south":{"uv":[9.875,1.375,10.625,1.625],"tintindex":0,"rotation":0,"texture":"#2"},"north":{"uv":[9.875,1.0,10.625,1.25],"tintindex":0,"rotation":0,"texture":"#2"},"west":{"uv":[10.0,3.0,10.625,3.25],"tintindex":0,"rotation":0,"texture":"#2"},"up":{"uv":[7.875,4.625,7.125,4.0],"tintindex":0,"rotation":0,"texture":"#2"},"down":{"uv":[3.375,7.25,2.625,7.875],"tintindex":0,"rotation":0,"texture":"#2"}}},{"from":[4.9333334,14.75,7.5],"to":[10.933333,21.75,10.5],"faces":{"east":{"uv":[8.875,2.0,9.25,2.875],"tintindex":0,"rotation":0,"texture":"#2"},"south":{"uv":[6.25,4.125,7.0,5.0],"tintindex":0,"rotation":0,"texture":"#2"},"north":{"uv":[1.125,5.5,1.875,6.375],"tintindex":0,"rotation":0,"texture":"#2"},"west":{"uv":[8.875,4.375,9.25,5.25],"tintindex":0,"rotation":0,"texture":"#2"},"up":{"uv":[10.375,0.375,9.625,0.0],"tintindex":0,"rotation":0,"texture":"#2"},"down":{"uv":[10.375,0.5,9.625,0.875],"tintindex":0,"rotation":0,"texture":"#2"}}},{"from":[5.9333334,13.75,5.525],"to":[9.933333,15.75,9.525],"faces":{"east":{"uv":[1.5,0.0,2.25,0.625],"tintindex":0,"rotation":0,"texture":"#2"},"south":{"uv":[1.5,0.0,2.25,0.625],"tintindex":0,"rotation":0,"texture":"#2"},"north":{"uv":[1.5,0.0,2.25,0.625],"tintindex":0,"rotation":0,"texture":"#2"},"west":{"uv":[1.5,0.0,2.25,0.625],"tintindex":0,"rotation":0,"texture":"#2"},"up":{"uv":[1.5,0.0,2.25,0.625],"tintindex":0,"rotation":0,"texture":"#2"},"down":{"uv":[1.5,0.0,2.25,0.625],"tintindex":0,"rotation":0,"texture":"#2"}}}],"display":{"gui":{"rotation":[-150.0,-45.0,180.0]}}}