{"textures":{"2":"modelengine:entity/em_corruptedpuker","particle":"#2"},"elements":[{"from":[7.0,-12.672382,7.1686306],"to":[10.0,-10.672382,10.168631],"faces":{"east":{"uv":[10.5,9.5,10.875,9.75],"tintindex":0,"rotation":0,"texture":"#2"},"south":{"uv":[10.5,9.875,10.875,10.125],"tintindex":0,"rotation":0,"texture":"#2"},"north":{"uv":[7.125,4.75,7.5,5.0],"tintindex":0,"rotation":0,"texture":"#2"},"west":{"uv":[10.5,10.25,10.875,10.5],"tintindex":0,"rotation":0,"texture":"#2"},"up":{"uv":[9.0,10.375,8.625,10.0],"tintindex":0,"rotation":0,"texture":"#2"},"down":{"uv":[10.375,9.625,10.0,10.0],"tintindex":0,"rotation":0,"texture":"#2"}}},{"from":[7.1,-12.233017,1.969266],"to":[9.9,-5.433018,4.7692666],"faces":{"east":{"uv":[8.625,0.0,9.0,0.875],"tintindex":0,"rotation":0,"texture":"#2"},"south":{"uv":[8.625,6.25,9.0,7.125],"tintindex":0,"rotation":0,"texture":"#2"},"north":{"uv":[5.75,8.5,6.125,9.375],"tintindex":0,"rotation":0,"texture":"#2"},"west":{"uv":[7.0,8.625,7.375,9.5],"tintindex":0,"rotation":0,"texture":"#2"},"up":{"uv":[10.375,5.375,10.0,5.0],"tintindex":0,"rotation":0,"texture":"#2"},"down":{"uv":[10.375,5.5,10.0,5.875],"tintindex":0,"rotation":0,"texture":"#2"}},"rotation":{"origin":[8.0,2.404482,5.3692665],"angle":-22.5,"axis":"x"}},{"from":[7.0,-5.595518,1.869266],"to":[10.0,0.4044819,4.8692665],"faces":{"east":{"uv":[9.375,1.875,9.75,2.625],"tintindex":0,"rotation":0,"texture":"#2"},"south":{"uv":[9.375,4.375,9.75,5.125],"tintindex":0,"rotation":0,"texture":"#2"},"north":{"uv":[9.375,1.0,9.75,1.75],"tintindex":0,"rotation":0,"texture":"#2"},"west":{"uv":[9.375,6.875,9.75,7.625],"tintindex":0,"rotation":0,"texture":"#2"},"up":{"uv":[8.75,3.75,8.375,3.375],"tintindex":0,"rotation":0,"texture":"#2"},"down":{"uv":[1.375,10.0,1.0,10.375],"tintindex":0,"rotation":0,"texture":"#2"}},"rotation":{"origin":[8.0,2.404482,5.3692665],"angle":-22.5,"axis":"x"}},{"from":[6.25,-2.0,6.5],"to":[10.25,8.0,9.5],"faces":{"east":{"uv":[4.875,7.125,5.25,8.375],"tintindex":0,"rotation":0,"texture":"#2"},"south":{"uv":[6.375,6.375,6.875,7.625],"tintindex":0,"rotation":0,"texture":"#2"},"north":{"uv":[2.0,6.375,2.5,7.625],"tintindex":0,"rotation":0,"texture":"#2"},"west":{"uv":[5.375,7.125,5.75,8.375],"tintindex":0,"rotation":0,"texture":"#2"},"up":{"uv":[8.75,5.625,8.25,5.25],"tintindex":0,"rotation":0,"texture":"#2"},"down":{"uv":[8.5,9.75,8.0,10.125],"tintindex":0,"rotation":0,"texture":"#2"}},"rotation":{"origin":[8.0,8.0,8.0],"angle":22.5,"axis":"x"}}],"display":{"gui":{"rotation":[-150.0,-45.0,180.0]}}}