{"textures":{"2":"modelengine:entity/em_corruptedpuker","particle":"#2"},"elements":[{"from":[3.9786944,-11.22817,8.33],"to":[4.818695,-9.38817,9.17],"faces":{"east":{"uv":[6.375,11.375,6.5,11.625],"tintindex":0,"rotation":0,"texture":"#2"},"south":{"uv":[6.625,11.375,6.75,11.625],"tintindex":0,"rotation":0,"texture":"#2"},"north":{"uv":[6.125,11.375,6.25,11.625],"tintindex":0,"rotation":0,"texture":"#2"},"west":{"uv":[6.875,11.375,7.0,11.625],"tintindex":0,"rotation":0,"texture":"#2"},"up":{"uv":[4.875,11.875,4.75,11.75],"tintindex":0,"rotation":0,"texture":"#2"},"down":{"uv":[11.875,4.75,11.75,4.875],"tintindex":0,"rotation":0,"texture":"#2"}},"rotation":{"origin":[6.9655294,2.8912601,8.125],"angle":22.5,"axis":"z"}},{"from":[4.2167215,-5.151924,7.0],"to":[7.2167215,1.8480759,10.0],"faces":{"east":{"uv":[1.75,8.75,2.125,9.625],"tintindex":0,"rotation":0,"texture":"#2"},"south":{"uv":[3.125,8.75,3.5,9.625],"tintindex":0,"rotation":0,"texture":"#2"},"north":{"uv":[7.5,8.625,7.875,9.5],"tintindex":0,"rotation":0,"texture":"#2"},"west":{"uv":[3.625,8.75,4.0,9.625],"tintindex":0,"rotation":0,"texture":"#2"},"up":{"uv":[10.625,3.75,10.25,3.375],"tintindex":0,"rotation":0,"texture":"#2"},"down":{"uv":[10.625,3.875,10.25,4.25],"tintindex":0,"rotation":0,"texture":"#2"}},"rotation":{"origin":[6.9655294,2.8912601,8.125],"angle":22.5,"axis":"z"}},{"from":[15.790497,-8.973379,7.5],"to":[17.790497,-8.473379,7.5],"faces":{"south":{"uv":[11.25,10.875,11.5,11.0],"tintindex":0,"rotation":0,"texture":"#2"},"north":{"uv":[10.25,11.25,10.5,11.375],"tintindex":0,"rotation":0,"texture":"#2"}},"rotation":{"origin":[6.9655294,2.8912601,8.125],"angle":-22.5,"axis":"z"}},{"from":[1.4437934,-9.697815,7.5],"to":[2.2437935,-7.897815,8.299999],"faces":{"east":{"uv":[4.375,9.75,4.5,10.0],"tintindex":0,"rotation":0,"texture":"#2"},"south":{"uv":[4.5,11.25,4.625,11.5],"tintindex":0,"rotation":0,"texture":"#2"},"north":{"uv":[9.125,6.875,9.25,7.125],"tintindex":0,"rotation":0,"texture":"#2"},"west":{"uv":[11.25,6.375,11.375,6.625],"tintindex":0,"rotation":0,"texture":"#2"},"up":{"uv":[1.25,2.125,1.125,2.0],"tintindex":0,"rotation":0,"texture":"#2"},"down":{"uv":[10.125,3.375,10.0,3.5],"tintindex":0,"rotation":0,"texture":"#2"}},"rotation":{"origin":[6.9655294,2.8912601,8.125],"angle":45.0,"axis":"z"}},{"from":[10.906544,-12.212772,10.0],"to":[12.426094,-11.81106,10.0],"faces":{"south":{"uv":[9.125,11.5,9.375,11.625],"tintindex":0,"rotation":0,"texture":"#2"},"north":{"uv":[11.5,7.875,11.75,8.0],"tintindex":0,"rotation":0,"texture":"#2"}}},{"from":[15.790497,-8.973379,10.0],"to":[17.790497,-8.473379,10.0],"faces":{"south":{"uv":[11.5,7.625,11.75,7.75],"tintindex":0,"rotation":0,"texture":"#2"},"north":{"uv":[11.5,7.375,11.75,7.5],"tintindex":0,"rotation":0,"texture":"#2"}},"rotation":{"origin":[6.9655294,2.8912601,8.125],"angle":-22.5,"axis":"z"}},{"from":[6.2303705,-13.152714,7.5],"to":[6.583924,-12.79916,7.5],"faces":{"south":{"uv":[3.0,11.75,3.125,11.875],"tintindex":0,"rotation":0,"texture":"#2"},"north":{"uv":[11.75,2.75,11.875,2.875],"tintindex":0,"rotation":0,"texture":"#2"}},"rotation":{"origin":[6.9655294,2.8912601,8.125],"angle":22.5,"axis":"z"}},{"from":[1.0351367,-10.668602,7.9],"to":[1.4368501,-9.149052,7.9],"faces":{"south":{"uv":[4.75,11.375,4.875,11.625],"tintindex":0,"rotation":0,"texture":"#2"},"north":{"uv":[2.875,11.375,3.0,11.625],"tintindex":0,"rotation":0,"texture":"#2"}},"rotation":{"origin":[6.9655294,2.8912601,8.125],"angle":45.0,"axis":"z"}},{"from":[17.223745,-7.776844,7.9],"to":[17.5773,-7.4232903,7.9],"faces":{"south":{"uv":[3.5,11.75,3.625,11.875],"tintindex":0,"rotation":0,"texture":"#2"},"north":{"uv":[11.75,3.25,11.875,3.375],"tintindex":0,"rotation":0,"texture":"#2"}},"rotation":{"origin":[6.9655294,2.8912601,8.125],"angle":-22.5,"axis":"z"}},{"from":[6.2303705,-13.152714,10.0],"to":[6.583924,-12.79916,10.0],"faces":{"south":{"uv":[9.125,11.75,9.25,11.875],"tintindex":0,"rotation":0,"texture":"#2"},"north":{"uv":[8.875,11.75,9.0,11.875],"tintindex":0,"rotation":0,"texture":"#2"}},"rotation":{"origin":[6.9655294,2.8912601,8.125],"angle":22.5,"axis":"z"}},{"from":[14.837463,-9.176413,9.6],"to":[16.637463,-8.376413,10.4],"faces":{"east":{"uv":[6.625,11.75,6.75,11.875],"tintindex":0,"rotation":0,"texture":"#2"},"south":{"uv":[11.5,6.625,11.75,6.75],"tintindex":0,"rotation":0,"texture":"#2"},"north":{"uv":[11.5,6.375,11.75,6.5],"tintindex":0,"rotation":0,"texture":"#2"},"west":{"uv":[6.875,11.75,7.0,11.875],"tintindex":0,"rotation":0,"texture":"#2"},"up":{"uv":[11.75,7.0,11.5,6.875],"tintindex":0,"rotation":0,"texture":"#2"},"down":{"uv":[11.75,7.125,11.5,7.25],"tintindex":0,"rotation":0,"texture":"#2"}},"rotation":{"origin":[6.9655294,2.8912601,8.125],"angle":-22.5,"axis":"z"}},{"from":[-0.40935707,-8.089226,7.0],"to":[1.5906425,-6.089226,10.0],"faces":{"east":{"uv":[10.75,1.75,11.125,2.0],"tintindex":0,"rotation":0,"texture":"#2"},"south":{"uv":[11.0,9.875,11.25,10.125],"tintindex":0,"rotation":0,"texture":"#2"},"north":{"uv":[9.875,11.0,10.125,11.25],"tintindex":0,"rotation":0,"texture":"#2"},"west":{"uv":[2.125,10.75,2.5,11.0],"tintindex":0,"rotation":0,"texture":"#2"},"up":{"uv":[0.25,11.125,0.0,10.75],"tintindex":0,"rotation":0,"texture":"#2"},"down":{"uv":[11.0,2.5,10.75,2.875],"tintindex":0,"rotation":0,"texture":"#2"}},"rotation":{"origin":[6.9655294,2.8912601,8.125],"angle":45.0,"axis":"z"}},{"from":[14.837463,-9.176413,7.1],"to":[16.637463,-8.376413,7.9],"faces":{"east":{"uv":[11.75,2.5,11.875,2.625],"tintindex":0,"rotation":0,"texture":"#2"},"south":{"uv":[9.125,11.25,9.375,11.375],"tintindex":0,"rotation":0,"texture":"#2"},"north":{"uv":[11.25,8.25,11.5,8.375],"tintindex":0,"rotation":0,"texture":"#2"},"west":{"uv":[2.75,11.75,2.875,11.875],"tintindex":0,"rotation":0,"texture":"#2"},"up":{"uv":[11.5,9.25,11.25,9.125],"tintindex":0,"rotation":0,"texture":"#2"},"down":{"uv":[9.75,11.25,9.5,11.375],"tintindex":0,"rotation":0,"texture":"#2"}},"rotation":{"origin":[6.9655294,2.8912601,8.125],"angle":-22.5,"axis":"z"}},{"from":[6.6756954,-11.905884,7.9],"to":[7.1756954,-9.905884,7.9],"faces":{"south":{"uv":[1.5,11.375,1.625,11.625],"tintindex":0,"rotation":0,"texture":"#2"},"north":{"uv":[10.625,11.25,10.75,11.5],"tintindex":0,"rotation":0,"texture":"#2"}},"rotation":{"origin":[6.9655294,2.8912601,8.125],"angle":22.5,"axis":"z"}},{"from":[10.906544,-12.212772,8.75],"to":[12.426094,-11.81106,8.75],"faces":{"south":{"uv":[5.0,11.375,5.25,11.5],"tintindex":0,"rotation":0,"texture":"#2"},"north":{"uv":[11.375,2.25,11.625,2.375],"tintindex":0,"rotation":0,"texture":"#2"}}},{"from":[10.906544,-12.212772,7.5],"to":[12.426094,-11.81106,7.5],"faces":{"south":{"uv":[11.375,0.0,11.625,0.125],"tintindex":0,"rotation":0,"texture":"#2"},"north":{"uv":[11.25,11.125,11.5,11.25],"tintindex":0,"rotation":0,"texture":"#2"}}},{"from":[6.2303705,-13.152714,8.75],"to":[6.583924,-12.79916,8.75],"faces":{"south":{"uv":[3.25,11.75,3.375,11.875],"tintindex":0,"rotation":0,"texture":"#2"},"north":{"uv":[11.75,3.0,11.875,3.125],"tintindex":0,"rotation":0,"texture":"#2"}},"rotation":{"origin":[6.9655294,2.8912601,8.125],"angle":22.5,"axis":"z"}},{"from":[3.9786944,-11.22817,9.58],"to":[4.818695,-9.38817,10.42],"faces":{"east":{"uv":[4.125,11.5,4.25,11.75],"tintindex":0,"rotation":0,"texture":"#2"},"south":{"uv":[11.5,4.875,11.625,5.125],"tintindex":0,"rotation":0,"texture":"#2"},"north":{"uv":[3.875,11.5,4.0,11.75],"tintindex":0,"rotation":0,"texture":"#2"},"west":{"uv":[11.5,5.25,11.625,5.5],"tintindex":0,"rotation":0,"texture":"#2"},"up":{"uv":[6.25,11.875,6.125,11.75],"tintindex":0,"rotation":0,"texture":"#2"},"down":{"uv":[6.5,11.75,6.375,11.875],"tintindex":0,"rotation":0,"texture":"#2"}},"rotation":{"origin":[6.9655294,2.8912601,8.125],"angle":22.5,"axis":"z"}},{"from":[4.920532,0.9641708,6.9],"to":[8.120533,9.164171,10.1],"faces":{"east":{"uv":[2.625,8.0,3.0,9.0],"tintindex":0,"rotation":0,"texture":"#2"},"south":{"uv":[8.125,0.0,8.5,1.0],"tintindex":0,"rotation":0,"texture":"#2"},"north":{"uv":[0.625,7.875,1.0,8.875],"tintindex":0,"rotation":0,"texture":"#2"},"west":{"uv":[8.125,6.25,8.5,7.25],"tintindex":0,"rotation":0,"texture":"#2"},"up":{"uv":[10.375,10.5,10.0,10.125],"tintindex":0,"rotation":0,"texture":"#2"},"down":{"uv":[10.625,1.75,10.25,2.125],"tintindex":0,"rotation":0,"texture":"#2"}}},{"from":[15.790497,-8.973379,8.75],"to":[17.790497,-8.473379,8.75],"faces":{"south":{"uv":[5.75,11.375,6.0,11.5],"tintindex":0,"rotation":0,"texture":"#2"},"north":{"uv":[5.375,11.375,5.625,11.5],"tintindex":0,"rotation":0,"texture":"#2"}},"rotation":{"origin":[6.9655294,2.8912601,8.125],"angle":-22.5,"axis":"z"}},{"from":[3.4660258,-8.208722,6.88],"to":[5.706025,-5.9687223,10.12],"faces":{"east":{"uv":[10.75,1.0,11.125,1.25],"tintindex":0,"rotation":0,"texture":"#2"},"south":{"uv":[11.0,9.5,11.25,9.75],"tintindex":0,"rotation":0,"texture":"#2"},"north":{"uv":[5.5,11.0,5.75,11.25],"tintindex":0,"rotation":0,"texture":"#2"},"west":{"uv":[10.75,1.375,11.125,1.625],"tintindex":0,"rotation":0,"texture":"#2"},"up":{"uv":[4.0,7.0,3.75,6.625],"tintindex":0,"rotation":0,"texture":"#2"},"down":{"uv":[6.5,10.625,6.25,11.0],"tintindex":0,"rotation":0,"texture":"#2"}},"rotation":{"origin":[6.9655294,2.8912601,8.125],"angle":22.5,"axis":"z"}},{"from":[3.9786944,-11.22817,7.08],"to":[4.818695,-9.38817,7.92],"faces":{"east":{"uv":[11.25,7.125,11.375,7.375],"tintindex":0,"rotation":0,"texture":"#2"},"south":{"uv":[11.25,7.5,11.375,7.75],"tintindex":0,"rotation":0,"texture":"#2"},"north":{"uv":[11.25,6.75,11.375,7.0],"tintindex":0,"rotation":0,"texture":"#2"},"west":{"uv":[11.25,7.875,11.375,8.125],"tintindex":0,"rotation":0,"texture":"#2"},"up":{"uv":[9.25,10.125,9.125,10.0],"tintindex":0,"rotation":0,"texture":"#2"},"down":{"uv":[11.875,2.25,11.75,2.375],"tintindex":0,"rotation":0,"texture":"#2"}},"rotation":{"origin":[6.9655294,2.8912601,8.125],"angle":22.5,"axis":"z"}},{"from":[7.1755943,-6.543547,6.9],"to":[10.375595,-4.3435464,10.1],"faces":{"east":{"uv":[5.375,10.625,5.75,10.875],"tintindex":0,"rotation":0,"texture":"#2"},"south":{"uv":[10.0,10.625,10.375,10.875],"tintindex":0,"rotation":0,"texture":"#2"},"north":{"uv":[4.875,10.625,5.25,10.875],"tintindex":0,"rotation":0,"texture":"#2"},"west":{"uv":[10.5,10.625,10.875,10.875],"tintindex":0,"rotation":0,"texture":"#2"},"up":{"uv":[4.75,10.625,4.375,10.25],"tintindex":0,"rotation":0,"texture":"#2"},"down":{"uv":[10.625,6.0,10.25,6.375],"tintindex":0,"rotation":0,"texture":"#2"}}},{"from":[14.837463,-9.176413,8.35],"to":[16.637463,-8.376413,9.15],"faces":{"east":{"uv":[11.75,5.0,11.875,5.125],"tintindex":0,"rotation":0,"texture":"#2"},"south":{"uv":[7.5,11.375,7.75,11.5],"tintindex":0,"rotation":0,"texture":"#2"},"north":{"uv":[7.125,11.375,7.375,11.5],"tintindex":0,"rotation":0,"texture":"#2"},"west":{"uv":[11.75,5.25,11.875,5.375],"tintindex":0,"rotation":0,"texture":"#2"},"up":{"uv":[8.125,11.5,7.875,11.375],"tintindex":0,"rotation":0,"texture":"#2"},"down":{"uv":[8.5,11.375,8.25,11.5],"tintindex":0,"rotation":0,"texture":"#2"}},"rotation":{"origin":[6.9655294,2.8912601,8.125],"angle":-22.5,"axis":"z"}}],"display":{"gui":{"rotation":[-150.0,-45.0,180.0]}}}