{"textures":{"2":"modelengine:entity/em_corruptedpuker","particle":"#2"},"elements":[{"from":[-1.5362349,-7.776844,7.9],"to":[-1.1826811,-7.4232903,7.9],"faces":{"south":{"uv":[1.25,11.875,1.375,12.0],"tintindex":0,"rotation":0,"texture":"#2"},"north":{"uv":[11.875,1.0,12.0,1.125],"tintindex":0,"rotation":0,"texture":"#2"}},"rotation":{"origin":[9.075535,2.8912601,8.125],"angle":22.5,"axis":"z"}},{"from":[10.335039,-8.208722,6.88],"to":[12.575038,-5.9687223,10.12],"faces":{"east":{"uv":[8.125,10.75,8.5,11.0],"tintindex":0,"rotation":0,"texture":"#2"},"south":{"uv":[3.75,11.125,4.0,11.375],"tintindex":0,"rotation":0,"texture":"#2"},"north":{"uv":[2.125,11.125,2.375,11.375],"tintindex":0,"rotation":0,"texture":"#2"},"west":{"uv":[10.75,8.25,11.125,8.5],"tintindex":0,"rotation":0,"texture":"#2"},"up":{"uv":[11.0,9.0,10.75,8.625],"tintindex":0,"rotation":0,"texture":"#2"},"down":{"uv":[9.375,10.75,9.125,11.125],"tintindex":0,"rotation":0,"texture":"#2"}},"rotation":{"origin":[9.075535,2.8912601,8.125],"angle":-22.5,"axis":"z"}},{"from":[3.6149697,-12.212772,8.75],"to":[5.13452,-11.81106,8.75],"faces":{"south":{"uv":[7.125,11.625,7.375,11.75],"tintindex":0,"rotation":0,"texture":"#2"},"north":{"uv":[11.625,6.0,11.875,6.125],"tintindex":0,"rotation":0,"texture":"#2"}}},{"from":[9.45714,-13.152714,10.0],"to":[9.810694,-12.79916,10.0],"faces":{"south":{"uv":[4.25,11.875,4.375,12.0],"tintindex":0,"rotation":0,"texture":"#2"},"north":{"uv":[4.0,11.875,4.125,12.0],"tintindex":0,"rotation":0,"texture":"#2"}},"rotation":{"origin":[9.075535,2.8912601,8.125],"angle":-22.5,"axis":"z"}},{"from":[-1.7494326,-8.973379,8.75],"to":[0.25056744,-8.473379,8.75],"faces":{"south":{"uv":[7.875,11.625,8.125,11.75],"tintindex":0,"rotation":0,"texture":"#2"},"north":{"uv":[7.5,11.625,7.75,11.75],"tintindex":0,"rotation":0,"texture":"#2"}},"rotation":{"origin":[9.075535,2.8912601,8.125],"angle":22.5,"axis":"z"}},{"from":[-1.7494326,-8.973379,7.5],"to":[0.25056744,-8.473379,7.5],"faces":{"south":{"uv":[4.375,11.625,4.625,11.75],"tintindex":0,"rotation":0,"texture":"#2"},"north":{"uv":[11.625,4.25,11.875,4.375],"tintindex":0,"rotation":0,"texture":"#2"}},"rotation":{"origin":[9.075535,2.8912601,8.125],"angle":22.5,"axis":"z"}},{"from":[-0.59639966,-9.176413,7.1],"to":[1.2036003,-8.376413,7.9],"faces":{"east":{"uv":[11.625,11.75,11.75,11.875],"tintindex":0,"rotation":0,"texture":"#2"},"south":{"uv":[11.625,3.5,11.875,3.625],"tintindex":0,"rotation":0,"texture":"#2"},"north":{"uv":[11.625,2.0,11.875,2.125],"tintindex":0,"rotation":0,"texture":"#2"},"west":{"uv":[11.875,0.25,12.0,0.375],"tintindex":0,"rotation":0,"texture":"#2"},"up":{"uv":[11.875,3.875,11.625,3.75],"tintindex":0,"rotation":0,"texture":"#2"},"down":{"uv":[11.875,4.0,11.625,4.125],"tintindex":0,"rotation":0,"texture":"#2"}},"rotation":{"origin":[9.075535,2.8912601,8.125],"angle":22.5,"axis":"z"}},{"from":[14.450421,-8.089226,7.0],"to":[16.45042,-6.089226,10.0],"faces":{"east":{"uv":[10.75,9.125,11.125,9.375],"tintindex":0,"rotation":0,"texture":"#2"},"south":{"uv":[11.125,5.25,11.375,5.5],"tintindex":0,"rotation":0,"texture":"#2"},"north":{"uv":[11.125,4.875,11.375,5.125],"tintindex":0,"rotation":0,"texture":"#2"},"west":{"uv":[10.875,0.0,11.25,0.25],"tintindex":0,"rotation":0,"texture":"#2"},"up":{"uv":[1.75,11.25,1.5,10.875],"tintindex":0,"rotation":0,"texture":"#2"},"down":{"uv":[3.125,10.875,2.875,11.25],"tintindex":0,"rotation":0,"texture":"#2"}},"rotation":{"origin":[9.075535,2.8912601,8.125],"angle":-45.0,"axis":"z"}},{"from":[3.6149697,-12.212772,10.0],"to":[5.13452,-11.81106,10.0],"faces":{"south":{"uv":[11.625,11.0,11.875,11.125],"tintindex":0,"rotation":0,"texture":"#2"},"north":{"uv":[10.875,11.625,11.125,11.75],"tintindex":0,"rotation":0,"texture":"#2"}}},{"from":[5.6654696,-6.543547,6.9],"to":[8.86547,-4.3435464,10.1],"faces":{"east":{"uv":[10.75,7.5,11.125,7.75],"tintindex":0,"rotation":0,"texture":"#2"},"south":{"uv":[7.625,10.75,8.0,11.0],"tintindex":0,"rotation":0,"texture":"#2"},"north":{"uv":[10.75,7.125,11.125,7.375],"tintindex":0,"rotation":0,"texture":"#2"},"west":{"uv":[10.75,7.875,11.125,8.125],"tintindex":0,"rotation":0,"texture":"#2"},"up":{"uv":[9.5,10.625,9.125,10.25],"tintindex":0,"rotation":0,"texture":"#2"},"down":{"uv":[4.25,10.375,3.875,10.75],"tintindex":0,"rotation":0,"texture":"#2"}}},{"from":[9.45714,-13.152714,8.75],"to":[9.810694,-12.79916,8.75],"faces":{"south":{"uv":[1.0,11.875,1.125,12.0],"tintindex":0,"rotation":0,"texture":"#2"},"north":{"uv":[11.875,0.75,12.0,0.875],"tintindex":0,"rotation":0,"texture":"#2"}},"rotation":{"origin":[9.075535,2.8912601,8.125],"angle":-22.5,"axis":"z"}},{"from":[13.797271,-9.697815,7.5],"to":[14.59727,-7.897815,8.299999],"faces":{"east":{"uv":[9.5,11.5,9.625,11.75],"tintindex":0,"rotation":0,"texture":"#2"},"south":{"uv":[10.25,11.5,10.375,11.75],"tintindex":0,"rotation":0,"texture":"#2"},"north":{"uv":[8.625,11.5,8.75,11.75],"tintindex":0,"rotation":0,"texture":"#2"},"west":{"uv":[11.625,0.25,11.75,0.5],"tintindex":0,"rotation":0,"texture":"#2"},"up":{"uv":[11.875,9.375,11.75,9.25],"tintindex":0,"rotation":0,"texture":"#2"},"down":{"uv":[11.875,9.5,11.75,9.625],"tintindex":0,"rotation":0,"texture":"#2"}},"rotation":{"origin":[9.075535,2.8912601,8.125],"angle":-45.0,"axis":"z"}},{"from":[7.9205317,0.9641708,6.9],"to":[11.120532,9.164171,10.1],"faces":{"east":{"uv":[8.375,2.25,8.75,3.25],"tintindex":0,"rotation":0,"texture":"#2"},"south":{"uv":[4.75,8.5,5.125,9.5],"tintindex":0,"rotation":0,"texture":"#2"},"north":{"uv":[8.375,1.125,8.75,2.125],"tintindex":0,"rotation":0,"texture":"#2"},"west":{"uv":[5.25,8.5,5.625,9.5],"tintindex":0,"rotation":0,"texture":"#2"},"up":{"uv":[10.625,8.375,10.25,8.0],"tintindex":0,"rotation":0,"texture":"#2"},"down":{"uv":[8.5,10.25,8.125,10.625],"tintindex":0,"rotation":0,"texture":"#2"}}},{"from":[11.222369,-11.22817,9.58],"to":[12.062369,-9.38817,10.42],"faces":{"east":{"uv":[1.75,11.75,1.875,12.0],"tintindex":0,"rotation":0,"texture":"#2"},"south":{"uv":[2.0,11.75,2.125,12.0],"tintindex":0,"rotation":0,"texture":"#2"},"north":{"uv":[1.5,11.75,1.625,12.0],"tintindex":0,"rotation":0,"texture":"#2"},"west":{"uv":[2.25,11.75,2.375,12.0],"tintindex":0,"rotation":0,"texture":"#2"},"up":{"uv":[12.0,5.625,11.875,5.5],"tintindex":0,"rotation":0,"texture":"#2"},"down":{"uv":[12.0,5.75,11.875,5.875],"tintindex":0,"rotation":0,"texture":"#2"}},"rotation":{"origin":[9.075535,2.8912601,8.125],"angle":-22.5,"axis":"z"}},{"from":[11.222369,-11.22817,7.08],"to":[12.062369,-9.38817,7.92],"faces":{"east":{"uv":[11.625,1.25,11.75,1.5],"tintindex":0,"rotation":0,"texture":"#2"},"south":{"uv":[11.625,1.625,11.75,1.875],"tintindex":0,"rotation":0,"texture":"#2"},"north":{"uv":[11.625,0.875,11.75,1.125],"tintindex":0,"rotation":0,"texture":"#2"},"west":{"uv":[2.5,11.625,2.625,11.875],"tintindex":0,"rotation":0,"texture":"#2"},"up":{"uv":[11.875,9.875,11.75,9.75],"tintindex":0,"rotation":0,"texture":"#2"},"down":{"uv":[11.875,10.375,11.75,10.5],"tintindex":0,"rotation":0,"texture":"#2"}},"rotation":{"origin":[9.075535,2.8912601,8.125],"angle":-22.5,"axis":"z"}},{"from":[14.604214,-10.668602,7.9],"to":[15.005927,-9.149052,7.9],"faces":{"south":{"uv":[5.875,11.625,6.0,11.875],"tintindex":0,"rotation":0,"texture":"#2"},"north":{"uv":[11.625,5.625,11.75,5.875],"tintindex":0,"rotation":0,"texture":"#2"}},"rotation":{"origin":[9.075535,2.8912601,8.125],"angle":-45.0,"axis":"z"}},{"from":[8.865369,-11.905884,7.9],"to":[9.365369,-9.905884,7.9],"faces":{"south":{"uv":[5.625,11.625,5.75,11.875],"tintindex":0,"rotation":0,"texture":"#2"},"north":{"uv":[5.375,11.625,5.5,11.875],"tintindex":0,"rotation":0,"texture":"#2"}},"rotation":{"origin":[9.075535,2.8912601,8.125],"angle":-22.5,"axis":"z"}},{"from":[8.824343,-5.151924,7.0],"to":[11.824343,1.8480759,10.0],"faces":{"east":{"uv":[8.875,8.25,9.25,9.125],"tintindex":0,"rotation":0,"texture":"#2"},"south":{"uv":[0.5,9.0,0.875,9.875],"tintindex":0,"rotation":0,"texture":"#2"},"north":{"uv":[8.875,7.25,9.25,8.125],"tintindex":0,"rotation":0,"texture":"#2"},"west":{"uv":[9.125,0.0,9.5,0.875],"tintindex":0,"rotation":0,"texture":"#2"},"up":{"uv":[10.625,8.875,10.25,8.5],"tintindex":0,"rotation":0,"texture":"#2"},"down":{"uv":[10.625,9.0,10.25,9.375],"tintindex":0,"rotation":0,"texture":"#2"}},"rotation":{"origin":[9.075535,2.8912601,8.125],"angle":-22.5,"axis":"z"}},{"from":[-0.59639966,-9.176413,9.6],"to":[1.2036003,-8.376413,10.4],"faces":{"east":{"uv":[4.5,11.875,4.625,12.0],"tintindex":0,"rotation":0,"texture":"#2"},"south":{"uv":[0.0,11.75,0.25,11.875],"tintindex":0,"rotation":0,"texture":"#2"},"north":{"uv":[11.625,11.5,11.875,11.625],"tintindex":0,"rotation":0,"texture":"#2"},"west":{"uv":[5.0,11.875,5.125,12.0],"tintindex":0,"rotation":0,"texture":"#2"},"up":{"uv":[12.0,0.125,11.75,0.0],"tintindex":0,"rotation":0,"texture":"#2"},"down":{"uv":[0.875,11.75,0.625,11.875],"tintindex":0,"rotation":0,"texture":"#2"}},"rotation":{"origin":[9.075535,2.8912601,8.125],"angle":22.5,"axis":"z"}},{"from":[-1.7494326,-8.973379,10.0],"to":[0.25056744,-8.473379,10.0],"faces":{"south":{"uv":[11.625,11.25,11.875,11.375],"tintindex":0,"rotation":0,"texture":"#2"},"north":{"uv":[11.25,11.625,11.5,11.75],"tintindex":0,"rotation":0,"texture":"#2"}},"rotation":{"origin":[9.075535,2.8912601,8.125],"angle":22.5,"axis":"z"}},{"from":[11.222369,-11.22817,8.33],"to":[12.062369,-9.38817,9.17],"faces":{"east":{"uv":[8.25,11.625,8.375,11.875],"tintindex":0,"rotation":0,"texture":"#2"},"south":{"uv":[11.625,8.5,11.75,8.75],"tintindex":0,"rotation":0,"texture":"#2"},"north":{"uv":[11.625,8.125,11.75,8.375],"tintindex":0,"rotation":0,"texture":"#2"},"west":{"uv":[11.625,8.875,11.75,9.125],"tintindex":0,"rotation":0,"texture":"#2"},"up":{"uv":[12.0,1.375,11.875,1.25],"tintindex":0,"rotation":0,"texture":"#2"},"down":{"uv":[12.0,1.5,11.875,1.625],"tintindex":0,"rotation":0,"texture":"#2"}},"rotation":{"origin":[9.075535,2.8912601,8.125],"angle":-22.5,"axis":"z"}},{"from":[-0.59639966,-9.176413,8.35],"to":[1.2036003,-8.376413,9.15],"faces":{"east":{"uv":[11.875,1.75,12.0,1.875],"tintindex":0,"rotation":0,"texture":"#2"},"south":{"uv":[11.625,10.125,11.875,10.25],"tintindex":0,"rotation":0,"texture":"#2"},"north":{"uv":[9.75,11.625,10.0,11.75],"tintindex":0,"rotation":0,"texture":"#2"},"west":{"uv":[3.75,11.875,3.875,12.0],"tintindex":0,"rotation":0,"texture":"#2"},"up":{"uv":[10.75,11.75,10.5,11.625],"tintindex":0,"rotation":0,"texture":"#2"},"down":{"uv":[11.875,10.75,11.625,10.875],"tintindex":0,"rotation":0,"texture":"#2"}},"rotation":{"origin":[9.075535,2.8912601,8.125],"angle":22.5,"axis":"z"}},{"from":[9.45714,-13.152714,7.5],"to":[9.810694,-12.79916,7.5],"faces":{"south":{"uv":[11.875,0.5,12.0,0.625],"tintindex":0,"rotation":0,"texture":"#2"},"north":{"uv":[0.375,11.875,0.5,12.0],"tintindex":0,"rotation":0,"texture":"#2"}},"rotation":{"origin":[9.075535,2.8912601,8.125],"angle":-22.5,"axis":"z"}},{"from":[3.6149697,-12.212772,7.5],"to":[5.13452,-11.81106,7.5],"faces":{"south":{"uv":[5.0,11.625,5.25,11.75],"tintindex":0,"rotation":0,"texture":"#2"},"north":{"uv":[11.625,4.5,11.875,4.625],"tintindex":0,"rotation":0,"texture":"#2"}}}],"display":{"gui":{"rotation":[-150.0,-45.0,180.0]}}}