{"textures":{"2":"modelengine:entity/em_corruptedpuker","particle":"#2"},"elements":[{"from":[6.1,-12.233017,1.969266],"to":[8.9,-5.433018,4.7692666],"faces":{"east":{"uv":[6.25,8.75,6.625,9.625],"tintindex":0,"rotation":0,"texture":"#2"},"south":{"uv":[0.0,8.875,0.375,9.75],"tintindex":0,"rotation":0,"texture":"#2"},"north":{"uv":[4.125,8.75,4.5,9.625],"tintindex":0,"rotation":0,"texture":"#2"},"west":{"uv":[8.875,1.0,9.25,1.875],"tintindex":0,"rotation":0,"texture":"#2"},"up":{"uv":[10.625,7.875,10.25,7.5],"tintindex":0,"rotation":0,"texture":"#2"},"down":{"uv":[8.0,10.25,7.625,10.625],"tintindex":0,"rotation":0,"texture":"#2"}},"rotation":{"origin":[8.0,2.404482,5.3692665],"angle":-22.5,"axis":"x"}},{"from":[6.0,-12.672382,7.1686306],"to":[9.0,-10.672382,10.168631],"faces":{"east":{"uv":[6.625,10.75,7.0,11.0],"tintindex":0,"rotation":0,"texture":"#2"},"south":{"uv":[10.75,6.75,11.125,7.0],"tintindex":0,"rotation":0,"texture":"#2"},"north":{"uv":[10.75,6.375,11.125,6.625],"tintindex":0,"rotation":0,"texture":"#2"},"west":{"uv":[7.125,10.75,7.5,11.0],"tintindex":0,"rotation":0,"texture":"#2"},"up":{"uv":[10.625,6.875,10.25,6.5],"tintindex":0,"rotation":0,"texture":"#2"},"down":{"uv":[7.0,10.25,6.625,10.625],"tintindex":0,"rotation":0,"texture":"#2"}}},{"from":[6.0,-5.595518,1.869266],"to":[9.0,0.4044819,4.8692665],"faces":{"east":{"uv":[9.5,2.75,9.875,3.5],"tintindex":0,"rotation":0,"texture":"#2"},"south":{"uv":[9.5,5.25,9.875,6.0],"tintindex":0,"rotation":0,"texture":"#2"},"north":{"uv":[9.375,8.75,9.75,9.5],"tintindex":0,"rotation":0,"texture":"#2"},"west":{"uv":[5.75,9.5,6.125,10.25],"tintindex":0,"rotation":0,"texture":"#2"},"up":{"uv":[10.625,7.375,10.25,7.0],"tintindex":0,"rotation":0,"texture":"#2"},"down":{"uv":[7.5,10.25,7.125,10.625],"tintindex":0,"rotation":0,"texture":"#2"}},"rotation":{"origin":[8.0,2.404482,5.3692665],"angle":-22.5,"axis":"x"}},{"from":[5.75,-2.0,6.5],"to":[9.75,8.0,9.5],"faces":{"east":{"uv":[5.875,7.125,6.25,8.375],"tintindex":0,"rotation":0,"texture":"#2"},"south":{"uv":[0.625,6.5,1.125,7.75],"tintindex":0,"rotation":0,"texture":"#2"},"north":{"uv":[0.0,6.5,0.5,7.75],"tintindex":0,"rotation":0,"texture":"#2"},"west":{"uv":[7.25,2.625,7.625,3.875],"tintindex":0,"rotation":0,"texture":"#2"},"up":{"uv":[10.375,4.875,9.875,4.5],"tintindex":0,"rotation":0,"texture":"#2"},"down":{"uv":[0.875,10.0,0.375,10.375],"tintindex":0,"rotation":0,"texture":"#2"}},"rotation":{"origin":[8.0,8.0,8.0],"angle":22.5,"axis":"x"}}],"display":{"gui":{"rotation":[-150.0,-45.0,180.0]}}}