{"textures":{"1":"modelengine:entity/em_nothingness","particle":"#1"},"elements":[{"from":[8.0,-8.0,-8.0],"to":[8.0,24.0,24.0],"faces":{"east":{"uv":[4.0,0.0,5.0,1.0],"tintindex":0,"rotation":0,"texture":"#1"},"west":{"uv":[5.0,0.0,4.0,1.0],"tintindex":0,"rotation":0,"texture":"#1"}}},{"from":[-8.0,-8.0,8.0],"to":[24.0,24.0,8.0],"faces":{"south":{"uv":[4.0,0.0,5.0,1.0],"tintindex":0,"rotation":0,"texture":"#1"},"north":{"uv":[5.0,0.0,4.0,1.0],"tintindex":0,"rotation":0,"texture":"#1"}}}],"display":{"gui":{"rotation":[-150.0,-45.0,180.0]}}}