{"textures":{"2":"modelengine:entity/em_darklurker","particle":"#2"},"elements":[{"from":[5.93333,9.75,6.5],"to":[9.933331,13.75,8.5],"faces":{"east":{"uv":[0.375,6.375,0.625,6.875],"tintindex":0,"rotation":0,"texture":"#2"},"south":{"uv":[2.25,5.0,2.75,5.5],"tintindex":0,"rotation":0,"texture":"#2"},"north":{"uv":[5.0,1.875,5.5,2.375],"tintindex":0,"rotation":0,"texture":"#2"},"west":{"uv":[6.375,2.625,6.625,3.125],"tintindex":0,"rotation":0,"texture":"#2"},"up":{"uv":[7.0,3.5,6.5,3.25],"tintindex":0,"rotation":0,"texture":"#2"},"down":{"uv":[7.0,3.625,6.5,3.875],"tintindex":0,"rotation":0,"texture":"#2"}}},{"from":[3.93333,13.75,5.5],"to":[11.933331,20.75,9.5],"faces":{"east":{"uv":[3.375,3.5,3.875,4.375],"tintindex":0,"rotation":0,"texture":"#2"},"south":{"uv":[0.0,2.25,1.0,3.125],"tintindex":0,"rotation":0,"texture":"#2"},"north":{"uv":[2.125,2.0,3.125,2.875],"tintindex":0,"rotation":0,"texture":"#2"},"west":{"uv":[1.125,4.0,1.625,4.875],"tintindex":0,"rotation":0,"texture":"#2"},"up":{"uv":[4.25,1.5,3.25,1.0],"tintindex":0,"rotation":0,"texture":"#2"},"down":{"uv":[4.25,1.625,3.25,2.125],"tintindex":0,"rotation":0,"texture":"#2"}}},{"from":[9.38333,8.7,6.45],"to":[11.483331,9.8,9.55],"faces":{"east":{"uv":[1.875,7.625,2.25,7.75],"tintindex":0,"rotation":0,"texture":"#2"},"south":{"uv":[7.25,8.0,7.5,8.125],"tintindex":0,"rotation":0,"texture":"#2"},"north":{"uv":[6.875,8.0,7.125,8.125],"tintindex":0,"rotation":0,"texture":"#2"},"west":{"uv":[7.625,2.0,8.0,2.125],"tintindex":0,"rotation":0,"texture":"#2"},"up":{"uv":[3.75,7.125,3.5,6.75],"tintindex":0,"rotation":0,"texture":"#2"},"down":{"uv":[7.125,0.5,6.875,0.875],"tintindex":0,"rotation":0,"texture":"#2"}},"rotation":{"origin":[10.433331,9.25,8.0],"angle":22.5,"axis":"z"}},{"from":[11.933331,20.75,9.5],"to":[3.93333,13.75,5.5],"faces":{"east":{"uv":[1.75,4.0,2.25,4.875],"tintindex":0,"rotation":0,"texture":"#2"},"south":{"uv":[3.25,0.0,4.25,0.875],"tintindex":0,"rotation":0,"texture":"#2"},"north":{"uv":[0.0,3.25,1.0,4.125],"tintindex":0,"rotation":0,"texture":"#2"},"west":{"uv":[2.375,4.0,2.875,4.875],"tintindex":0,"rotation":0,"texture":"#2"},"up":{"uv":[4.25,2.75,3.25,2.25],"tintindex":0,"rotation":0,"texture":"#2"},"down":{"uv":[4.375,2.875,3.375,3.375],"tintindex":0,"rotation":0,"texture":"#2"}}},{"from":[6.93333,13.75,9.0],"to":[8.93333,19.75,10.0],"faces":{"east":{"uv":[5.875,6.625,6.0,7.375],"tintindex":0,"rotation":0,"texture":"#2"},"south":{"uv":[0.0,6.375,0.25,7.125],"tintindex":0,"rotation":0,"texture":"#2"},"north":{"uv":[6.125,6.25,6.375,7.0],"tintindex":0,"rotation":0,"texture":"#2"},"west":{"uv":[3.25,6.75,3.375,7.5],"tintindex":0,"rotation":0,"texture":"#2"},"up":{"uv":[5.625,8.125,5.375,8.0],"tintindex":0,"rotation":0,"texture":"#2"},"down":{"uv":[6.75,8.0,6.5,8.125],"tintindex":0,"rotation":0,"texture":"#2"}}},{"from":[4.38333,8.7,6.45],"to":[6.4833302,9.8,9.55],"faces":{"east":{"uv":[7.625,2.25,8.0,2.375],"tintindex":0,"rotation":0,"texture":"#2"},"south":{"uv":[8.0,7.75,8.25,7.875],"tintindex":0,"rotation":0,"texture":"#2"},"north":{"uv":[8.0,7.5,8.25,7.625],"tintindex":0,"rotation":0,"texture":"#2"},"west":{"uv":[3.0,7.625,3.375,7.75],"tintindex":0,"rotation":0,"texture":"#2"},"up":{"uv":[1.0,7.25,0.75,6.875],"tintindex":0,"rotation":0,"texture":"#2"},"down":{"uv":[7.125,1.0,6.875,1.375],"tintindex":0,"rotation":0,"texture":"#2"}},"rotation":{"origin":[5.43333,9.25,8.0],"angle":-22.5,"axis":"z"}},{"from":[4.93333,8.75,6.5],"to":[10.933331,9.75,9.5],"faces":{"east":{"uv":[7.625,1.5,8.0,1.625],"tintindex":0,"rotation":0,"texture":"#2"},"south":{"uv":[6.625,5.875,7.375,6.0],"tintindex":0,"rotation":0,"texture":"#2"},"north":{"uv":[1.125,2.75,1.875,2.875],"tintindex":0,"rotation":0,"texture":"#2"},"west":{"uv":[7.625,1.75,8.0,1.875],"tintindex":0,"rotation":0,"texture":"#2"},"up":{"uv":[1.875,2.625,1.125,2.25],"tintindex":0,"rotation":0,"texture":"#2"},"down":{"uv":[5.25,4.5,4.5,4.875],"tintindex":0,"rotation":0,"texture":"#2"}}},{"from":[6.93333,9.75,8.5],"to":[8.93333,13.75,9.5],"faces":{"east":{"uv":[3.875,6.75,4.0,7.25],"tintindex":0,"rotation":0,"texture":"#2"},"south":{"uv":[2.25,6.625,2.5,7.125],"tintindex":0,"rotation":0,"texture":"#2"},"north":{"uv":[1.875,6.625,2.125,7.125],"tintindex":0,"rotation":0,"texture":"#2"},"west":{"uv":[3.0,7.0,3.125,7.5],"tintindex":0,"rotation":0,"texture":"#2"},"up":{"uv":[4.25,8.125,4.0,8.0],"tintindex":0,"rotation":0,"texture":"#2"},"down":{"uv":[8.25,5.125,8.0,5.25],"tintindex":0,"rotation":0,"texture":"#2"}}}],"display":{"gui":{"rotation":[-150.0,-45.0,180.0]}}}