{"textures":{"2":"modelengine:entity/em_darklurker","particle":"#2"},"elements":[{"from":[6.5,0.0,6.5],"to":[9.5,8.0,9.5],"faces":{"east":{"uv":[0.0,4.25,0.375,5.25],"tintindex":0,"rotation":0,"texture":"#2"},"south":{"uv":[0.5,4.25,0.875,5.25],"tintindex":0,"rotation":0,"texture":"#2"},"north":{"uv":[4.0,3.5,4.375,4.5],"tintindex":0,"rotation":0,"texture":"#2"},"west":{"uv":[4.375,0.0,4.75,1.0],"tintindex":0,"rotation":0,"texture":"#2"},"up":{"uv":[6.75,1.0,6.375,0.625],"tintindex":0,"rotation":0,"texture":"#2"},"down":{"uv":[6.75,1.125,6.375,1.5],"tintindex":0,"rotation":0,"texture":"#2"}},"rotation":{"origin":[8.0,8.0,8.0],"angle":22.5,"axis":"x"}},{"from":[7.0,-1.6955204,2.9692702],"to":[9.0,2.3044796,5.9692698],"faces":{"east":{"uv":[6.125,4.375,6.5,4.875],"tintindex":0,"rotation":0,"texture":"#2"},"south":{"uv":[4.5,6.5,4.75,7.0],"tintindex":0,"rotation":0,"texture":"#2"},"north":{"uv":[5.25,6.375,5.5,6.875],"tintindex":0,"rotation":0,"texture":"#2"},"west":{"uv":[6.125,5.0,6.5,5.5],"tintindex":0,"rotation":0,"texture":"#2"},"up":{"uv":[3.25,4.375,3.0,4.0],"tintindex":0,"rotation":0,"texture":"#2"},"down":{"uv":[6.875,5.375,6.625,5.75],"tintindex":0,"rotation":0,"texture":"#2"}},"rotation":{"origin":[8.0,4.3044796,6.4692698],"angle":-22.5,"axis":"x"}},{"from":[7.1,-8.333019,3.0692701],"to":[8.9,-1.5330197,4.86927],"faces":{"east":{"uv":[1.875,5.625,2.125,6.5],"tintindex":0,"rotation":0,"texture":"#2"},"south":{"uv":[5.625,2.0,5.875,2.875],"tintindex":0,"rotation":0,"texture":"#2"},"north":{"uv":[1.5,5.625,1.75,6.5],"tintindex":0,"rotation":0,"texture":"#2"},"west":{"uv":[2.25,5.625,2.5,6.5],"tintindex":0,"rotation":0,"texture":"#2"},"up":{"uv":[7.5,6.375,7.25,6.125],"tintindex":0,"rotation":0,"texture":"#2"},"down":{"uv":[6.75,7.25,6.5,7.5],"tintindex":0,"rotation":0,"texture":"#2"}},"rotation":{"origin":[8.0,4.3044796,6.4692698],"angle":-22.5,"axis":"x"}},{"from":[7.0,-8.67238,7.66863],"to":[9.0,-6.6723804,9.66863],"faces":{"east":{"uv":[6.875,7.25,7.125,7.5],"tintindex":0,"rotation":0,"texture":"#2"},"south":{"uv":[7.25,6.875,7.5,7.125],"tintindex":0,"rotation":0,"texture":"#2"},"north":{"uv":[7.25,6.5,7.5,6.75],"tintindex":0,"rotation":0,"texture":"#2"},"west":{"uv":[7.25,7.25,7.5,7.5],"tintindex":0,"rotation":0,"texture":"#2"},"up":{"uv":[0.625,7.625,0.375,7.375],"tintindex":0,"rotation":0,"texture":"#2"},"down":{"uv":[1.0,7.375,0.75,7.625],"tintindex":0,"rotation":0,"texture":"#2"}}}],"display":{"gui":{"rotation":[-150.0,-45.0,180.0]}}}