{"textures":{"2":"modelengine:entity/em_darklurker","particle":"#2"},"elements":[{"from":[8.1538,-11.958429,7.5],"to":[8.50736,-11.604879,7.5],"faces":{"south":{"uv":[7.125,8.25,7.25,8.375],"tintindex":0,"rotation":0,"texture":"#2"},"north":{"uv":[6.875,8.25,7.0,8.375],"tintindex":0,"rotation":0,"texture":"#2"}},"rotation":{"origin":[9.07553,2.8912601,8.125],"angle":-22.5,"axis":"z"}},{"from":[8.1538,-11.958429,8.75],"to":[8.50736,-11.604879,8.75],"faces":{"south":{"uv":[7.625,8.25,7.75,8.375],"tintindex":0,"rotation":0,"texture":"#2"},"north":{"uv":[7.375,8.25,7.5,8.375],"tintindex":0,"rotation":0,"texture":"#2"}},"rotation":{"origin":[9.07553,2.8912601,8.125],"angle":-22.5,"axis":"z"}},{"from":[12.943049,-10.06399,7.5],"to":[13.3447695,-8.544439,7.5],"faces":{"south":{"uv":[8.125,2.875,8.25,3.125],"tintindex":0,"rotation":0,"texture":"#2"},"north":{"uv":[2.625,8.125,2.75,8.375],"tintindex":0,"rotation":0,"texture":"#2"}},"rotation":{"origin":[9.07553,2.8912601,8.125],"angle":-45.0,"axis":"z"}},{"from":[7.56203,-10.711599,7.5],"to":[8.06203,-8.711599,7.5],"faces":{"south":{"uv":[3.625,8.125,3.75,8.375],"tintindex":0,"rotation":0,"texture":"#2"},"north":{"uv":[8.125,3.25,8.25,3.5],"tintindex":0,"rotation":0,"texture":"#2"}},"rotation":{"origin":[9.07553,2.8912601,8.125],"angle":-22.5,"axis":"z"}},{"from":[-1.82654,-7.207299,7.5],"to":[0.17346,-6.707299,7.5],"faces":{"south":{"uv":[8.125,0.0,8.25,0.25],"tintindex":0,"rotation":90,"texture":"#2"},"north":{"uv":[8.0,8.0,8.125,8.25],"tintindex":0,"rotation":270,"texture":"#2"}},"rotation":{"origin":[9.07553,2.8912601,8.125],"angle":22.5,"axis":"z"}},{"from":[2.8678799,-10.61063,8.75],"to":[4.38743,-10.20892,8.75],"faces":{"south":{"uv":[8.125,2.625,8.375,2.75],"tintindex":0,"rotation":0,"texture":"#2"},"north":{"uv":[8.125,2.375,8.375,2.5],"tintindex":0,"rotation":0,"texture":"#2"}}},{"from":[-0.67350996,-7.4103293,8.35],"to":[1.12649,-6.610329,9.15],"faces":{"east":{"uv":[6.5,8.375,6.375,8.25],"tintindex":0,"rotation":90,"texture":"#2"},"south":{"uv":[1.0,8.0,1.125,8.25],"tintindex":0,"rotation":90,"texture":"#2"},"north":{"uv":[0.5,8.0,0.625,8.25],"tintindex":0,"rotation":270,"texture":"#2"},"west":{"uv":[6.75,8.25,6.625,8.375],"tintindex":0,"rotation":90,"texture":"#2"},"up":{"uv":[8.0,1.125,8.125,1.375],"tintindex":0,"rotation":90,"texture":"#2"},"down":{"uv":[8.0,0.75,8.125,1.0],"tintindex":0,"rotation":90,"texture":"#2"}},"rotation":{"origin":[9.07553,2.8912601,8.125],"angle":22.5,"axis":"z"}},{"from":[2.8678799,-10.61063,7.5],"to":[4.38743,-10.20892,7.5],"faces":{"south":{"uv":[8.125,1.75,8.375,1.875],"tintindex":0,"rotation":0,"texture":"#2"},"north":{"uv":[8.125,1.5,8.375,1.625],"tintindex":0,"rotation":0,"texture":"#2"}}},{"from":[9.544311,-7.2923393,6.88],"to":[10.78431,-5.0523396,9.12],"faces":{"east":{"uv":[4.75,7.5,5.0,7.75],"tintindex":0,"rotation":0,"texture":"#2"},"south":{"uv":[1.5,8.0,1.625,8.25],"tintindex":0,"rotation":0,"texture":"#2"},"north":{"uv":[1.25,8.0,1.375,8.25],"tintindex":0,"rotation":0,"texture":"#2"},"west":{"uv":[5.875,7.5,6.125,7.75],"tintindex":0,"rotation":0,"texture":"#2"},"up":{"uv":[2.5,8.25,2.375,8.0],"tintindex":0,"rotation":0,"texture":"#2"},"down":{"uv":[3.5,8.0,3.375,8.25],"tintindex":0,"rotation":0,"texture":"#2"}},"rotation":{"origin":[9.07553,2.8912601,8.125],"angle":-22.5,"axis":"z"}},{"from":[-1.82654,-7.207299,8.75],"to":[0.17346,-6.707299,8.75],"faces":{"south":{"uv":[8.125,2.0,8.25,2.25],"tintindex":0,"rotation":90,"texture":"#2"},"north":{"uv":[0.75,8.125,0.875,8.375],"tintindex":0,"rotation":270,"texture":"#2"}},"rotation":{"origin":[9.07553,2.8912601,8.125],"angle":22.5,"axis":"z"}},{"from":[12.589271,-8.881887,7.1],"to":[13.38927,-7.0818887,7.9],"faces":{"east":{"uv":[7.875,4.375,8.0,4.625],"tintindex":0,"rotation":0,"texture":"#2"},"south":{"uv":[4.625,7.875,4.75,8.125],"tintindex":0,"rotation":0,"texture":"#2"},"north":{"uv":[4.375,7.875,4.5,8.125],"tintindex":0,"rotation":0,"texture":"#2"},"west":{"uv":[7.875,4.75,8.0,5.0],"tintindex":0,"rotation":0,"texture":"#2"},"up":{"uv":[4.25,8.375,4.125,8.25],"tintindex":0,"rotation":0,"texture":"#2"},"down":{"uv":[4.5,8.25,4.375,8.375],"tintindex":0,"rotation":0,"texture":"#2"}},"rotation":{"origin":[9.07553,2.8912601,8.125],"angle":-45.0,"axis":"z"}},{"from":[-0.67350996,-7.4103293,7.1],"to":[1.12649,-6.610329,7.9],"faces":{"east":{"uv":[5.5,8.375,5.375,8.25],"tintindex":0,"rotation":90,"texture":"#2"},"south":{"uv":[7.875,6.75,8.0,7.0],"tintindex":0,"rotation":90,"texture":"#2"},"north":{"uv":[6.25,7.875,6.375,8.125],"tintindex":0,"rotation":270,"texture":"#2"},"west":{"uv":[5.75,8.25,5.625,8.375],"tintindex":0,"rotation":90,"texture":"#2"},"up":{"uv":[7.875,7.125,8.0,7.375],"tintindex":0,"rotation":90,"texture":"#2"},"down":{"uv":[7.875,6.375,8.0,6.625],"tintindex":0,"rotation":90,"texture":"#2"}},"rotation":{"origin":[9.07553,2.8912601,8.125],"angle":22.5,"axis":"z"}},{"from":[5.2286797,-9.603569,7.08],"to":[6.06868,-7.763569,7.92],"faces":{"east":{"uv":[5.75,7.875,5.875,8.125],"tintindex":0,"rotation":0,"texture":"#2"},"south":{"uv":[6.0,7.875,6.125,8.125],"tintindex":0,"rotation":0,"texture":"#2"},"north":{"uv":[4.875,7.875,5.0,8.125],"tintindex":0,"rotation":0,"texture":"#2"},"west":{"uv":[7.875,6.0,8.0,6.25],"tintindex":0,"rotation":0,"texture":"#2"},"up":{"uv":[4.75,8.375,4.625,8.25],"tintindex":0,"rotation":0,"texture":"#2"},"down":{"uv":[5.0,8.25,4.875,8.375],"tintindex":0,"rotation":0,"texture":"#2"}},"rotation":{"origin":[5.6486797,-8.683569,7.5],"angle":-22.5,"axis":"z"}},{"from":[-1.6133499,-6.0107594,7.5],"to":[-1.2597904,-5.6572094,7.5],"faces":{"south":{"uv":[8.25,8.25,8.375,8.375],"tintindex":0,"rotation":90,"texture":"#2"},"north":{"uv":[8.25,8.0,8.375,8.125],"tintindex":0,"rotation":270,"texture":"#2"}},"rotation":{"origin":[9.07553,2.8912601,8.125],"angle":22.5,"axis":"z"}},{"from":[8.02053,-3.9358292,7.0],"to":[10.02053,3.0641708,9.0],"faces":{"east":{"uv":[0.75,5.625,1.0,6.5],"tintindex":0,"rotation":0,"texture":"#2"},"south":{"uv":[5.625,1.0,5.875,1.875],"tintindex":0,"rotation":0,"texture":"#2"},"north":{"uv":[5.5,0.0,5.75,0.875],"tintindex":0,"rotation":0,"texture":"#2"},"west":{"uv":[1.125,5.625,1.375,6.5],"tintindex":0,"rotation":0,"texture":"#2"},"up":{"uv":[7.5,0.625,7.25,0.375],"tintindex":0,"rotation":0,"texture":"#2"},"down":{"uv":[7.5,0.75,7.25,1.0],"tintindex":0,"rotation":0,"texture":"#2"}},"rotation":{"origin":[9.07553,2.8912601,8.125],"angle":-22.5,"axis":"z"}},{"from":[7.92053,2.964171,6.9],"to":[10.12053,9.164171,9.1],"faces":{"east":{"uv":[6.0,1.75,6.25,2.5],"tintindex":0,"rotation":0,"texture":"#2"},"south":{"uv":[6.0,2.625,6.25,3.375],"tintindex":0,"rotation":0,"texture":"#2"},"north":{"uv":[6.0,0.875,6.25,1.625],"tintindex":0,"rotation":0,"texture":"#2"},"west":{"uv":[6.125,3.5,6.375,4.25],"tintindex":0,"rotation":0,"texture":"#2"},"up":{"uv":[6.375,7.375,6.125,7.125],"tintindex":0,"rotation":0,"texture":"#2"},"down":{"uv":[0.25,7.25,0.0,7.5],"tintindex":0,"rotation":0,"texture":"#2"}}},{"from":[9.91903,-10.033888,8.33],"to":[10.75903,-8.193888,9.17],"faces":{"east":{"uv":[0.0,8.0,0.125,8.25],"tintindex":0,"rotation":0,"texture":"#2"},"south":{"uv":[0.25,8.0,0.375,8.25],"tintindex":0,"rotation":0,"texture":"#2"},"north":{"uv":[7.75,7.875,7.875,8.125],"tintindex":0,"rotation":0,"texture":"#2"},"west":{"uv":[8.0,0.375,8.125,0.625],"tintindex":0,"rotation":0,"texture":"#2"},"up":{"uv":[6.0,8.375,5.875,8.25],"tintindex":0,"rotation":0,"texture":"#2"},"down":{"uv":[6.25,8.25,6.125,8.375],"tintindex":0,"rotation":0,"texture":"#2"}},"rotation":{"origin":[9.07553,2.8912601,8.125],"angle":-22.5,"axis":"z"}},{"from":[5.3882203,-5.1124187,6.9],"to":[7.58822,-2.9124188,9.1],"faces":{"east":{"uv":[7.25,1.125,7.5,1.375],"tintindex":0,"rotation":0,"texture":"#2"},"south":{"uv":[1.5,7.25,1.75,7.5],"tintindex":0,"rotation":0,"texture":"#2"},"north":{"uv":[1.125,7.25,1.375,7.5],"tintindex":0,"rotation":0,"texture":"#2"},"west":{"uv":[7.25,1.5,7.5,1.75],"tintindex":0,"rotation":0,"texture":"#2"},"up":{"uv":[2.125,7.5,1.875,7.25],"tintindex":0,"rotation":0,"texture":"#2"},"down":{"uv":[7.5,1.875,7.25,2.125],"tintindex":0,"rotation":0,"texture":"#2"}}},{"from":[12.78926,-7.4846096,7.0],"to":[14.78926,-5.4846096,9.0],"faces":{"east":{"uv":[7.25,2.25,7.5,2.5],"tintindex":0,"rotation":0,"texture":"#2"},"south":{"uv":[3.5,7.25,3.75,7.5],"tintindex":0,"rotation":0,"texture":"#2"},"north":{"uv":[2.25,7.25,2.5,7.5],"tintindex":0,"rotation":0,"texture":"#2"},"west":{"uv":[7.25,4.25,7.5,4.5],"tintindex":0,"rotation":0,"texture":"#2"},"up":{"uv":[7.5,4.875,7.25,4.625],"tintindex":0,"rotation":0,"texture":"#2"},"down":{"uv":[7.5,5.0,7.25,5.25],"tintindex":0,"rotation":0,"texture":"#2"}},"rotation":{"origin":[9.07553,2.8912601,8.125],"angle":-45.0,"axis":"z"}}],"display":{"gui":{"rotation":[-150.0,-45.0,180.0]}}}