{"textures":{"0":"modelengine:entity/cpblood_supershockwave","particle":"#0"},"elements":[{"from":[-10.666668,8.0,-10.666668],"to":[26.666668,8.0,26.666668],"faces":{"east":{"uv":[0.0,0.0,2.0,2.0],"tintindex":0,"rotation":0,"texture":"#0"},"west":{"uv":[2.0,0.0,0.0,2.0],"tintindex":0,"rotation":0,"texture":"#0"},"up":{"uv":[8.0,0.0,12.0,4.0],"tintindex":0,"rotation":180,"texture":"#0"},"down":{"uv":[8.0,4.0,12.0,0.0],"tintindex":0,"rotation":180,"texture":"#0"}}}],"display":{"gui":{"rotation":[-150.0,-45.0,180.0]}}}