{"textures":{"3":"modelengine:entity/corruptedblood_fx","particle":"#3"},"elements":[{"from":[-8.0,-8.0,7.5],"to":[24.0,24.0,7.5],"faces":{"south":{"uv":[2.0,8.0,0.0,10.0],"tintindex":0,"rotation":0,"texture":"#3"},"north":{"uv":[0.0,8.0,2.0,10.0],"tintindex":0,"rotation":0,"texture":"#3"}}},{"from":[8.0,-8.0,-7.5],"to":[8.0,24.0,24.5],"faces":{"east":{"uv":[0.0,8.0,2.0,10.0],"tintindex":0,"rotation":0,"texture":"#3"},"west":{"uv":[2.0,8.0,0.0,10.0],"tintindex":0,"rotation":0,"texture":"#3"}}}],"display":{"gui":{"rotation":[-150.0,-45.0,180.0]}}}