{"model":{"type":"range_dispatch","property":"custom_model_data","index":0,"fallback":{"model":"item/diamond_sword","type":"model"},"entries":[{"threshold":10000,"model":{"model":"plny_luminite_set:hammer","type":"model"}},{"threshold":10001,"model":{"model":"plny_luminite_set:mace","type":"model"}},{"threshold":10002,"model":{"model":"plny_luminite_set:scythe","type":"model"}},{"threshold":10003,"model":{"model":"plny_luminite_set:spear","type":"model"}},{"threshold":10004,"model":{"model":"plny_luminite_set:staff","type":"model"}},{"threshold":10005,"model":{"model":"item/diamond_sword","type":"model"}}]}}