{"model":{"type":"range_dispatch","property":"custom_model_data","index":0,"fallback":{"tints":[{"type":"potion","default":-13083194}],"model":"item/potion","type":"model"},"entries":[{"threshold":9926721,"model":{"tints":[{"type":"potion","default":-13083194}],"model":"plny_luminite_set:helmet","type":"model"}},{"threshold":9926722,"model":{"tints":[{"type":"potion","default":-13083194}],"model":"plny_luminite_set:wings_cosmetic","type":"model"}},{"threshold":9926723,"model":{"tints":[{"type":"potion","default":-13083194}],"model":"plny_luminite_set:wings_cosmetic_self","type":"model"}},{"threshold":9926724,"model":{"tints":[{"type":"potion","default":-13083194}],"model":"plny_luminite_set:wings_cosmetic_self_2","type":"model"}},{"threshold":9926725,"model":{"tints":[{"type":"potion","default":-13083194}],"model":"plny_luminite_set:wings_cosmetic_normal_2","type":"model"}},{"threshold":9926726,"model":{"tints":[{"type":"potion","default":-13083194}],"model":"item/potion","type":"model"}}]}}